Temperature,Humidity,Smoke_ADC,CO_ADC,Flame,LDR_ADC,LDR_Flicker,Motion,Label
24.25,60.31,33.0,211.0,0,2465.0,75.3,0,0
25.62,52.98,123.0,237.0,0,910.0,51.2,0,0
67.1,28.88,2177.0,931.0,0,1796.0,16.6,0,1
29.74,38.82,76.0,136.0,0,1514.0,33.3,1,0
30.92,77.25,2113.0,411.0,0,1431.0,31.4,1,0
87.11,24.35,3283.0,1918.0,1,215.0,506.3,1,1
41.75,60.46,1245.0,89.0,0,2683.0,63.5,1,0
57.99,76.08,1525.0,323.0,0,3053.0,55.7,1,0
78.53,29.83,2177.0,1669.0,1,344.0,427.8,0,1
43.11,77.33,1045.0,58.0,0,2906.0,15.7,1,0
41.02,75.17,1414.0,436.0,0,2063.0,72.1,1,0
106.29,20.8,2817.0,3741.0,1,257.0,750.0,0,2
173.87,8.02,2972.0,3120.0,1,95.0,323.3,0,2
72.32,36.14,1410.0,1099.0,0,2673.0,73.1,1,1
43.64,29.33,1750.0,946.0,0,3076.0,64.7,1,1
156.8,6.52,3663.0,3449.0,1,326.0,874.5,1,2
93.44,34.48,2899.0,1942.0,1,80.0,647.1,0,1
43.53,50.94,878.0,1560.0,0,1684.0,5.9,1,1
191.8,23.73,4055.0,3916.0,1,298.0,813.8,0,2
60.64,41.49,1607.0,1622.0,0,3711.0,13.0,1,1
125.55,6.76,3596.0,2766.0,1,391.0,557.8,1,2
20.86,44.4,238.0,98.0,0,1938.0,41.4,1,0
62.27,85.63,1726.0,380.0,0,3171.0,76.9,1,0
61.97,23.98,1306.0,1552.0,0,2260.0,38.6,0,1
74.56,32.11,1009.0,1265.0,0,2188.0,75.2,1,1
46.65,70.09,1594.0,157.0,0,3394.0,21.8,1,0
143.68,9.41,3144.0,2798.0,1,87.0,719.9,0,2
63.13,71.75,1323.0,231.0,0,2874.0,32.5,1,0
36.58,72.03,1566.0,62.0,0,2152.0,2.3,1,0
84.9,29.72,1561.0,2606.0,0,3124.0,35.2,1,1
172.64,14.55,3709.0,3840.0,1,92.0,261.8,1,2
19.49,35.79,136.0,273.0,0,2335.0,8.6,0,0
58.0,35.25,2365.0,2466.0,0,2871.0,12.6,1,1
25.09,38.27,30.0,231.0,0,1593.0,63.1,1,0
23.79,50.36,89.0,21.0,0,2483.0,73.3,1,0
75.16,36.13,2846.0,2993.0,1,101.0,410.3,1,1
80.4,40.25,2236.0,2903.0,0,810.0,70.1,0,1
36.33,78.58,1032.0,415.0,0,2458.0,10.2,1,0
39.93,87.53,1149.0,287.0,0,2818.0,0.6,1,0
21.78,56.98,135.0,391.0,0,2598.0,50.7,1,0
99.63,6.43,3384.0,2552.0,1,59.0,424.4,0,2
77.18,14.8,3487.0,2080.0,0,3162.0,63.7,0,1
25.88,50.87,89.0,338.0,0,1654.0,8.8,0,0
57.42,88.96,1007.0,357.0,0,2993.0,72.3,1,0
76.43,34.53,1278.0,1533.0,1,312.0,831.7,0,1
41.52,58.34,1944.0,101.0,0,2187.0,45.0,1,0
30.2,56.47,1896.0,148.0,0,3766.0,46.0,1,0
159.01,28.44,2971.0,3963.0,1,157.0,775.8,1,2
63.48,85.91,1969.0,33.0,0,1693.0,1.9,1,0
22.47,45.46,26.0,162.0,0,878.0,46.0,1,0
103.68,21.59,2449.0,1525.0,1,383.0,728.2,1,1
59.96,35.22,3283.0,2524.0,0,1509.0,64.5,0,1
22.92,43.97,62.0,193.0,0,3167.0,31.4,0,0
63.47,51.28,1418.0,1898.0,0,2539.0,22.2,1,1
27.78,64.52,198.0,85.0,0,3450.0,69.8,1,0
73.92,24.47,1299.0,854.0,0,944.0,45.3,1,1
101.65,23.75,2966.0,2656.0,1,343.0,283.6,0,2
65.87,31.12,2807.0,1943.0,1,225.0,649.5,1,1
92.91,32.37,3066.0,4072.0,1,99.0,552.8,1,2
158.35,30.59,4041.0,3739.0,1,241.0,275.4,1,2
60.36,54.12,2390.0,1419.0,0,1238.0,4.0,0,1
63.92,52.88,1803.0,1994.0,1,202.0,854.4,0,1
191.99,23.79,3943.0,2935.0,1,169.0,560.1,1,2
24.84,38.01,243.0,131.0,0,3533.0,20.4,1,0
29.26,47.67,28.0,43.0,0,2297.0,43.6,0,0
78.63,18.94,3497.0,1691.0,1,176.0,727.5,0,1
70.07,35.81,1287.0,1540.0,0,1875.0,74.5,0,1
18.65,48.27,99.0,175.0,0,3766.0,69.3,1,0
83.16,38.28,953.0,1821.0,0,1182.0,15.7,0,1
135.62,33.06,3518.0,2846.0,1,346.0,275.5,0,2
137.39,34.14,3633.0,3025.0,1,371.0,279.3,0,2
96.36,29.06,2105.0,1723.0,1,332.0,751.3,1,1
21.54,51.41,244.0,60.0,0,2607.0,44.8,0,0
51.82,76.44,1920.0,88.0,0,3145.0,41.5,1,0
103.55,17.96,1537.0,2267.0,0,889.0,48.0,1,1
193.07,15.42,3756.0,3548.0,1,192.0,873.5,0,2
151.68,27.41,3836.0,2967.0,1,278.0,776.7,1,2
80.76,20.93,1711.0,1515.0,1,221.0,442.8,0,1
83.73,49.23,1911.0,1139.0,0,1414.0,4.7,0,1
25.84,62.2,117.0,77.0,0,2024.0,76.1,1,0
53.5,88.59,1678.0,262.0,0,2220.0,17.9,1,0
184.09,15.71,3729.0,3099.0,1,290.0,809.8,1,2
27.03,62.24,205.0,160.0,0,2761.0,42.6,0,0
28.83,60.65,177.0,178.0,0,1001.0,66.2,1,0
91.51,16.98,2713.0,2458.0,0,2438.0,48.5,1,1
66.23,26.61,1288.0,1699.0,0,2469.0,55.0,1,1
38.08,81.53,2128.0,330.0,0,2312.0,22.9,1,0
114.74,32.92,3240.0,2707.0,1,262.0,432.0,1,2
166.21,34.84,2827.0,2542.0,1,371.0,487.9,1,2
105.23,6.34,3377.0,3170.0,1,244.0,666.5,1,2
26.47,37.52,283.0,81.0,0,1187.0,47.3,1,0
42.26,75.57,1754.0,149.0,0,1061.0,68.6,1,0
18.75,41.95,161.0,270.0,0,2893.0,70.8,1,0
58.32,41.38,2743.0,2600.0,0,3767.0,22.4,0,1
58.64,19.26,1886.0,2225.0,1,200.0,203.5,0,1
105.95,10.28,3214.0,2920.0,0,1865.0,75.4,1,1
19.55,54.08,91.0,80.0,0,1142.0,70.2,1,0
26.44,43.81,84.0,400.0,0,2743.0,18.3,0,0
109.83,29.04,3233.0,3532.0,1,141.0,498.9,1,2
27.65,47.59,127.0,254.0,0,830.0,19.8,1,0
22.92,49.01,132.0,4.0,0,1499.0,43.6,1,0
104.44,17.53,1697.0,2751.0,0,2590.0,64.7,0,1
28.95,59.99,189.0,83.0,0,2640.0,76.4,1,0
27.4,60.27,209.0,110.0,0,3546.0,56.1,1,0
18.53,36.12,251.0,372.0,0,3390.0,30.1,0,0
135.52,34.12,4035.0,3610.0,1,117.0,876.8,1,2
144.87,29.18,3449.0,3179.0,1,360.0,335.6,0,2
109.03,28.14,4069.0,4068.0,1,362.0,364.0,1,2
48.04,43.48,1558.0,1697.0,0,1442.0,70.1,0,1
100.94,38.51,1892.0,2905.0,1,259.0,811.1,1,1
79.08,26.9,1778.0,2467.0,1,178.0,602.6,1,1
97.47,43.09,2393.0,1581.0,1,272.0,252.7,1,1
20.2,38.62,46.0,71.0,0,2979.0,3.2,0,0
144.21,26.28,3921.0,2811.0,1,158.0,520.1,1,2
159.61,28.1,3354.0,3532.0,1,110.0,697.8,1,2
61.22,86.56,1382.0,132.0,0,2347.0,74.5,1,0
177.74,19.66,3673.0,2789.0,1,362.0,564.5,0,2
29.27,69.05,1088.0,245.0,0,3215.0,28.8,1,0
23.91,35.25,127.0,2.0,0,3176.0,19.4,0,0
69.53,31.57,1652.0,1238.0,0,2216.0,29.1,0,1
63.88,33.41,1776.0,1391.0,1,89.0,324.0,1,1
137.12,23.42,3209.0,2817.0,1,121.0,362.0,0,2
56.15,71.0,1134.0,246.0,0,3386.0,38.5,1,0
78.7,48.53,1680.0,1235.0,1,93.0,240.8,0,1
39.66,78.47,2123.0,77.0,0,1378.0,62.5,1,0
40.4,57.26,1807.0,143.0,0,3164.0,47.4,1,0
107.74,13.56,2894.0,2519.0,1,390.0,378.4,1,2
67.35,43.53,1832.0,1195.0,0,1098.0,3.6,0,1
82.6,34.02,822.0,1480.0,0,1088.0,14.1,0,1
56.75,79.68,1609.0,232.0,0,2202.0,68.1,1,0
192.1,33.94,2866.0,3404.0,1,244.0,279.0,1,2
46.81,43.55,2298.0,968.0,0,2438.0,16.3,1,1
20.99,54.34,140.0,4.0,0,2274.0,70.0,1,0
28.1,52.96,41.0,262.0,0,2102.0,68.7,1,0
38.63,71.49,797.0,376.0,0,2411.0,7.2,1,0
195.01,20.33,2985.0,3201.0,1,304.0,359.9,0,2
98.41,41.1,1704.0,2680.0,1,351.0,581.4,0,1
63.97,84.12,1483.0,244.0,0,2607.0,16.3,1,0
106.6,37.26,2385.0,2045.0,0,3542.0,9.5,1,1
58.29,63.39,878.0,97.0,0,2557.0,38.8,1,0
159.36,10.36,3205.0,2935.0,1,118.0,547.2,0,2
21.85,50.31,71.0,84.0,0,2966.0,21.3,1,0
159.03,14.62,3835.0,3338.0,1,284.0,673.5,0,2
52.62,76.56,742.0,106.0,0,3100.0,18.0,1,0
31.81,70.97,1484.0,351.0,0,976.0,67.3,1,0
155.91,31.96,3656.0,3184.0,1,257.0,408.3,0,2
30.56,58.0,1768.0,253.0,0,1866.0,21.5,1,0
25.38,50.27,115.0,272.0,0,2654.0,18.2,0,0
54.67,83.77,1499.0,318.0,0,3688.0,78.9,1,0
24.3,35.61,112.0,68.0,0,1727.0,74.7,0,0
22.56,61.73,19.0,374.0,0,3748.0,78.0,1,0
51.03,50.39,1151.0,1900.0,0,2198.0,30.7,1,1
45.07,63.97,979.0,229.0,0,1245.0,70.2,1,0
178.71,11.13,2862.0,3750.0,1,134.0,362.0,1,2
69.58,34.37,1084.0,813.0,0,1576.0,14.4,0,1
18.26,54.0,249.0,138.0,0,3144.0,6.1,0,0
25.77,35.19,66.0,65.0,0,2339.0,71.4,1,0
47.34,70.03,1198.0,162.0,0,2957.0,30.2,1,0
199.25,27.95,3038.0,3298.0,1,357.0,591.0,1,2
84.39,48.95,1861.0,1102.0,0,1532.0,14.4,0,1
23.7,55.21,166.0,288.0,0,2627.0,39.8,1,0
29.94,68.72,1289.0,466.0,0,3736.0,10.4,1,0
75.19,37.4,862.0,1234.0,0,3588.0,46.0,0,1
176.49,21.54,3942.0,3669.0,1,326.0,434.5,1,2
75.26,21.45,1931.0,1988.0,0,2222.0,68.1,1,1
27.48,52.81,271.0,211.0,0,2905.0,57.8,0,0
108.82,7.43,4029.0,3135.0,1,183.0,870.4,1,2
47.64,68.06,1341.0,327.0,0,3114.0,26.5,1,0
106.82,42.71,2153.0,2371.0,1,104.0,731.1,1,1
27.16,42.11,231.0,133.0,0,2368.0,37.8,1,0
59.93,74.8,1883.0,287.0,0,1410.0,38.8,1,0
43.58,88.39,2127.0,213.0,0,1554.0,22.0,1,0
69.43,18.03,3458.0,1816.0,1,178.0,842.9,1,1
56.05,18.84,2622.0,2262.0,0,1939.0,56.7,1,1
38.49,75.24,728.0,380.0,0,3268.0,74.1,1,0
25.41,44.12,262.0,238.0,0,2631.0,13.5,1,0
82.78,26.55,1912.0,803.0,0,3112.0,29.1,1,1
25.47,38.08,26.0,80.0,0,1774.0,2.0,0,0
109.36,38.22,2712.0,2181.0,0,3285.0,27.0,0,1
87.97,49.24,1584.0,1302.0,0,3511.0,59.5,1,1
110.58,34.53,3158.0,3028.0,1,400.0,412.8,1,2
94.68,44.74,2692.0,2290.0,0,3140.0,61.4,1,1
91.57,11.63,2922.0,3604.0,1,264.0,419.8,1,2
55.02,86.71,1885.0,76.0,0,1093.0,8.9,1,0
179.89,18.83,4068.0,3401.0,1,342.0,702.5,0,2
24.13,45.54,105.0,165.0,0,978.0,13.3,0,0
26.85,35.31,268.0,23.0,0,1049.0,49.7,0,0
59.8,33.35,2727.0,2357.0,0,3168.0,48.6,0,1
27.93,52.44,269.0,334.0,0,2128.0,4.8,0,0
37.31,79.95,1479.0,28.0,0,2129.0,33.6,1,0
58.63,22.93,1461.0,1461.0,0,3419.0,3.0,0,1
27.52,37.43,233.0,292.0,0,2314.0,20.6,1,0
179.61,7.06,3388.0,2568.0,1,81.0,600.0,1,2
126.22,28.13,3563.0,3334.0,1,150.0,802.7,0,2
108.17,7.58,3643.0,3151.0,1,107.0,728.3,1,2
33.68,80.5,1785.0,493.0,0,1963.0,52.4,1,0
121.07,28.83,2918.0,3039.0,1,129.0,564.3,0,2
76.57,38.5,2218.0,2222.0,0,2751.0,17.7,1,1
102.07,24.7,3143.0,1575.0,0,2962.0,69.7,0,1
70.76,18.37,2901.0,2329.0,0,2019.0,33.3,0,1
104.95,35.2,1681.0,2733.0,0,2839.0,16.3,0,1
61.91,86.79,694.0,184.0,0,2180.0,63.2,1,0
79.31,36.21,1125.0,1447.0,1,161.0,229.2,0,1
76.04,30.61,1246.0,1665.0,0,2832.0,47.1,1,1
47.66,27.95,2118.0,1104.0,0,1002.0,63.5,0,1
189.19,18.33,3194.0,3836.0,1,281.0,574.7,1,2
42.99,73.41,2157.0,497.0,0,1973.0,31.4,1,0
58.22,89.35,2067.0,354.0,0,2386.0,6.1,1,0
51.59,49.47,2411.0,1006.0,0,1457.0,8.6,0,1
63.53,50.8,914.0,828.0,0,2649.0,45.4,1,1
20.29,53.89,186.0,329.0,0,3095.0,20.2,0,0
72.65,32.79,3292.0,1558.0,0,1901.0,51.2,1,1
20.83,52.98,111.0,35.0,0,3526.0,78.5,0,0
96.21,27.32,2328.0,2883.0,0,1492.0,36.6,0,1
96.51,32.67,3976.0,2742.0,1,156.0,247.3,0,2
167.22,25.72,2859.0,2983.0,1,261.0,749.5,1,2
42.35,64.35,732.0,98.0,0,1023.0,66.6,1,0
127.9,31.76,3985.0,3430.0,1,350.0,726.6,1,2
103.64,24.03,3121.0,3143.0,1,356.0,257.4,1,2
154.68,20.72,3896.0,3042.0,1,262.0,401.0,0,2
197.36,15.06,3353.0,4074.0,1,315.0,845.6,1,2
62.3,18.68,3197.0,2231.0,0,1452.0,77.8,0,1
96.78,25.37,2953.0,1796.0,0,2820.0,29.2,1,1
67.26,38.04,1488.0,1362.0,0,1803.0,60.0,1,1
99.53,33.15,3214.0,2141.0,0,3797.0,61.7,0,1
50.28,79.25,1427.0,189.0,0,2191.0,44.5,1,0
74.76,38.76,1975.0,1805.0,0,2266.0,59.6,1,1
26.24,36.3,232.0,352.0,0,1758.0,5.0,1,0
58.06,29.26,3095.0,2756.0,1,190.0,698.7,0,1
56.74,67.46,1264.0,237.0,0,2489.0,22.1,1,0
100.27,26.43,2291.0,2098.0,0,2904.0,17.0,1,1
57.87,27.31,1400.0,1805.0,0,3353.0,36.3,0,1
21.11,54.37,22.0,35.0,0,813.0,26.2,0,0
28.55,74.38,1954.0,206.0,0,2329.0,13.3,1,0
123.61,22.57,3945.0,3698.0,1,219.0,674.5,0,2
27.68,57.25,172.0,238.0,0,1628.0,16.6,1,0
168.55,6.41,2952.0,3500.0,1,55.0,384.0,0,2
137.38,7.54,3756.0,3883.0,1,170.0,734.6,1,2
103.36,26.62,1777.0,2615.0,0,1611.0,21.1,0,1
62.96,24.35,2154.0,1019.0,0,2350.0,11.1,1,1
68.37,30.49,931.0,1313.0,0,3703.0,53.1,0,1
141.67,7.37,3042.0,3840.0,1,236.0,307.8,0,2
26.86,61.22,74.0,206.0,0,2627.0,46.9,1,0
109.41,22.7,1934.0,1806.0,0,2537.0,72.2,1,1
29.68,89.22,1573.0,349.0,0,2391.0,0.3,1,0
25.44,50.89,8.0,36.0,0,2154.0,15.1,0,0
74.92,26.17,2352.0,1793.0,0,2105.0,39.1,1,1
61.56,88.11,1187.0,152.0,0,2090.0,69.3,1,0
27.78,57.49,139.0,131.0,0,3178.0,2.1,0,0
26.31,52.28,290.0,235.0,0,1416.0,43.5,0,0
63.85,77.12,1060.0,492.0,0,3217.0,71.4,1,0
142.81,17.35,3033.0,3614.0,1,252.0,808.8,1,2
21.97,63.4,227.0,230.0,0,3240.0,42.1,0,0
41.49,85.39,748.0,360.0,0,3567.0,54.0,1,0
43.27,71.47,1756.0,284.0,0,1491.0,45.9,1,0
130.18,18.76,3828.0,3639.0,1,129.0,651.4,1,2
46.44,40.18,976.0,1067.0,0,1310.0,66.2,1,1
28.64,51.54,196.0,237.0,0,3635.0,22.7,0,0
27.9,49.4,275.0,36.0,0,3629.0,23.5,0,0
55.24,30.43,1643.0,1395.0,1,348.0,608.8,1,1
53.83,45.14,878.0,1286.0,0,809.0,2.0,1,1
55.04,15.11,2227.0,1749.0,1,149.0,282.1,1,1
78.95,23.23,2250.0,1545.0,0,2692.0,33.0,0,1
44.14,81.86,1900.0,371.0,0,888.0,6.8,1,0
31.73,77.14,1431.0,393.0,0,1208.0,29.5,1,0
142.61,12.17,3062.0,4078.0,1,191.0,212.4,1,2
70.45,24.94,1942.0,1739.0,0,2044.0,50.0,1,1
29.56,41.1,49.0,363.0,0,2570.0,67.2,1,0
44.58,49.53,905.0,896.0,0,2535.0,21.1,0,1
47.08,74.73,683.0,267.0,0,2102.0,42.7,1,0
96.49,28.94,3276.0,4056.0,1,62.0,291.9,1,2
102.66,28.06,3443.0,2432.0,0,3418.0,69.0,0,1
87.48,45.0,851.0,1214.0,0,997.0,55.2,0,1
21.86,55.47,101.0,68.0,0,3639.0,11.4,0,0
55.53,18.88,2929.0,2353.0,0,2077.0,54.5,0,1
53.39,23.23,3399.0,2225.0,0,3404.0,11.3,0,1
152.31,29.5,2873.0,2589.0,1,56.0,802.0,1,2
23.4,63.04,64.0,12.0,0,3476.0,39.2,1,0
56.53,22.76,2172.0,945.0,0,2257.0,18.9,1,1
51.47,89.95,2109.0,471.0,0,2382.0,30.9,1,0
20.79,39.36,14.0,113.0,0,1411.0,60.0,1,0
39.05,76.37,1773.0,394.0,0,1538.0,64.3,1,0
57.24,35.73,1814.0,1577.0,1,85.0,256.3,1,1
23.22,48.62,142.0,118.0,0,2925.0,24.9,0,0
55.58,49.21,2380.0,945.0,0,1153.0,14.4,1,1
82.68,37.01,1752.0,1605.0,0,2390.0,66.6,0,1
143.75,10.4,3840.0,3654.0,1,328.0,764.6,1,2
83.58,34.97,1903.0,974.0,1,80.0,531.1,1,1
150.54,5.28,3440.0,3488.0,1,106.0,610.7,1,2
138.45,27.85,3253.0,3833.0,1,236.0,831.3,0,2
75.24,22.2,3162.0,2444.0,1,363.0,880.3,1,1
166.0,25.95,2979.0,3816.0,1,276.0,487.1,0,2
27.2,39.3,290.0,262.0,0,3604.0,31.0,1,0
105.02,12.99,3567.0,3973.0,1,274.0,674.6,1,2
76.57,28.53,2653.0,1959.0,0,3124.0,2.1,0,1
23.66,57.18,173.0,270.0,0,1658.0,35.7,1,0
48.92,31.04,1612.0,876.0,0,1933.0,11.1,0,1
45.72,60.42,1624.0,291.0,0,2836.0,43.5,1,0
20.16,41.27,155.0,114.0,0,2829.0,31.9,0,0
107.73,11.83,3469.0,2732.0,0,2582.0,33.3,0,1
85.08,39.58,2750.0,2864.0,1,76.0,376.9,0,1
74.73,36.19,3320.0,1999.0,0,1833.0,12.7,0,1
51.56,68.64,1983.0,227.0,0,2219.0,44.7,1,0
58.78,17.03,2361.0,2236.0,1,365.0,202.4,0,1
38.8,84.68,2194.0,394.0,0,1871.0,34.7,1,0
23.33,59.56,91.0,144.0,0,1877.0,14.2,1,0
71.48,32.38,2049.0,1541.0,0,3087.0,73.5,1,1
26.77,64.42,237.0,204.0,0,2576.0,76.6,0,0
109.5,15.04,3684.0,3998.0,1,60.0,591.9,1,2
91.62,21.28,2574.0,1714.0,0,3613.0,42.0,0,1
121.65,21.56,2817.0,3218.0,1,270.0,861.8,0,2
50.87,41.76,2265.0,855.0,0,2710.0,64.9,1,1
22.26,53.83,69.0,271.0,0,3322.0,36.3,0,0
194.22,22.55,3451.0,3389.0,1,299.0,839.3,0,2
90.0,27.81,1936.0,854.0,0,2314.0,72.3,1,1
24.26,39.91,154.0,304.0,0,2731.0,7.9,1,0
20.85,63.22,280.0,167.0,0,3539.0,38.0,0,0
152.5,10.82,3761.0,3199.0,1,87.0,343.6,0,2
20.48,50.44,190.0,32.0,0,1493.0,56.9,1,0
60.12,68.61,835.0,40.0,0,3374.0,52.9,1,0
29.81,58.16,86.0,238.0,0,899.0,27.3,1,0
51.75,56.62,757.0,180.0,0,1682.0,72.8,1,0
62.08,68.33,1209.0,81.0,0,976.0,17.1,1,0
20.28,50.91,122.0,293.0,0,1866.0,44.4,1,0
94.52,29.33,1512.0,2472.0,1,101.0,358.5,1,1
42.96,54.68,1229.0,1260.0,0,1130.0,41.9,0,1
23.53,64.9,27.0,65.0,0,2256.0,18.8,0,0
60.34,29.97,1799.0,2972.0,0,2868.0,0.3,0,1
25.09,37.39,183.0,85.0,0,2436.0,9.1,0,0
94.96,25.75,3198.0,2837.0,1,230.0,815.4,0,2
104.1,9.15,3228.0,3500.0,1,122.0,880.9,0,2
96.7,38.78,2116.0,1942.0,1,274.0,269.1,0,1
22.91,51.61,189.0,130.0,0,3417.0,45.3,0,0
186.82,21.45,3252.0,3986.0,1,340.0,811.0,1,2
46.2,22.03,1258.0,1014.0,0,2994.0,74.3,0,1
52.27,34.02,1589.0,1967.0,0,1453.0,53.0,1,1
21.88,40.93,117.0,348.0,0,2117.0,68.3,0,0
169.15,8.25,3455.0,2618.0,1,263.0,877.7,1,2
70.83,17.35,1615.0,2903.0,1,220.0,471.6,0,1
43.93,73.89,902.0,335.0,0,3170.0,58.1,1,0
88.53,48.64,2085.0,1567.0,0,1014.0,32.6,1,1
89.81,42.74,2102.0,1149.0,0,3461.0,49.1,0,1
108.64,26.56,2229.0,2193.0,0,2069.0,38.6,1,1
90.74,21.6,3884.0,3631.0,1,63.0,838.6,1,2
69.6,52.96,1158.0,1288.0,0,1887.0,64.1,1,1
46.76,23.46,2033.0,1892.0,0,1132.0,37.5,1,1
192.28,26.68,3595.0,2999.0,1,367.0,782.6,0,2
74.96,53.34,2130.0,1272.0,0,1263.0,22.4,1,1
68.92,53.86,957.0,1256.0,1,277.0,253.9,1,1
59.51,42.68,2118.0,836.0,0,2425.0,39.2,1,1
29.63,58.64,72.0,288.0,0,2412.0,2.8,0,0
75.03,49.4,2223.0,1966.0,0,2156.0,10.0,1,1
93.22,37.84,1743.0,2722.0,1,343.0,266.5,0,1
57.67,67.07,1669.0,153.0,0,1683.0,17.5,1,0
63.28,29.95,2238.0,1600.0,0,3004.0,72.4,0,1
30.72,89.05,1277.0,325.0,0,3506.0,64.1,1,0
89.99,32.83,2634.0,2311.0,1,177.0,344.8,1,1
28.71,58.22,150.0,329.0,0,2181.0,10.2,1,0
38.67,83.03,876.0,9.0,0,2540.0,34.6,1,0
55.4,12.16,3181.0,1693.0,0,1779.0,10.7,0,1
21.85,35.23,45.0,36.0,0,1414.0,1.0,1,0
80.99,31.91,1653.0,1521.0,0,1443.0,76.3,1,1
168.72,16.23,3665.0,2816.0,1,218.0,295.6,0,2
62.15,58.34,1620.0,319.0,0,1527.0,75.2,1,0
18.79,43.51,93.0,174.0,0,1390.0,47.9,0,0
52.22,58.32,1840.0,72.0,0,2903.0,55.6,1,0
19.98,43.53,58.0,1.0,0,2068.0,65.1,0,0
47.89,28.11,1922.0,1392.0,1,198.0,267.0,1,1
92.2,13.11,2454.0,1851.0,0,1043.0,75.6,1,1
104.21,15.16,3253.0,1675.0,0,3109.0,54.7,1,1
31.98,57.82,1599.0,317.0,0,2486.0,57.9,1,0
19.16,51.79,165.0,227.0,0,3453.0,42.4,0,0
81.91,51.78,1109.0,1396.0,0,1098.0,21.6,1,1
27.77,50.01,212.0,355.0,0,1041.0,59.7,0,0
22.18,39.93,283.0,107.0,0,2916.0,40.1,1,0
189.82,19.73,3369.0,3883.0,1,239.0,286.4,0,2
88.96,27.76,2780.0,2410.0,0,1747.0,67.4,1,1
53.89,59.6,761.0,137.0,0,1766.0,20.9,1,0
63.67,65.42,1098.0,232.0,0,1916.0,29.1,1,0
80.76,27.22,1830.0,2041.0,0,2311.0,17.4,0,1
192.7,23.55,3568.0,3540.0,1,103.0,790.2,1,2
188.92,27.2,4002.0,3207.0,1,359.0,566.0,1,2
53.66,23.92,970.0,1067.0,0,2083.0,75.9,0,1
48.31,36.27,987.0,1679.0,0,3206.0,21.7,0,1
68.71,44.83,1259.0,1487.0,0,2221.0,63.1,0,1
174.99,13.25,3407.0,3556.0,1,166.0,528.5,0,2
87.33,54.14,1797.0,1609.0,0,3084.0,63.8,0,1
86.25,36.12,1936.0,1647.0,0,1609.0,8.7,0,1
94.11,22.01,1592.0,1826.0,0,1150.0,23.2,1,1
108.37,37.23,2417.0,2221.0,0,2057.0,66.0,1,1
61.68,62.15,701.0,160.0,0,3658.0,15.6,1,0
55.62,65.25,2049.0,71.0,0,1537.0,57.9,1,0
28.54,47.22,184.0,6.0,0,2065.0,76.9,1,0
103.43,16.43,1501.0,2691.0,1,290.0,589.5,0,1
69.33,47.33,1733.0,1600.0,0,1364.0,34.1,1,1
25.84,52.65,188.0,68.0,0,2019.0,13.8,0,0
20.11,56.65,240.0,204.0,0,2284.0,36.4,1,0
37.74,86.81,979.0,444.0,0,2836.0,39.4,1,0
46.4,42.21,2320.0,1195.0,0,2052.0,76.9,1,1
184.11,23.54,3060.0,3360.0,1,57.0,467.7,0,2
63.13,26.65,2444.0,1030.0,0,3262.0,22.7,1,1
136.72,21.28,3656.0,3705.0,1,217.0,228.3,1,2
21.49,50.36,54.0,251.0,0,2744.0,1.7,0,0
174.29,26.24,2863.0,2746.0,1,345.0,515.0,1,2
26.41,57.25,211.0,234.0,0,1504.0,55.8,0,0
58.45,62.94,853.0,147.0,0,2716.0,74.1,1,0
85.85,15.12,1982.0,2891.0,0,3328.0,47.2,0,1
105.58,41.62,3229.0,1749.0,1,176.0,855.1,0,1
43.01,20.28,1171.0,1600.0,0,3235.0,26.3,1,1
188.53,11.19,3584.0,4007.0,1,105.0,884.3,0,2
90.97,24.29,1632.0,2417.0,0,1738.0,64.4,0,1
37.39,72.82,1238.0,190.0,0,2171.0,50.8,1,0
19.86,61.95,66.0,260.0,0,3609.0,17.2,1,0
56.92,87.9,1116.0,326.0,0,2273.0,2.7,1,0
29.49,44.85,33.0,375.0,0,3596.0,21.9,0,0
147.96,21.31,3000.0,3186.0,1,180.0,455.8,0,2
46.33,29.52,874.0,1713.0,0,2998.0,11.9,0,1
138.77,23.42,2933.0,2985.0,1,302.0,792.1,1,2
88.2,38.37,1754.0,2562.0,0,1736.0,7.5,0,1
77.3,10.1,1705.0,2131.0,0,1229.0,19.8,1,1
172.63,21.77,4030.0,3063.0,1,372.0,473.2,1,2
162.82,25.36,4018.0,2677.0,1,196.0,215.3,1,2
87.47,35.19,1820.0,831.0,1,58.0,302.6,0,1
23.49,57.25,43.0,264.0,0,2909.0,50.7,0,0
43.16,50.14,2203.0,1795.0,0,2428.0,76.4,1,1
148.48,5.3,3316.0,2970.0,1,219.0,367.5,1,2
21.23,55.08,71.0,23.0,0,3376.0,68.1,0,0
94.84,29.81,2622.0,2664.0,0,3688.0,48.6,0,1
93.26,36.06,2918.0,2689.0,0,1881.0,43.9,1,1
101.54,33.61,3893.0,3145.0,1,174.0,713.6,1,2
164.05,23.72,3915.0,2824.0,1,64.0,706.5,0,2
100.69,25.43,3298.0,3282.0,1,192.0,839.3,0,2
199.84,28.29,3369.0,3286.0,1,130.0,582.2,1,2
20.25,57.08,278.0,248.0,0,972.0,38.6,1,0
80.37,49.91,1645.0,1282.0,0,2544.0,74.8,1,1
59.74,30.47,1586.0,1010.0,1,310.0,576.5,1,1
43.14,60.46,2012.0,88.0,0,1131.0,66.9,1,0
52.66,21.6,2250.0,1908.0,0,3629.0,78.5,1,1
66.74,12.62,2224.0,2043.0,0,2129.0,56.3,1,1
61.16,18.26,1708.0,2936.0,0,1734.0,27.3,0,1
98.81,40.08,2704.0,1972.0,1,142.0,347.3,0,1
23.44,35.53,299.0,334.0,0,2985.0,39.1,1,0
44.76,72.4,1003.0,448.0,0,3117.0,13.0,1,0
61.2,39.23,1829.0,1497.0,0,1472.0,66.2,0,1
80.63,36.0,1477.0,1657.0,0,2705.0,65.5,0,1
29.37,62.17,183.0,381.0,0,3067.0,7.2,1,0
28.62,64.46,7.0,198.0,0,2009.0,70.5,0,0
136.7,29.76,3837.0,4067.0,1,351.0,838.7,1,2
142.71,33.33,3512.0,2991.0,1,203.0,607.5,1,2
188.68,15.04,2873.0,3300.0,1,104.0,327.2,1,2
88.99,39.66,2821.0,2804.0,0,2870.0,19.8,0,1
32.46,81.68,1642.0,232.0,0,2362.0,76.4,1,0
23.36,36.37,77.0,322.0,0,1314.0,7.4,1,0
46.63,56.8,1500.0,415.0,0,2073.0,27.2,1,0
114.33,19.88,3870.0,3404.0,1,159.0,778.4,0,2
23.06,42.75,23.0,344.0,0,1479.0,45.8,0,0
60.97,22.72,2424.0,1583.0,0,1412.0,15.4,0,1
173.22,33.51,3226.0,3273.0,1,318.0,263.7,1,2
98.06,21.8,2953.0,2794.0,0,2942.0,67.3,0,1
119.31,19.14,3923.0,3829.0,1,332.0,363.3,1,2
39.91,74.58,670.0,440.0,0,1049.0,2.6,1,0
84.21,48.92,973.0,889.0,0,2228.0,16.6,0,1
127.75,6.24,4057.0,3135.0,1,311.0,633.2,0,2
85.07,30.75,903.0,961.0,0,857.0,76.9,0,1
80.58,23.35,2065.0,2777.0,1,85.0,405.0,0,1
35.69,58.97,2114.0,437.0,0,948.0,68.3,1,0
18.4,45.62,27.0,3.0,0,3253.0,24.7,1,0
21.82,55.03,208.0,79.0,0,3189.0,5.6,0,0
135.54,14.31,3399.0,3288.0,1,236.0,774.8,1,2
147.97,33.82,3324.0,2882.0,1,211.0,370.3,0,2
159.56,30.83,3203.0,4073.0,1,150.0,717.5,0,2
33.71,79.67,1573.0,458.0,0,818.0,13.7,1,0
18.79,54.12,179.0,266.0,0,828.0,70.3,1,0
85.79,30.96,2318.0,1015.0,0,2600.0,16.4,1,1
30.89,55.68,1411.0,109.0,0,1582.0,44.3,1,0
59.88,69.79,1563.0,62.0,0,3603.0,70.7,1,0
87.0,40.45,1555.0,2882.0,1,245.0,609.0,0,1
86.68,36.31,2240.0,2071.0,0,1028.0,17.3,1,1
57.86,63.79,1636.0,28.0,0,2305.0,17.5,1,0
42.17,50.29,1636.0,914.0,0,2784.0,58.8,1,1
109.59,27.91,2962.0,3773.0,1,336.0,431.7,0,2
64.55,46.69,1814.0,954.0,0,1553.0,39.9,1,1
66.95,23.24,1168.0,1970.0,0,3608.0,10.7,1,1
193.67,24.53,3288.0,2959.0,1,105.0,637.6,0,2
61.46,60.57,912.0,451.0,0,2212.0,2.7,1,0
94.57,18.58,3345.0,3725.0,1,259.0,219.5,0,2
174.48,23.82,3424.0,3462.0,1,141.0,739.9,1,2
25.66,40.61,169.0,53.0,0,2418.0,33.2,0,0
82.33,23.46,2649.0,1626.0,0,1936.0,36.8,0,1
47.88,39.66,1316.0,1934.0,1,155.0,661.0,1,1
130.29,20.53,3222.0,4010.0,1,375.0,285.9,0,2
18.94,45.82,218.0,255.0,0,3514.0,36.6,0,0
27.47,64.49,18.0,361.0,0,1778.0,13.3,1,0
61.11,62.79,1797.0,23.0,0,2166.0,19.1,1,0
64.43,65.11,2106.0,458.0,0,3591.0,11.0,1,0
56.24,63.21,1442.0,318.0,0,1861.0,25.1,1,0
85.45,15.87,2587.0,2486.0,0,2867.0,27.6,1,1
92.7,19.22,3140.0,1824.0,1,323.0,216.0,1,1
42.46,85.5,905.0,453.0,0,3673.0,58.8,1,0
196.75,13.36,3536.0,3376.0,1,319.0,891.7,1,2
92.63,10.09,1922.0,2031.0,1,318.0,775.6,0,1
80.12,35.89,2892.0,2002.0,0,3401.0,69.0,0,1
28.9,39.51,76.0,303.0,0,3226.0,43.7,0,0
88.22,22.86,2042.0,1638.0,1,211.0,762.7,1,1
51.86,67.02,1628.0,169.0,0,1523.0,62.1,1,0
109.3,12.79,1955.0,2400.0,0,3393.0,42.3,0,1
56.23,59.13,2134.0,208.0,0,1191.0,66.5,1,0
54.88,30.64,1636.0,2235.0,1,362.0,551.5,1,1
25.09,49.71,219.0,102.0,0,3625.0,73.8,1,0
80.55,46.11,1746.0,823.0,0,3146.0,57.9,1,1
82.77,23.3,1640.0,2099.0,0,1352.0,73.1,1,1
31.46,86.81,1373.0,456.0,0,3639.0,43.7,1,0
97.12,40.49,2697.0,2966.0,1,112.0,502.1,0,1
23.18,54.57,169.0,258.0,0,3327.0,73.2,1,0
130.95,5.81,2866.0,3444.0,1,348.0,759.2,1,2
84.72,38.41,1372.0,1914.0,0,1209.0,32.4,1,1
41.89,80.18,2065.0,130.0,0,2297.0,35.4,1,0
176.11,18.76,3296.0,3458.0,1,107.0,490.7,0,2
74.45,45.38,1440.0,1233.0,1,190.0,277.0,0,1
148.79,30.65,3852.0,3400.0,1,177.0,555.4,1,2
55.49,85.28,980.0,404.0,0,1731.0,55.2,1,0
88.36,29.66,948.0,1947.0,0,1154.0,44.5,0,1
57.76,71.92,679.0,320.0,0,2354.0,7.4,1,0
31.76,58.56,1349.0,72.0,0,1893.0,32.5,1,0
19.46,51.76,85.0,94.0,0,1081.0,19.1,1,0
147.81,32.46,3918.0,3021.0,1,321.0,879.6,0,2
68.86,14.71,2704.0,2180.0,0,3034.0,13.2,1,1
59.79,71.87,1088.0,230.0,0,2149.0,40.5,1,0
85.95,39.91,1313.0,1755.0,0,2307.0,25.7,0,1
84.42,49.25,1929.0,1475.0,0,2909.0,47.7,0,1
20.95,63.97,120.0,119.0,0,1877.0,7.5,1,0
75.95,33.29,2751.0,1870.0,1,92.0,668.7,0,1
102.85,40.91,1815.0,1714.0,0,2193.0,26.4,1,1
58.01,30.35,1862.0,2008.0,0,972.0,51.5,0,1
47.57,36.09,2152.0,1072.0,0,3132.0,51.9,1,1
193.15,28.72,4030.0,2867.0,1,253.0,232.4,1,2
87.71,38.04,1421.0,1508.0,0,932.0,5.9,0,1
107.75,41.77,2043.0,2486.0,1,100.0,258.5,1,1
85.89,37.87,1053.0,1474.0,0,3484.0,49.9,0,1
53.09,20.52,2631.0,2697.0,1,197.0,489.1,0,1
70.53,16.84,1636.0,1965.0,0,2139.0,41.7,0,1
69.61,20.63,3283.0,2723.0,0,3491.0,67.9,0,1
26.75,62.88,149.0,119.0,0,3479.0,65.8,0,0
150.67,31.72,3551.0,3210.0,1,245.0,548.6,0,2
24.55,36.67,211.0,141.0,0,1164.0,23.7,1,0
159.2,12.38,3188.0,2842.0,1,179.0,541.0,0,2
39.46,84.08,2133.0,67.0,0,2260.0,65.3,1,0
135.49,11.0,2882.0,3218.0,1,273.0,461.7,1,2
25.08,44.68,203.0,321.0,0,2716.0,24.3,0,0
19.22,60.53,73.0,377.0,0,3433.0,45.9,0,0
155.62,6.3,3180.0,2989.0,1,323.0,334.1,1,2
84.58,44.87,1201.0,901.0,0,2446.0,3.3,0,1
69.05,16.43,2046.0,1909.0,0,2097.0,74.9,1,1
113.48,16.47,3213.0,3326.0,1,335.0,735.6,1,2
70.47,31.96,2319.0,930.0,0,2045.0,65.4,0,1
70.53,31.84,2535.0,2141.0,0,3798.0,31.0,1,1
68.65,36.74,1266.0,1341.0,0,2486.0,57.7,1,1
165.85,10.4,3068.0,3933.0,1,169.0,399.4,1,2
75.02,40.65,3117.0,2422.0,1,191.0,715.5,0,1
63.9,80.43,2058.0,468.0,0,1652.0,20.9,1,0
71.78,54.26,1332.0,1049.0,0,2039.0,18.9,1,1
63.01,88.7,1726.0,447.0,0,2328.0,20.0,1,0
92.78,23.98,2763.0,2538.0,0,1125.0,11.8,1,1
108.12,38.14,2657.0,2833.0,0,3177.0,24.6,0,1
74.34,42.76,2283.0,2567.0,0,2889.0,55.6,1,1
66.86,38.31,1356.0,1155.0,0,2837.0,54.4,0,1
31.65,68.47,1214.0,76.0,0,2516.0,74.5,1,0
61.44,32.5,1864.0,1272.0,0,3098.0,10.8,1,1
176.48,9.39,3755.0,3987.0,1,92.0,525.6,1,2
71.67,50.89,2157.0,877.0,1,387.0,451.3,1,1
22.92,56.11,160.0,91.0,0,2059.0,67.7,1,0
109.55,43.61,3372.0,2499.0,0,2558.0,52.3,0,1
108.68,22.32,2859.0,3054.0,1,106.0,235.8,1,2
28.52,35.84,136.0,154.0,0,2806.0,1.7,0,0
76.81,19.29,3345.0,2332.0,0,1061.0,34.7,1,1
63.71,10.51,2043.0,2986.0,1,110.0,295.5,1,1
21.85,57.72,120.0,164.0,0,2942.0,33.5,1,0
25.24,52.69,222.0,71.0,0,1974.0,49.6,0,0
29.0,62.71,166.0,329.0,0,2171.0,77.5,1,0
18.98,54.07,67.0,6.0,0,1392.0,75.4,0,0
20.03,62.56,202.0,349.0,0,1865.0,50.2,0,0
80.05,14.32,1793.0,1622.0,0,2033.0,26.9,1,1
83.21,18.69,1515.0,2628.0,1,342.0,291.3,1,1
20.43,40.01,6.0,281.0,0,974.0,38.0,0,0
102.52,22.87,3307.0,3562.0,1,219.0,352.0,0,2
49.69,84.5,707.0,79.0,0,892.0,16.6,1,0
78.2,21.82,1519.0,1430.0,0,2685.0,18.4,1,1
19.04,61.19,78.0,202.0,0,2461.0,78.6,1,0
25.73,49.61,68.0,232.0,0,2881.0,69.4,1,0
36.11,74.12,1819.0,201.0,0,1352.0,38.4,1,0
72.28,31.47,1620.0,1295.0,0,955.0,64.1,1,1
63.99,40.05,1150.0,1751.0,0,2849.0,79.7,0,1
61.39,44.42,814.0,1245.0,0,1531.0,47.3,1,1
73.79,36.61,2236.0,854.0,1,346.0,367.2,0,1
149.42,27.97,3321.0,3328.0,1,196.0,505.9,1,2
109.42,19.8,3467.0,3522.0,1,104.0,600.7,0,2
21.59,59.85,163.0,93.0,0,3056.0,4.1,1,0
24.02,50.6,266.0,354.0,0,1732.0,56.2,1,0
43.18,78.02,2104.0,12.0,0,2522.0,21.2,1,0
95.89,39.23,2516.0,1680.0,0,1995.0,12.3,1,1
54.58,27.42,1694.0,1513.0,1,100.0,663.6,1,1
85.42,25.05,2334.0,1871.0,1,132.0,378.5,1,1
47.51,71.31,1170.0,270.0,0,2015.0,18.8,1,0
46.18,89.4,1212.0,326.0,0,1631.0,9.5,1,0
54.16,89.24,1916.0,122.0,0,1555.0,55.4,1,0
30.49,70.31,1598.0,232.0,0,841.0,54.7,1,0
51.2,81.68,1288.0,454.0,0,1590.0,48.8,1,0
26.95,47.06,163.0,218.0,0,3263.0,77.4,0,0
143.92,6.27,2845.0,2809.0,1,204.0,283.2,1,2
56.87,32.62,2162.0,804.0,0,846.0,55.0,1,1
57.37,25.17,2013.0,1761.0,1,146.0,685.2,1,1
64.51,44.99,2435.0,1271.0,0,3670.0,37.9,1,1
45.99,84.49,1066.0,146.0,0,3378.0,45.2,1,0
21.21,62.82,238.0,344.0,0,2729.0,51.6,1,0
197.29,16.08,2957.0,3181.0,1,121.0,462.3,1,2
55.81,75.82,1747.0,63.0,0,1292.0,21.8,1,0
120.01,28.25,3272.0,3162.0,1,336.0,553.2,1,2
86.13,28.59,870.0,1589.0,0,2905.0,40.4,1,1
53.22,76.82,1299.0,19.0,0,3653.0,60.5,1,0
23.51,37.35,26.0,260.0,0,3733.0,31.4,1,0
173.94,29.27,3978.0,2940.0,1,186.0,284.6,0,2
25.95,37.15,67.0,324.0,0,1291.0,10.7,1,0
29.29,55.31,34.0,377.0,0,3584.0,48.2,1,0
55.56,79.61,640.0,476.0,0,3536.0,71.8,1,0
104.29,12.06,3420.0,2936.0,0,2656.0,74.7,0,1
39.77,71.89,942.0,359.0,0,3042.0,64.2,1,0
104.6,27.19,3980.0,2941.0,1,78.0,800.7,0,2
18.11,60.6,208.0,97.0,0,3406.0,50.1,0,0
133.93,15.94,3347.0,3660.0,1,322.0,413.7,0,2
95.28,44.86,2082.0,2921.0,0,974.0,65.1,1,1
54.5,86.3,969.0,103.0,0,2219.0,25.2,1,0
26.19,50.44,29.0,249.0,0,3432.0,22.5,1,0
83.42,34.2,1579.0,2340.0,0,3596.0,4.5,0,1
89.1,42.9,2749.0,2456.0,0,1681.0,0.5,1,1
25.94,54.9,212.0,186.0,0,2784.0,5.3,1,0
66.0,33.0,1963.0,901.0,0,2965.0,36.8,1,1
149.6,23.92,2889.0,2721.0,1,302.0,641.5,1,2
129.72,15.67,2895.0,3364.0,1,190.0,268.0,0,2
26.24,37.17,124.0,334.0,0,3353.0,75.9,0,0
31.89,73.1,715.0,285.0,0,2284.0,21.2,1,0
66.34,47.42,1910.0,1844.0,0,839.0,79.1,0,1
51.89,29.41,3381.0,2025.0,0,1828.0,27.7,1,1
184.52,11.21,3699.0,3592.0,1,122.0,447.9,0,2
53.25,35.0,1863.0,1353.0,0,3565.0,29.2,0,1
106.04,43.57,2812.0,1592.0,1,282.0,237.9,0,1
95.65,31.02,2778.0,1739.0,0,1081.0,19.2,1,1
27.18,58.48,258.0,129.0,0,1387.0,76.8,0,0
18.19,57.57,163.0,198.0,0,2209.0,29.9,1,0
88.64,42.56,1880.0,1682.0,0,3633.0,12.2,1,1
38.25,76.14,632.0,297.0,0,1589.0,49.2,1,0
34.13,62.89,1065.0,127.0,0,2923.0,65.7,1,0
27.37,42.36,236.0,113.0,0,922.0,76.2,0,0
21.35,43.0,169.0,152.0,0,2331.0,4.0,1,0
43.01,34.22,1130.0,1169.0,0,2325.0,39.2,0,1
56.61,52.97,2418.0,1793.0,0,2217.0,48.7,1,1
55.5,61.18,1992.0,282.0,0,1383.0,53.3,1,0
91.07,28.22,2187.0,1809.0,0,2837.0,52.5,0,1
86.88,54.46,1914.0,1048.0,0,3600.0,56.5,1,1
93.57,26.63,3016.0,4008.0,1,94.0,286.6,1,2
25.95,60.94,110.0,77.0,0,2779.0,52.5,0,0
168.25,22.39,2914.0,2570.0,1,361.0,897.8,1,2
34.42,69.14,739.0,347.0,0,907.0,29.2,1,0
51.17,88.45,1861.0,3.0,0,2720.0,75.9,1,0
80.4,11.82,3058.0,1814.0,0,1536.0,6.6,0,1
85.84,36.03,1727.0,2925.0,0,3328.0,37.9,0,1
62.61,22.62,2213.0,1647.0,0,2799.0,47.0,0,1
80.19,42.31,2600.0,1585.0,0,3493.0,78.6,1,1
70.14,38.8,3171.0,2557.0,1,174.0,726.4,1,1
182.89,32.56,3381.0,3156.0,1,198.0,872.1,0,2
129.39,15.59,3389.0,3522.0,1,122.0,717.6,0,2
88.72,45.74,1373.0,884.0,0,2953.0,13.1,1,1
18.74,59.28,206.0,71.0,0,3407.0,48.1,1,0
167.65,31.06,2949.0,2979.0,1,324.0,761.4,1,2
78.03,48.17,997.0,977.0,0,2363.0,35.2,0,1
29.94,63.66,62.0,241.0,0,3699.0,56.9,0,0
18.33,57.23,286.0,134.0,0,2623.0,19.5,1,0
19.18,49.98,122.0,172.0,0,2720.0,32.2,0,0
86.62,10.39,2893.0,2155.0,0,1873.0,17.7,0,1
57.21,79.04,1401.0,220.0,0,2576.0,50.6,1,0
52.7,87.46,1241.0,491.0,0,3096.0,26.7,1,0
70.64,12.25,2319.0,2734.0,0,2883.0,39.6,1,1
36.44,87.2,1970.0,366.0,0,2209.0,75.5,1,0
122.16,16.99,3814.0,2642.0,1,153.0,583.2,0,2
48.7,27.38,1521.0,1567.0,0,3174.0,26.6,0,1
43.0,20.59,1577.0,1191.0,0,3234.0,10.2,1,1
52.11,72.68,729.0,494.0,0,3135.0,61.1,1,0
57.24,58.89,2099.0,335.0,0,3502.0,78.9,1,0
61.7,68.79,1968.0,108.0,0,3001.0,43.2,1,0
53.68,85.02,1762.0,246.0,0,1975.0,30.3,1,0
58.21,16.18,2894.0,2835.0,1,147.0,390.2,0,1
103.33,28.0,2448.0,1932.0,0,1375.0,5.8,1,1
26.13,46.74,71.0,102.0,0,3596.0,12.4,1,0
68.94,24.18,952.0,820.0,1,90.0,545.6,0,1
86.11,32.91,1379.0,1280.0,0,1031.0,43.7,0,1
24.34,60.71,170.0,12.0,0,2098.0,75.4,1,0
103.55,42.68,2805.0,2931.0,0,3793.0,30.0,1,1
53.57,10.05,2557.0,2509.0,0,2640.0,52.5,1,1
26.62,62.36,59.0,115.0,0,3726.0,40.3,1,0
54.28,76.51,1069.0,22.0,0,3539.0,0.9,1,0
76.93,10.34,3234.0,2086.0,0,852.0,29.6,0,1
79.09,36.11,2465.0,2869.0,1,57.0,429.9,0,1
63.29,76.46,1027.0,194.0,0,2050.0,10.8,1,0
86.44,27.95,2100.0,2870.0,0,2763.0,35.3,1,1
140.51,14.24,2952.0,3683.0,1,280.0,518.4,1,2
140.29,5.01,3706.0,3388.0,1,179.0,344.7,0,2
63.32,73.65,1932.0,127.0,0,3387.0,49.2,1,0
88.28,41.11,2488.0,2985.0,0,2260.0,46.1,0,1
144.48,17.78,3342.0,3991.0,1,355.0,763.2,0,2
82.25,49.64,979.0,1006.0,0,1961.0,6.1,0,1
84.19,37.42,2838.0,2653.0,0,2093.0,56.7,0,1
124.99,15.43,3373.0,3354.0,1,177.0,423.0,1,2
132.9,8.82,3494.0,3726.0,1,347.0,619.1,0,2
44.42,70.13,1949.0,96.0,0,1989.0,16.7,1,0
36.16,83.46,1730.0,411.0,0,3260.0,5.9,1,0
53.56,20.12,2114.0,1705.0,0,2535.0,4.3,0,1
145.51,6.47,2820.0,3170.0,1,67.0,608.5,0,2
30.75,64.76,651.0,287.0,0,2412.0,7.5,1,0
73.96,54.32,2334.0,1759.0,0,2963.0,28.5,1,1
26.0,35.48,135.0,228.0,0,3410.0,47.5,1,0
68.31,28.76,3423.0,1785.0,0,3306.0,60.7,1,1
24.76,58.19,212.0,163.0,0,1717.0,75.0,0,0
166.24,10.57,2858.0,3248.0,1,264.0,462.5,1,2
58.81,73.19,879.0,71.0,0,2815.0,45.1,1,0
37.63,65.2,753.0,359.0,0,3099.0,63.2,1,0
32.11,55.81,1552.0,93.0,0,1038.0,26.2,1,0
19.65,63.32,219.0,131.0,0,2197.0,42.1,1,0
20.34,49.53,221.0,5.0,0,2326.0,62.9,1,0
20.77,59.89,151.0,211.0,0,1894.0,38.5,0,0
58.3,82.94,1522.0,175.0,0,2622.0,65.1,1,0
194.99,16.58,3714.0,3583.0,1,181.0,563.1,0,2
101.04,36.02,1901.0,1992.0,0,2981.0,77.6,1,1
92.22,12.29,3414.0,1797.0,0,2307.0,14.1,1,1
28.17,45.24,75.0,126.0,0,3721.0,9.8,1,0
50.3,86.35,1765.0,26.0,0,1982.0,77.0,1,0
189.95,18.84,2833.0,3902.0,1,311.0,746.2,0,2
107.54,25.17,3017.0,2860.0,1,320.0,591.1,0,2
111.81,5.41,3399.0,4064.0,1,229.0,638.4,0,2
91.63,16.53,1638.0,2020.0,0,1931.0,67.5,0,1
24.0,44.31,190.0,223.0,0,1569.0,21.4,1,0
56.97,36.7,2889.0,2156.0,0,3088.0,43.9,1,1
68.24,18.0,3209.0,2972.0,1,379.0,773.4,0,1
51.33,38.8,1696.0,1977.0,0,3382.0,43.7,1,1
22.9,60.8,100.0,308.0,0,1298.0,33.9,0,0
47.26,69.96,1857.0,471.0,0,3152.0,0.3,1,0
175.82,19.18,2903.0,3100.0,1,51.0,689.3,1,2
53.9,82.55,1517.0,314.0,0,860.0,65.2,1,0
175.65,6.3,3396.0,3009.0,1,287.0,819.0,0,2
44.05,38.4,1539.0,1512.0,0,2566.0,18.5,1,1
168.38,33.86,2818.0,3429.0,1,283.0,396.2,1,2
53.08,27.31,2079.0,2746.0,0,1411.0,29.1,0,1
22.9,52.42,90.0,68.0,0,1953.0,10.7,1,0
88.72,37.64,2358.0,825.0,0,3403.0,46.5,0,1
28.32,52.66,242.0,320.0,0,1983.0,32.8,1,0
119.78,20.1,3747.0,3793.0,1,203.0,686.7,1,2
86.16,33.2,2637.0,1589.0,0,2308.0,77.4,1,1
108.12,29.0,3046.0,2743.0,1,163.0,771.7,0,2
80.7,10.51,1533.0,2090.0,0,3262.0,36.6,1,1
59.29,67.48,2191.0,137.0,0,2240.0,32.7,1,0
58.89,66.76,1528.0,484.0,0,3209.0,70.0,1,0
45.87,53.96,1829.0,1120.0,0,1874.0,22.6,0,1
47.47,55.4,2095.0,187.0,0,2163.0,31.3,1,0
103.96,19.27,1983.0,1591.0,0,2750.0,37.7,1,1
51.77,29.98,1523.0,1028.0,1,281.0,645.9,0,1
74.71,14.27,1692.0,1954.0,0,1124.0,78.3,0,1
79.78,26.99,1831.0,1083.0,0,2227.0,48.2,0,1
170.42,12.53,3386.0,3551.0,1,92.0,849.8,1,2
181.57,22.63,3783.0,2511.0,1,68.0,487.8,0,2
83.82,41.38,2164.0,914.0,1,385.0,602.4,1,1
113.22,13.31,3987.0,3592.0,1,386.0,736.1,0,2
45.68,53.9,2166.0,1099.0,0,2172.0,61.8,1,1
130.82,22.41,3367.0,3919.0,1,89.0,611.7,1,2
23.16,35.94,95.0,272.0,0,3054.0,39.5,1,0
95.96,12.56,4066.0,3067.0,1,317.0,625.4,1,2
88.43,28.59,1167.0,1648.0,0,3140.0,19.1,0,1
73.03,37.74,1781.0,1823.0,0,3013.0,36.2,1,1
53.59,36.18,1942.0,2820.0,0,1170.0,39.9,1,1
50.68,28.88,1081.0,960.0,1,316.0,233.0,0,1
26.35,56.65,271.0,194.0,0,3555.0,29.7,1,0
171.71,7.4,3805.0,3297.0,1,207.0,745.2,1,2
57.66,20.91,2062.0,1643.0,0,1900.0,72.8,1,1
78.1,44.03,1638.0,2502.0,0,3794.0,18.1,0,1
173.53,6.95,3265.0,3433.0,1,229.0,794.3,1,2
64.92,16.88,2739.0,1712.0,1,348.0,710.3,0,1
54.5,89.82,669.0,264.0,0,1516.0,61.2,1,0
47.95,33.99,1979.0,804.0,0,881.0,67.7,1,1
54.36,33.34,2614.0,2881.0,1,244.0,416.4,0,1
64.66,74.57,1643.0,317.0,0,1349.0,78.2,1,0
105.4,43.04,3390.0,2445.0,0,2045.0,66.2,1,1
88.76,28.84,1552.0,1479.0,0,3683.0,32.5,0,1
83.86,37.1,2488.0,1831.0,0,1537.0,44.6,1,1
90.92,29.59,2825.0,2931.0,1,297.0,363.1,0,1
194.46,32.84,3056.0,3617.0,1,380.0,806.5,1,2
69.88,26.01,2187.0,2139.0,1,255.0,707.6,1,1
177.76,24.02,3513.0,3891.0,1,234.0,494.3,1,2
19.06,57.76,250.0,281.0,0,2740.0,25.6,0,0
41.75,34.72,2054.0,1718.0,0,2222.0,21.4,0,1
63.19,33.47,1075.0,1771.0,0,3794.0,11.0,1,1
120.22,28.67,3179.0,3000.0,1,130.0,633.6,1,2
67.82,41.61,2194.0,898.0,1,233.0,245.2,1,1
52.87,72.63,893.0,89.0,0,3140.0,20.4,1,0
19.41,36.28,95.0,307.0,0,1272.0,58.0,1,0
92.49,16.09,2565.0,2659.0,0,3421.0,38.6,0,1
50.94,46.52,2185.0,993.0,0,2052.0,26.5,1,1
62.59,35.49,1368.0,1972.0,0,1852.0,9.7,0,1
60.25,28.76,1867.0,2181.0,0,3324.0,74.2,1,1
98.31,27.3,1972.0,2792.0,1,367.0,254.6,0,1
27.56,44.72,118.0,308.0,0,2953.0,2.0,1,0
19.88,38.85,9.0,184.0,0,2030.0,39.2,1,0
51.01,22.05,1838.0,1876.0,0,1419.0,16.7,0,1
29.42,52.32,241.0,293.0,0,1157.0,62.2,1,0
108.43,24.49,3274.0,1859.0,1,294.0,535.9,0,1
72.76,31.57,2263.0,967.0,0,1614.0,7.6,0,1
23.73,55.51,168.0,363.0,0,1018.0,39.8,0,0
160.94,17.56,3799.0,4009.0,1,106.0,212.4,1,2
57.67,28.04,3088.0,2000.0,0,2469.0,62.2,1,1
127.77,8.03,3297.0,3502.0,1,241.0,569.7,1,2
18.93,47.35,274.0,28.0,0,3040.0,69.1,0,0
62.75,17.4,3140.0,2622.0,0,2058.0,50.0,1,1
34.5,71.85,1563.0,286.0,0,1291.0,19.6,1,0
39.44,66.76,1530.0,210.0,0,3094.0,28.5,1,0
97.58,39.9,2105.0,2966.0,0,1555.0,39.6,1,1
67.38,49.89,1978.0,1261.0,0,3512.0,12.5,0,1
27.5,50.37,115.0,134.0,0,3736.0,53.8,0,0
51.41,72.45,2046.0,23.0,0,3303.0,76.4,1,0
78.77,21.66,3313.0,1954.0,0,1431.0,67.5,0,1
90.46,16.13,2833.0,1515.0,1,351.0,247.4,0,1
80.69,35.76,1568.0,1085.0,1,58.0,402.2,1,1
134.04,32.78,3151.0,3147.0,1,382.0,354.9,1,2
54.16,59.63,1151.0,294.0,0,1783.0,29.8,1,0
45.23,34.7,1318.0,1951.0,0,3218.0,72.9,0,1
82.34,24.51,2077.0,1749.0,0,2860.0,6.1,0,1
81.06,38.1,1259.0,1993.0,1,384.0,876.5,1,1
86.71,42.5,3273.0,1758.0,1,166.0,752.8,1,1
161.51,21.86,3326.0,3479.0,1,87.0,700.7,0,2
38.68,76.56,1381.0,317.0,0,1200.0,4.1,1,0
72.05,49.78,1929.0,1586.0,0,2571.0,1.2,1,1
52.58,85.52,2152.0,104.0,0,3373.0,78.9,1,0
70.26,30.01,2660.0,2717.0,0,2967.0,12.1,0,1
26.99,52.4,169.0,141.0,0,2529.0,63.8,0,0
57.68,68.73,777.0,355.0,0,2997.0,40.0,1,0
55.38,47.06,1964.0,1409.0,0,2087.0,41.9,1,1
67.46,52.97,1625.0,979.0,0,2325.0,30.0,0,1
33.56,72.02,858.0,397.0,0,1963.0,56.5,1,0
122.01,24.53,2873.0,3693.0,1,244.0,359.1,1,2
50.53,88.55,917.0,82.0,0,1156.0,31.5,1,0
32.8,75.31,1317.0,54.0,0,1012.0,77.3,1,0
186.16,22.49,2915.0,2795.0,1,386.0,390.1,0,2
166.72,21.37,3405.0,2820.0,1,379.0,766.9,0,2
70.89,20.99,1026.0,1598.0,0,2068.0,1.5,1,1
53.27,28.27,959.0,858.0,0,3024.0,36.9,0,1
79.45,42.05,1231.0,1637.0,0,1820.0,21.1,0,1
100.55,35.09,2648.0,2333.0,0,1691.0,7.7,1,1
43.62,81.57,2170.0,163.0,0,2294.0,37.2,1,0
45.24,45.0,2366.0,1684.0,0,1069.0,18.4,0,1
69.67,21.91,1772.0,1176.0,0,1352.0,74.6,1,1
161.13,20.55,3668.0,3315.0,1,145.0,413.5,1,2
26.01,50.55,53.0,237.0,0,1354.0,6.0,0,0
55.21,44.77,1639.0,1201.0,0,2511.0,50.6,0,1
107.3,12.22,2585.0,2013.0,1,168.0,680.6,1,1
47.48,59.15,1296.0,413.0,0,3109.0,53.8,1,0
79.29,29.82,1425.0,908.0,0,3419.0,76.2,0,1
72.81,33.04,1461.0,1543.0,0,3490.0,8.0,1,1
132.46,6.38,3408.0,3272.0,1,134.0,427.0,0,2
44.87,66.97,1408.0,191.0,0,2568.0,6.4,1,0
100.21,43.82,1999.0,2003.0,1,104.0,791.1,0,1
29.91,47.59,266.0,87.0,0,3709.0,31.4,1,0
64.25,62.59,1451.0,13.0,0,885.0,54.5,1,0
55.71,79.97,1861.0,366.0,0,1259.0,73.3,1,0
102.92,21.67,1951.0,2857.0,0,1080.0,1.0,1,1
20.91,64.43,262.0,382.0,0,1583.0,5.0,1,0
20.98,54.59,293.0,90.0,0,2125.0,63.5,1,0
26.11,51.86,111.0,175.0,0,3613.0,25.4,0,0
52.64,56.17,1293.0,417.0,0,2830.0,77.7,1,0
55.18,87.82,1131.0,474.0,0,1994.0,58.4,1,0
59.55,20.91,1728.0,980.0,0,3459.0,51.8,0,1
108.34,30.38,2956.0,3082.0,1,270.0,546.6,1,2
121.69,31.5,3058.0,3984.0,1,219.0,514.3,1,2
138.63,22.82,3457.0,2811.0,1,187.0,889.8,1,2
66.21,28.4,1967.0,1619.0,0,2403.0,72.9,0,1
118.33,23.05,3955.0,3272.0,1,295.0,353.5,0,2
50.46,57.36,870.0,147.0,0,1641.0,13.7,1,0
145.03,6.58,2943.0,2692.0,1,357.0,425.8,0,2
82.86,40.08,1605.0,1535.0,1,174.0,294.3,1,1
21.22,47.21,3.0,282.0,0,1101.0,71.1,0,0
50.34,49.95,1893.0,1256.0,0,2117.0,78.1,1,1
28.53,50.56,29.0,298.0,0,2350.0,43.8,1,0
85.1,22.4,2778.0,2223.0,0,2055.0,32.6,0,1
102.74,24.0,3199.0,2931.0,1,303.0,809.9,1,2
53.46,34.87,1541.0,2361.0,1,304.0,528.0,0,1
94.44,12.97,1680.0,1817.0,0,3620.0,72.1,1,1
46.42,84.52,2035.0,284.0,0,1584.0,12.0,1,0
21.49,39.25,88.0,218.0,0,2181.0,57.5,1,0
49.3,28.76,1105.0,1142.0,0,1976.0,37.5,0,1
67.63,44.13,1808.0,2921.0,0,952.0,12.4,1,1
75.74,25.01,1631.0,1533.0,0,3647.0,25.6,0,1
74.52,25.67,1848.0,1102.0,1,179.0,372.8,0,1
70.42,43.84,2005.0,1646.0,1,102.0,668.9,1,1
55.26,27.27,2154.0,2340.0,0,3093.0,9.7,1,1
55.34,69.85,2070.0,391.0,0,3001.0,16.9,1,0
54.27,40.22,1759.0,1534.0,0,3557.0,13.2,0,1
82.23,10.1,2810.0,2590.0,0,2315.0,65.7,0,1
191.74,23.53,4019.0,4069.0,1,150.0,898.7,1,2
77.78,41.99,1896.0,1303.0,0,2730.0,77.4,1,1
90.51,22.84,3142.0,2068.0,0,2620.0,72.1,0,1
74.19,26.16,2150.0,2412.0,1,371.0,575.4,0,1
40.62,88.75,2064.0,436.0,0,2563.0,0.6,1,0
62.81,79.49,1941.0,166.0,0,3427.0,38.5,1,0
100.44,13.01,3246.0,3430.0,1,139.0,577.2,0,2
102.8,24.77,3278.0,2712.0,1,79.0,366.8,1,2
52.85,13.98,2888.0,2930.0,0,1519.0,76.3,1,1
187.82,23.32,2856.0,3667.0,1,270.0,591.3,0,2
104.75,29.36,2448.0,2770.0,0,2120.0,63.0,0,1
32.22,80.21,615.0,259.0,0,1305.0,76.9,1,0
61.6,12.74,2249.0,2074.0,0,2889.0,34.5,1,1
102.8,17.55,3708.0,2780.0,1,157.0,315.2,1,2
83.09,19.47,3416.0,2047.0,0,3798.0,30.6,1,1
40.12,63.06,944.0,369.0,0,3786.0,68.5,1,0
39.74,61.73,1618.0,71.0,0,812.0,56.5,1,0
34.8,63.79,1802.0,436.0,0,1666.0,73.3,1,0
97.45,31.31,2129.0,1966.0,0,3295.0,37.5,1,1
95.17,36.21,1902.0,1758.0,1,392.0,473.7,1,1
20.78,51.05,19.0,244.0,0,2159.0,52.4,0,0
19.36,48.43,87.0,285.0,0,3324.0,0.1,0,0
42.21,65.68,2178.0,115.0,0,933.0,64.4,1,0
132.95,19.15,3124.0,3300.0,1,344.0,414.4,0,2
174.1,28.45,3394.0,4092.0,1,55.0,543.5,1,2
63.33,59.42,1348.0,128.0,0,2210.0,26.9,1,0
101.98,21.12,3845.0,3862.0,1,184.0,506.3,0,2
25.38,41.8,258.0,299.0,0,2701.0,58.9,0,0
180.49,19.85,3374.0,3632.0,1,250.0,763.6,1,2
176.23,23.13,2925.0,3271.0,1,183.0,561.4,0,2
66.12,12.05,1660.0,1628.0,0,3159.0,47.0,0,1
53.84,55.0,2045.0,215.0,0,1699.0,78.2,1,0
56.37,53.69,1574.0,1881.0,0,1782.0,52.7,0,1
180.91,14.97,2817.0,3415.0,1,392.0,660.3,0,2
96.5,39.92,2146.0,2030.0,0,2598.0,31.9,0,1
79.72,36.3,1460.0,1825.0,0,1613.0,20.6,1,1
29.53,56.49,294.0,92.0,0,1646.0,62.4,1,0
75.11,22.36,1952.0,2648.0,0,3377.0,65.2,0,1
59.4,73.96,1364.0,234.0,0,3380.0,22.0,1,0
41.35,56.85,938.0,85.0,0,2527.0,34.1,1,0
18.24,64.82,21.0,287.0,0,2364.0,67.2,1,0
23.44,54.4,51.0,390.0,0,3596.0,64.3,0,0
67.49,23.96,1554.0,1566.0,0,3204.0,47.0,0,1
21.53,58.79,167.0,171.0,0,3093.0,35.9,0,0
149.79,14.14,2829.0,3211.0,1,360.0,454.8,0,2
31.13,68.94,952.0,147.0,0,2227.0,65.9,1,0
69.6,51.37,1586.0,962.0,0,1877.0,16.2,1,1
28.47,38.63,254.0,169.0,0,3094.0,67.3,1,0
63.31,29.64,1365.0,1584.0,0,1052.0,47.8,1,1
79.56,42.05,2288.0,2874.0,1,298.0,534.4,0,1
86.58,30.74,2173.0,1172.0,0,1190.0,67.6,0,1
46.55,30.84,2064.0,1670.0,1,77.0,473.1,1,1
23.02,42.07,222.0,314.0,0,2170.0,29.6,1,0
100.3,43.13,3347.0,2782.0,0,2763.0,22.1,1,1
46.67,39.68,1606.0,1706.0,0,3623.0,62.4,1,1
112.15,7.6,3442.0,3874.0,1,324.0,642.3,0,2
25.19,58.56,3.0,315.0,0,1881.0,70.4,0,0
109.47,11.66,1771.0,1526.0,0,1899.0,54.9,0,1
86.61,41.05,3062.0,1676.0,1,288.0,551.6,0,1
99.45,39.5,2426.0,2342.0,0,2940.0,23.1,1,1
62.24,77.17,2094.0,334.0,0,1579.0,65.3,1,0
23.89,60.64,57.0,196.0,0,1616.0,75.8,0,0
173.41,26.23,3253.0,3903.0,1,58.0,550.8,1,2
127.99,18.73,2957.0,3122.0,1,294.0,878.5,0,2
94.72,24.32,3424.0,2938.0,1,357.0,380.5,0,2
62.23,78.07,1934.0,251.0,0,3729.0,74.8,1,0
83.6,29.95,1899.0,1906.0,0,3280.0,78.0,1,1
99.0,14.88,2218.0,2310.0,1,152.0,256.7,0,1
29.64,35.36,280.0,242.0,0,906.0,66.8,0,0
30.34,75.38,1019.0,464.0,0,909.0,55.9,1,0
121.54,5.4,2918.0,3256.0,1,334.0,210.9,1,2
51.3,59.27,912.0,290.0,0,1870.0,61.1,1,0
24.28,53.87,298.0,151.0,0,2294.0,21.9,0,0
189.92,7.03,2940.0,2867.0,1,196.0,549.8,0,2
56.16,34.35,3328.0,2485.0,1,325.0,667.7,0,1
40.5,59.34,1127.0,413.0,0,1910.0,60.0,1,0
44.91,26.03,1937.0,815.0,1,193.0,219.7,1,1
78.6,24.23,2241.0,877.0,1,240.0,258.5,0,1
95.13,22.78,3052.0,2597.0,0,819.0,65.9,0,1
107.85,24.92,3545.0,2984.0,1,301.0,849.5,0,2
77.05,16.12,2614.0,1745.0,1,271.0,543.0,1,1
91.68,36.55,1631.0,2837.0,1,377.0,452.9,0,1
32.79,88.78,811.0,76.0,0,2340.0,76.6,1,0
92.74,13.34,3266.0,2767.0,1,206.0,534.7,0,1
72.05,53.24,2483.0,942.0,0,3616.0,72.1,1,1
44.49,31.82,1119.0,1898.0,1,318.0,730.7,1,1
73.95,34.87,1536.0,2899.0,1,194.0,351.7,0,1
66.12,47.76,1629.0,1561.0,0,2908.0,53.7,1,1
182.95,24.77,3483.0,3502.0,1,140.0,709.1,0,2
75.13,47.67,2128.0,1347.0,0,2939.0,3.0,0,1
27.57,39.6,262.0,24.0,0,2924.0,49.9,0,0
55.98,25.04,1075.0,1509.0,0,3450.0,4.6,1,1
53.08,69.62,1159.0,158.0,0,3501.0,64.7,1,0
68.82,42.59,1562.0,1008.0,0,1000.0,45.0,0,1
45.59,25.67,2150.0,1451.0,0,1249.0,49.0,0,1
68.98,54.97,1457.0,1104.0,0,3405.0,69.6,0,1
28.56,75.56,1251.0,396.0,0,1520.0,8.1,1,0
20.14,47.98,228.0,118.0,0,2811.0,42.8,1,0
69.94,11.92,3124.0,2924.0,0,2480.0,9.1,1,1
96.59,38.72,2508.0,2323.0,1,123.0,455.5,1,1
28.92,37.75,109.0,146.0,0,835.0,50.6,0,0
55.53,36.84,3499.0,2928.0,0,1404.0,40.8,0,1
60.19,64.32,1587.0,294.0,0,2989.0,52.4,1,0
67.64,28.01,1735.0,2181.0,0,2270.0,30.2,0,1
53.47,73.94,1549.0,15.0,0,982.0,76.3,1,0
108.21,17.38,3105.0,3332.0,1,363.0,481.7,0,2
57.03,85.29,1752.0,164.0,0,859.0,61.2,1,0
21.68,44.31,215.0,149.0,0,2584.0,56.5,0,0
23.96,55.79,257.0,161.0,0,3546.0,74.4,1,0
118.37,23.82,2846.0,3405.0,1,400.0,592.4,1,2
113.04,10.37,3431.0,4000.0,1,225.0,598.7,0,2
19.8,36.64,274.0,353.0,0,1333.0,6.4,0,0
88.86,45.83,2009.0,978.0,1,188.0,770.8,0,1
31.88,72.08,809.0,161.0,0,2093.0,11.6,1,0
61.65,75.98,1861.0,234.0,0,3033.0,39.7,1,0
179.1,28.63,3070.0,3333.0,1,226.0,737.9,1,2
149.93,14.25,3808.0,3762.0,1,78.0,563.4,1,2
56.64,73.26,1534.0,124.0,0,2962.0,75.3,1,0
50.54,22.97,3081.0,2184.0,1,317.0,658.1,1,1
68.06,37.13,3054.0,1843.0,0,2715.0,49.6,1,1
40.66,67.28,1198.0,349.0,0,3581.0,62.5,1,0
135.17,24.9,3199.0,3507.0,1,146.0,867.2,1,2
190.79,25.63,3820.0,3650.0,1,312.0,233.3,0,2
133.73,23.58,3030.0,2652.0,1,172.0,417.5,0,2
88.87,27.07,2520.0,2151.0,0,2268.0,37.0,1,1
83.41,33.18,1678.0,1759.0,0,1524.0,74.5,0,1
52.01,49.27,1725.0,1705.0,0,1199.0,5.7,1,1
40.01,80.64,679.0,249.0,0,1751.0,45.5,1,0
19.07,56.7,18.0,238.0,0,2622.0,36.4,0,0
60.99,35.56,1810.0,2398.0,0,3629.0,19.0,1,1
28.56,64.57,202.0,319.0,0,3402.0,30.8,1,0
89.5,47.78,2241.0,1148.0,0,1413.0,76.4,1,1
40.91,38.28,887.0,937.0,0,2982.0,44.0,0,1
22.04,60.87,92.0,74.0,0,1226.0,42.8,0,0
113.36,19.3,3740.0,3319.0,1,316.0,300.9,0,2
86.82,38.2,2080.0,2167.0,0,1684.0,33.1,1,1
199.16,20.33,2839.0,2928.0,1,252.0,358.6,1,2
81.99,30.06,860.0,1241.0,0,1101.0,79.1,1,1
47.54,87.01,1525.0,83.0,0,2839.0,60.3,1,0
59.84,26.42,2191.0,1659.0,1,300.0,242.7,1,1
20.32,51.98,131.0,76.0,0,3286.0,33.2,0,0
37.69,67.41,1692.0,66.0,0,3563.0,16.8,1,0
100.03,38.8,1518.0,2728.0,0,1251.0,8.0,0,1
20.87,42.35,87.0,243.0,0,3241.0,69.2,1,0
164.64,33.8,3384.0,3797.0,1,324.0,706.4,1,2
102.73,25.62,3285.0,2631.0,1,273.0,297.0,0,2
62.33,48.85,859.0,1793.0,0,2915.0,36.0,0,1
42.69,74.36,1072.0,490.0,0,1256.0,71.8,1,0
104.82,29.9,3931.0,2573.0,1,216.0,529.6,1,2
29.62,48.68,218.0,78.0,0,2404.0,67.3,1,0
52.87,64.97,877.0,59.0,0,2534.0,29.2,1,0
168.77,26.74,2999.0,3670.0,1,186.0,706.1,1,2
75.67,47.74,1472.0,943.0,0,1316.0,13.9,1,1
62.22,86.78,1539.0,434.0,0,2833.0,12.7,1,0
55.16,40.76,2610.0,1527.0,0,3702.0,48.3,1,1
32.89,65.39,1084.0,312.0,0,3292.0,69.1,1,0
81.19,48.55,1008.0,962.0,0,925.0,27.9,0,1
25.39,36.47,208.0,208.0,0,2750.0,48.9,0,0
47.18,52.16,2423.0,937.0,0,2297.0,62.1,1,1
143.44,29.93,3806.0,3719.0,1,384.0,689.0,0,2
28.09,60.61,285.0,330.0,0,829.0,13.6,1,0
90.37,43.02,2308.0,1704.0,1,283.0,645.6,0,1
59.73,31.39,1450.0,1873.0,0,842.0,70.6,1,1
23.04,62.85,60.0,81.0,0,1610.0,4.5,1,0
105.17,13.03,1915.0,2890.0,1,363.0,693.4,0,1
47.36,31.72,2047.0,1555.0,0,3383.0,25.8,1,1
59.66,63.04,622.0,460.0,0,2266.0,33.8,1,0
26.26,50.9,117.0,262.0,0,819.0,32.9,1,0
28.0,36.5,217.0,106.0,0,1649.0,35.3,0,0
51.23,21.04,3047.0,2800.0,0,3423.0,77.6,1,1
37.23,56.52,1218.0,309.0,0,1622.0,33.6,1,0
163.7,13.98,3697.0,3374.0,1,75.0,592.5,0,2
103.15,25.09,1769.0,1641.0,0,1187.0,3.7,0,1
24.48,55.58,250.0,322.0,0,2726.0,30.2,0,0
25.9,35.34,14.0,357.0,0,1340.0,6.9,1,0
193.58,18.92,3123.0,2969.0,1,134.0,403.9,1,2
99.88,44.23,2784.0,2063.0,0,1191.0,65.6,1,1
60.15,21.06,1541.0,1909.0,0,1632.0,4.3,0,1
28.73,47.33,191.0,101.0,0,3477.0,15.4,1,0
98.38,24.67,3098.0,1923.0,0,2364.0,55.6,1,1
45.52,56.01,2069.0,408.0,0,1591.0,65.0,1,0
23.56,47.71,300.0,101.0,0,2813.0,17.5,0,0
26.54,38.37,267.0,25.0,0,2492.0,59.3,0,0
51.51,78.77,1041.0,277.0,0,999.0,42.9,1,0
126.41,17.02,3796.0,2617.0,1,203.0,232.3,1,2
74.0,47.91,1572.0,1928.0,0,2128.0,25.8,1,1
54.23,81.14,1355.0,403.0,0,1279.0,56.7,1,0
48.79,73.92,1717.0,421.0,0,2174.0,15.7,1,0
61.42,63.93,1210.0,412.0,0,2493.0,49.5,1,0
62.4,22.19,3229.0,2402.0,0,3666.0,39.5,1,1
28.56,62.71,1970.0,60.0,0,2597.0,64.4,1,0
73.68,45.23,1998.0,924.0,0,961.0,40.9,1,1
31.67,88.08,1869.0,183.0,0,1585.0,64.9,1,0
186.82,8.68,4046.0,2525.0,1,259.0,293.4,0,2
71.76,37.27,952.0,1725.0,0,2602.0,17.6,1,1
84.39,50.7,1310.0,1603.0,0,2037.0,59.4,1,1
63.09,83.64,1519.0,234.0,0,1188.0,76.8,1,0
84.27,23.76,3490.0,2714.0,1,77.0,602.0,1,1
21.27,35.04,210.0,335.0,0,2925.0,44.6,1,0
83.94,31.8,1011.0,863.0,0,2072.0,32.4,1,1
59.75,22.28,2465.0,1137.0,0,3409.0,39.5,0,1
50.18,44.25,3398.0,1891.0,0,1024.0,71.6,0,1
48.96,62.13,1864.0,221.0,0,957.0,51.5,1,0
53.94,52.8,2319.0,1431.0,0,1238.0,58.0,0,1
63.39,34.57,3147.0,2505.0,1,88.0,528.1,1,1
117.79,7.09,3166.0,2857.0,1,302.0,421.5,0,2
61.55,20.65,3191.0,1989.0,1,250.0,575.8,1,1
80.47,38.46,2329.0,1392.0,0,2474.0,18.6,1,1
71.88,49.71,2422.0,1352.0,0,2718.0,52.5,1,1
61.27,11.47,3088.0,2863.0,0,2795.0,12.5,1,1
87.43,23.02,1917.0,937.0,0,2118.0,40.9,0,1
105.86,14.63,2855.0,2361.0,0,1119.0,53.6,0,1
32.14,87.9,1988.0,135.0,0,1852.0,70.1,1,0
82.01,20.22,2241.0,2048.0,1,213.0,445.1,1,1
25.07,51.21,108.0,3.0,0,2198.0,79.3,0,0
71.14,20.58,2187.0,1565.0,0,1840.0,67.4,1,1
29.46,49.23,162.0,248.0,0,1805.0,44.4,0,0
61.24,21.24,958.0,1014.0,0,838.0,16.3,0,1
41.75,74.26,1684.0,290.0,0,1208.0,43.6,1,0
50.91,73.63,614.0,197.0,0,1415.0,58.4,1,0
130.16,18.42,3720.0,3646.0,1,238.0,599.5,1,2
105.27,36.6,2939.0,1873.0,1,136.0,673.0,0,1
89.48,47.7,2222.0,885.0,0,2545.0,22.3,1,1
64.71,49.89,1420.0,829.0,0,3732.0,28.1,0,1
19.47,52.47,5.0,356.0,0,3599.0,41.4,0,0
90.26,12.55,3610.0,4048.0,1,400.0,345.4,1,2
35.63,79.88,1825.0,264.0,0,1341.0,29.2,1,0
81.29,35.18,2910.0,2951.0,0,2099.0,34.8,0,1
19.91,54.91,153.0,162.0,0,1147.0,67.5,0,0
143.39,5.11,3862.0,2561.0,1,314.0,695.9,1,2
50.92,24.73,1982.0,1010.0,0,2106.0,46.2,1,1
48.45,70.66,860.0,365.0,0,2599.0,56.2,1,0
28.62,88.97,1214.0,185.0,0,1055.0,48.3,1,0
109.21,36.83,2568.0,2516.0,0,1658.0,62.0,0,1
41.68,73.7,1631.0,36.0,0,1019.0,21.9,1,0
64.56,19.1,2600.0,1849.0,0,3404.0,48.2,1,1
81.1,33.88,1275.0,1346.0,0,2924.0,50.0,1,1
73.58,38.87,1510.0,1676.0,0,2087.0,72.3,1,1
69.46,51.21,1911.0,1949.0,1,146.0,348.4,0,1
178.29,25.7,3975.0,3545.0,1,259.0,478.7,0,2
18.88,40.31,18.0,67.0,0,873.0,32.7,1,0
148.08,22.62,3962.0,3118.0,1,73.0,557.8,0,2
139.94,13.72,3945.0,4016.0,1,350.0,366.5,1,2
20.17,44.18,142.0,324.0,0,1281.0,58.6,0,0
125.88,23.82,3176.0,2765.0,1,328.0,493.0,0,2
37.94,82.4,615.0,59.0,0,2695.0,38.2,1,0
104.32,36.01,1998.0,1848.0,0,3079.0,64.2,1,1
61.75,41.27,3425.0,2701.0,0,3633.0,71.1,0,1
136.52,30.5,3018.0,3264.0,1,133.0,605.8,1,2
92.07,33.04,3996.0,4082.0,1,217.0,894.8,0,2
29.71,59.68,175.0,176.0,0,2612.0,42.2,0,0
38.27,73.74,1095.0,112.0,0,2403.0,19.3,1,0
134.51,25.99,3009.0,2654.0,1,251.0,617.1,1,2
58.09,38.8,1845.0,1821.0,0,2418.0,2.4,0,1
152.36,18.29,2927.0,2759.0,1,65.0,450.8,0,2
102.26,10.61,2946.0,2741.0,1,229.0,482.9,0,2
44.42,51.42,1168.0,1155.0,0,1883.0,66.3,0,1
185.51,21.43,3438.0,3278.0,1,394.0,653.7,0,2
31.0,63.12,1339.0,43.0,0,1388.0,61.1,1,0
44.19,32.06,1483.0,941.0,0,3133.0,30.5,0,1
72.72,42.16,2024.0,1978.0,0,1693.0,31.2,0,1
18.79,48.26,91.0,8.0,0,2701.0,24.0,1,0
55.59,41.96,907.0,1061.0,0,2841.0,64.4,0,1
59.46,13.29,1640.0,2788.0,0,2653.0,5.8,1,1
42.84,63.9,1638.0,302.0,0,1234.0,13.1,1,0
173.65,19.66,4085.0,3012.0,1,322.0,515.1,0,2
92.52,16.48,3818.0,3901.0,1,355.0,783.8,1,2
24.62,54.63,110.0,281.0,0,1601.0,6.5,0,0
51.77,36.47,921.0,1376.0,0,2168.0,15.5,1,1
108.95,33.52,1841.0,1714.0,0,3275.0,31.2,1,1
72.87,44.53,1520.0,2307.0,1,218.0,764.7,1,1
26.1,52.51,260.0,288.0,0,3169.0,61.1,0,0
196.42,34.88,2883.0,2880.0,1,246.0,596.2,1,2
107.33,17.57,4090.0,2583.0,1,153.0,330.6,0,2
22.17,43.13,290.0,297.0,0,2286.0,54.0,1,0
24.67,44.19,162.0,342.0,0,877.0,77.0,1,0
63.49,72.74,1766.0,27.0,0,1886.0,36.3,1,0
77.91,32.88,2079.0,1964.0,0,1687.0,30.1,0,1
130.97,21.59,3530.0,3227.0,1,169.0,654.5,1,2
54.25,22.02,2069.0,1583.0,0,1672.0,60.5,0,1
51.8,85.96,1014.0,448.0,0,3496.0,10.0,1,0
97.13,10.57,2114.0,2100.0,0,3065.0,19.8,1,1
47.8,89.64,892.0,401.0,0,3333.0,27.6,1,0
78.93,28.37,2749.0,2198.0,1,344.0,725.4,0,1
90.35,22.99,3399.0,2762.0,1,379.0,378.3,1,2
38.73,89.18,2130.0,433.0,0,2412.0,46.2,1,0
167.6,15.72,3954.0,3771.0,1,295.0,767.4,0,2
192.42,21.57,3237.0,2661.0,1,287.0,736.5,0,2
71.94,38.59,3329.0,2208.0,0,1077.0,60.8,1,1
191.56,21.18,3043.0,3226.0,1,200.0,201.9,1,2
29.94,35.05,32.0,252.0,0,1345.0,43.0,1,0
18.76,38.17,188.0,193.0,0,2524.0,74.7,0,0
26.55,43.29,229.0,39.0,0,1267.0,63.2,0,0
54.97,79.15,1679.0,313.0,0,959.0,77.2,1,0
190.07,25.34,3350.0,4064.0,1,77.0,426.4,0,2
87.6,22.89,3329.0,2441.0,1,150.0,654.5,1,1
48.83,79.24,1825.0,215.0,0,2549.0,66.3,1,0
57.6,85.84,1124.0,497.0,0,2620.0,44.2,1,0
22.29,61.19,64.0,249.0,0,2166.0,55.1,1,0
23.49,41.64,158.0,302.0,0,847.0,10.5,0,0
47.53,77.84,2133.0,454.0,0,959.0,56.0,1,0
30.3,74.0,1478.0,221.0,0,3778.0,62.8,1,0
21.76,59.75,78.0,56.0,0,3245.0,46.5,0,0
174.37,30.21,2949.0,3383.0,1,296.0,204.4,0,2
93.02,25.02,4016.0,3553.0,1,375.0,382.4,0,2
43.18,32.33,2191.0,1843.0,0,1754.0,77.7,1,1
80.87,25.38,1759.0,1316.0,0,2156.0,19.3,0,1
52.97,54.58,844.0,883.0,0,2186.0,50.8,1,1
162.53,13.19,3432.0,3498.0,1,248.0,324.7,0,2
56.05,85.05,1416.0,127.0,0,2096.0,27.2,1,0
42.56,57.06,2139.0,59.0,0,2699.0,67.5,1,0
100.2,36.05,2645.0,1760.0,0,3333.0,51.8,1,1
24.61,46.9,128.0,136.0,0,1117.0,42.8,0,0
190.17,23.29,2843.0,3235.0,1,216.0,650.6,1,2
29.59,51.8,215.0,201.0,0,3187.0,63.0,0,0
24.37,58.72,90.0,300.0,0,2444.0,4.6,0,0
20.65,53.79,245.0,247.0,0,2246.0,67.7,1,0
91.87,17.61,3764.0,2556.0,1,156.0,747.6,0,2
22.17,43.67,199.0,125.0,0,890.0,0.8,0,0
21.07,51.84,113.0,282.0,0,2314.0,21.9,0,0
45.87,72.1,656.0,137.0,0,1083.0,40.3,1,0
73.94,30.52,1506.0,1941.0,0,3269.0,20.3,0,1
20.83,57.43,87.0,173.0,0,3486.0,59.0,1,0
73.54,46.96,1224.0,1120.0,0,1680.0,27.3,0,1
52.77,55.2,1313.0,272.0,0,3206.0,67.8,1,0
25.82,52.26,255.0,24.0,0,2217.0,53.9,0,0
60.2,36.67,2455.0,2571.0,0,1883.0,48.3,1,1
20.14,62.1,171.0,25.0,0,2192.0,29.0,1,0
28.15,57.39,57.0,336.0,0,2193.0,30.0,1,0
30.78,77.51,1470.0,442.0,0,3323.0,33.3,1,0
70.51,24.42,836.0,1748.0,1,292.0,691.4,0,1
25.48,42.76,59.0,222.0,0,1952.0,39.6,0,0
176.24,7.92,2824.0,2918.0,1,158.0,687.6,1,2
80.44,53.35,2325.0,1035.0,0,2012.0,58.2,0,1
20.94,39.92,100.0,246.0,0,967.0,11.9,0,0
19.4,45.36,139.0,366.0,0,2884.0,1.5,0,0
58.75,54.86,2241.0,1738.0,0,3091.0,58.0,0,1
59.12,62.33,1001.0,451.0,0,2177.0,8.5,1,0
110.74,30.89,3036.0,2597.0,1,186.0,628.9,0,2
87.79,21.64,2222.0,1842.0,0,1685.0,54.7,0,1
154.54,23.19,4070.0,3046.0,1,266.0,283.0,1,2
63.09,77.49,2185.0,252.0,0,1954.0,44.3,1,0
49.68,90.0,1490.0,310.0,0,2892.0,34.3,1,0
43.07,57.84,1770.0,331.0,0,1397.0,72.4,1,0
71.38,11.47,3401.0,2713.0,0,2616.0,19.1,1,1
87.83,36.74,1722.0,1824.0,1,123.0,854.6,1,1
19.12,55.44,140.0,233.0,0,1023.0,61.2,1,0
95.34,12.42,3051.0,3070.0,1,232.0,640.9,0,2
105.84,28.29,1597.0,2343.0,0,2036.0,47.8,1,1
95.94,41.69,1763.0,2911.0,0,3548.0,33.4,0,1
60.46,41.45,1020.0,881.0,1,272.0,570.2,0,1
125.66,29.22,3046.0,3961.0,1,368.0,844.2,1,2
47.48,24.93,1036.0,1207.0,0,2612.0,3.8,1,1
189.23,15.21,3008.0,3832.0,1,280.0,239.4,1,2
75.91,39.77,2883.0,2069.0,1,109.0,263.1,1,1
23.19,36.3,10.0,229.0,0,2778.0,54.4,1,0
67.32,41.15,3485.0,2299.0,1,149.0,405.4,1,1
26.57,36.71,126.0,319.0,0,3515.0,78.6,1,0
118.35,14.65,3689.0,3781.0,1,245.0,449.6,1,2
20.2,46.24,13.0,207.0,0,3778.0,61.3,0,0
95.95,33.04,3647.0,3950.0,1,53.0,669.4,1,2
27.66,62.27,281.0,231.0,0,2693.0,74.5,0,0
78.35,44.73,1515.0,1897.0,1,395.0,340.6,0,1
47.95,37.0,1649.0,1572.0,0,3787.0,19.7,0,1
144.36,31.53,3280.0,3098.0,1,71.0,807.6,0,2
59.21,81.1,1823.0,174.0,0,2991.0,22.9,1,0
25.91,38.92,231.0,9.0,0,1752.0,3.8,0,0
18.86,47.99,210.0,97.0,0,2949.0,28.0,0,0
89.94,43.66,2346.0,1088.0,0,2526.0,18.4,0,1
145.26,28.64,3026.0,3673.0,1,92.0,673.2,0,2
49.76,69.08,1867.0,190.0,0,2911.0,47.2,1,0
51.27,20.78,3435.0,1798.0,1,216.0,671.2,1,1
85.03,48.08,1104.0,1369.0,0,2203.0,54.9,0,1
27.1,39.25,20.0,182.0,0,966.0,14.6,1,0
107.01,17.06,2266.0,2710.0,0,1570.0,71.7,0,1
23.35,35.81,144.0,271.0,0,1069.0,70.4,0,0
48.27,47.26,2265.0,1222.0,0,927.0,29.3,1,1
61.4,34.76,851.0,1695.0,0,3223.0,46.2,0,1
156.48,23.51,3154.0,3148.0,1,127.0,315.7,0,2
26.66,47.92,4.0,232.0,0,2990.0,54.0,0,0
75.97,28.22,2084.0,2626.0,1,226.0,210.7,1,1
23.32,56.07,222.0,380.0,0,2568.0,64.3,1,0
149.42,11.63,3301.0,3195.0,1,124.0,308.1,0,2
55.49,82.63,816.0,104.0,0,2394.0,79.6,1,0
18.46,45.07,229.0,124.0,0,2979.0,21.4,1,0
101.76,13.27,3810.0,2987.0,1,265.0,518.7,0,2
52.01,59.56,1437.0,454.0,0,2573.0,5.2,1,0
38.73,71.22,1709.0,322.0,0,3190.0,57.5,1,0
26.74,51.07,12.0,129.0,0,3770.0,45.2,1,0
68.23,20.38,1867.0,989.0,0,1708.0,31.7,0,1
26.06,63.58,282.0,342.0,0,1228.0,18.6,0,0
48.27,85.94,1370.0,203.0,0,3574.0,27.5,1,0
93.59,21.21,3636.0,3682.0,1,294.0,890.3,1,2
24.32,39.27,61.0,123.0,0,2806.0,27.4,1,0
39.13,77.93,2010.0,113.0,0,848.0,51.1,1,0
55.27,49.92,2145.0,1249.0,0,2911.0,39.7,1,1
88.98,54.46,2258.0,984.0,0,3588.0,19.7,0,1
30.21,62.29,820.0,137.0,0,2492.0,37.9,1,0
71.96,40.97,1576.0,2776.0,1,211.0,413.3,1,1
102.03,20.04,2481.0,1930.0,0,1097.0,30.3,1,1
19.21,39.94,30.0,78.0,0,3708.0,52.8,1,0
102.8,6.56,3911.0,2853.0,1,71.0,361.9,0,2
47.71,80.66,1325.0,63.0,0,2214.0,9.1,1,0
115.67,26.94,3058.0,3467.0,1,183.0,269.1,1,2
58.52,42.14,2073.0,892.0,1,337.0,410.9,0,1
29.1,36.36,231.0,317.0,0,3267.0,27.6,0,0
180.61,29.76,3291.0,2761.0,1,289.0,861.7,0,2
84.01,52.08,2234.0,957.0,0,1176.0,24.0,1,1
35.75,75.62,1650.0,382.0,0,1574.0,74.0,1,0
25.43,55.37,11.0,188.0,0,3772.0,57.1,1,0
23.75,45.19,38.0,254.0,0,2456.0,71.0,1,0
196.36,26.48,3778.0,3391.0,1,323.0,811.9,1,2
64.68,68.06,1950.0,268.0,0,1581.0,47.7,1,0
62.38,28.17,2440.0,1967.0,1,358.0,538.3,1,1
41.52,32.74,955.0,1194.0,0,2090.0,68.9,1,1
61.47,68.4,1783.0,119.0,0,3697.0,48.6,1,0
27.52,64.6,235.0,67.0,0,1999.0,26.5,0,0
87.24,30.84,2075.0,812.0,0,1524.0,65.1,0,1
20.95,62.94,180.0,309.0,0,1955.0,16.1,1,0
18.34,56.45,156.0,234.0,0,3112.0,66.9,0,0
85.66,35.5,1450.0,1136.0,0,1917.0,73.4,0,1
102.38,31.31,3979.0,3757.0,1,90.0,483.2,1,2
50.31,60.64,1313.0,230.0,0,2890.0,46.1,1,0
32.8,76.79,1707.0,249.0,0,3709.0,70.9,1,0
143.71,21.08,4030.0,3301.0,1,304.0,692.6,0,2
38.78,86.34,2021.0,414.0,0,1060.0,9.3,1,0
159.92,24.77,3666.0,4022.0,1,190.0,866.5,1,2
105.47,31.59,2955.0,1526.0,0,1087.0,35.4,1,1
77.66,43.05,1136.0,1709.0,0,2311.0,6.5,1,1
29.86,45.21,47.0,115.0,0,2865.0,62.6,1,0
21.62,59.23,124.0,177.0,0,1620.0,3.5,1,0
125.73,14.95,3763.0,2507.0,1,184.0,887.7,1,2
66.27,21.47,2337.0,996.0,0,2719.0,55.6,1,1
99.49,20.85,3010.0,2626.0,1,281.0,621.3,0,2
23.54,38.66,246.0,35.0,0,2316.0,61.0,1,0
19.35,42.21,191.0,150.0,0,3222.0,69.3,1,0
41.52,44.82,2187.0,1325.0,0,1028.0,3.5,1,1
47.95,56.81,1641.0,344.0,0,908.0,10.4,1,0
22.69,44.9,71.0,340.0,0,2504.0,5.9,0,0
31.45,87.28,1901.0,154.0,0,3760.0,17.1,1,0
56.02,54.43,1378.0,917.0,0,1833.0,44.1,1,1
72.11,47.71,2400.0,1856.0,0,2676.0,28.4,1,1
61.34,88.05,887.0,224.0,0,1932.0,29.6,1,0
57.2,22.9,2768.0,2866.0,0,3186.0,51.2,1,1
32.98,87.59,1908.0,194.0,0,2803.0,4.6,1,0
64.65,48.59,1294.0,1494.0,0,2185.0,9.0,1,1
55.4,28.7,1725.0,1537.0,0,851.0,9.4,0,1
54.5,47.16,1475.0,805.0,0,1887.0,26.1,1,1
141.29,24.69,2816.0,2716.0,1,140.0,274.0,0,2
182.68,16.7,3564.0,2741.0,1,130.0,248.2,0,2
19.32,63.58,163.0,75.0,0,3247.0,49.3,0,0
43.63,78.15,1388.0,377.0,0,2552.0,40.8,1,0
30.63,67.62,2147.0,85.0,0,1731.0,49.4,1,0
59.87,66.42,1651.0,167.0,0,1560.0,54.1,1,0
129.74,10.77,2873.0,2760.0,1,131.0,503.3,1,2
191.48,12.29,3947.0,3923.0,1,319.0,604.6,0,2
160.13,20.6,3865.0,3022.0,1,142.0,335.2,0,2
150.83,26.48,3971.0,3419.0,1,338.0,848.8,1,2
29.49,39.91,108.0,161.0,0,1182.0,51.7,1,0
31.15,80.64,745.0,278.0,0,1851.0,41.1,1,0
74.67,48.3,1742.0,1656.0,0,1522.0,63.6,0,1
57.95,89.12,2140.0,449.0,0,987.0,36.9,1,0
47.11,78.7,1664.0,190.0,0,2551.0,36.1,1,0
26.17,59.1,201.0,387.0,0,2200.0,71.8,0,0
20.65,37.13,67.0,169.0,0,1573.0,31.5,0,0
47.93,46.31,2163.0,1559.0,1,162.0,586.8,1,1
54.98,35.86,2703.0,2606.0,1,379.0,491.0,1,1
164.05,18.89,3892.0,2757.0,1,184.0,894.2,1,2
21.99,57.75,178.0,135.0,0,2395.0,78.2,0,0
62.6,51.89,1842.0,1909.0,0,1764.0,31.5,1,1
27.91,39.62,54.0,126.0,0,2101.0,13.3,0,0
100.79,16.58,2481.0,2752.0,0,3556.0,71.7,0,1
47.63,59.51,1532.0,455.0,0,2527.0,63.8,1,0
28.8,58.3,124.0,151.0,0,3133.0,65.6,1,0
23.4,39.3,1.0,214.0,0,1400.0,60.0,1,0
106.79,25.67,4019.0,3164.0,1,93.0,852.1,0,2
32.9,87.66,1717.0,111.0,0,3180.0,2.7,1,0
20.64,44.49,10.0,252.0,0,1369.0,58.2,1,0
73.38,29.58,2853.0,1969.0,1,158.0,824.7,0,1
129.35,29.36,3858.0,2565.0,1,380.0,384.4,0,2
78.74,20.64,1627.0,1994.0,0,2772.0,5.2,1,1
173.62,24.16,3167.0,2899.0,1,268.0,722.2,0,2
62.45,19.59,3166.0,2976.0,1,61.0,707.8,1,1
55.29,26.14,2364.0,2802.0,1,292.0,897.3,0,1
41.8,87.67,2062.0,218.0,0,1510.0,28.0,1,0
25.97,44.74,198.0,274.0,0,1545.0,45.5,1,0
46.8,83.28,1976.0,98.0,0,2637.0,63.2,1,0
162.2,19.74,3905.0,3839.0,1,396.0,734.9,0,2
29.21,49.64,12.0,393.0,0,2009.0,58.6,1,0
74.53,44.22,1830.0,1673.0,1,252.0,204.7,0,1
33.2,55.47,805.0,280.0,0,2528.0,22.0,1,0
136.26,13.07,3081.0,3409.0,1,252.0,308.8,1,2
61.26,74.51,747.0,40.0,0,1272.0,70.7,1,0
26.9,35.46,120.0,389.0,0,2662.0,27.8,0,0
26.48,54.88,54.0,28.0,0,2969.0,74.2,1,0
44.29,39.07,2105.0,1869.0,0,2038.0,33.0,0,1
60.68,24.26,1203.0,1330.0,0,1694.0,31.8,1,1
21.32,54.73,266.0,131.0,0,3726.0,49.0,1,0
187.79,9.71,3313.0,3932.0,1,154.0,893.1,0,2
51.39,38.45,3298.0,1522.0,0,963.0,38.6,0,1
176.96,31.12,3952.0,3947.0,1,390.0,725.7,0,2
22.41,56.96,82.0,314.0,0,1014.0,3.6,0,0
20.48,61.93,278.0,280.0,0,1687.0,42.8,0,0
130.86,33.06,3755.0,3119.0,1,125.0,628.5,1,2
178.52,10.91,3225.0,3955.0,1,280.0,249.1,1,2
125.28,31.46,3036.0,3778.0,1,284.0,675.7,0,2
35.37,88.19,1557.0,112.0,0,3204.0,45.7,1,0
24.19,42.01,212.0,284.0,0,1317.0,20.8,0,0
153.46,5.85,4074.0,3830.0,1,58.0,271.7,1,2
83.54,53.51,2078.0,1000.0,1,227.0,474.4,1,1
73.16,21.77,1919.0,1309.0,0,3596.0,60.5,0,1
21.49,44.27,101.0,176.0,0,1550.0,17.2,1,0
57.35,43.61,2621.0,2267.0,1,284.0,887.5,0,1
71.62,38.9,916.0,1024.0,0,2830.0,64.0,0,1
22.34,61.33,281.0,304.0,0,2294.0,71.4,1,0
187.51,26.33,3374.0,2542.0,1,332.0,556.7,1,2
53.21,38.26,873.0,947.0,0,2479.0,44.3,0,1
193.41,28.97,3351.0,2830.0,1,62.0,883.6,0,2
154.8,24.53,3642.0,2941.0,1,257.0,796.5,0,2
28.72,56.91,257.0,237.0,0,1368.0,56.7,1,0
22.12,64.96,292.0,138.0,0,3182.0,58.2,0,0
28.94,47.63,139.0,118.0,0,3411.0,55.8,0,0
25.86,62.07,134.0,88.0,0,2355.0,48.9,1,0
60.1,39.84,2193.0,1954.0,0,2028.0,71.7,1,1
24.38,40.46,255.0,252.0,0,996.0,73.3,0,0
42.69,83.14,1667.0,53.0,0,3414.0,28.8,1,0
175.58,33.49,3599.0,3860.0,1,361.0,593.1,1,2
48.96,56.41,650.0,86.0,0,1135.0,22.8,1,0
55.66,26.69,1287.0,1839.0,1,107.0,602.2,1,1
37.45,76.88,830.0,368.0,0,2519.0,67.1,1,0
83.65,25.15,3242.0,1725.0,0,1219.0,30.3,1,1
46.2,23.43,949.0,1051.0,0,1932.0,70.1,0,1
49.99,87.5,1032.0,399.0,0,803.0,25.6,1,0
84.82,38.97,3171.0,2829.0,0,2782.0,51.4,0,1
195.72,19.31,2820.0,2726.0,1,156.0,404.7,1,2
58.46,68.9,2112.0,220.0,0,1650.0,21.6,1,0
18.59,41.15,78.0,342.0,0,2466.0,22.0,0,0
125.48,27.51,2976.0,2652.0,1,400.0,270.2,1,2
50.83,22.36,1715.0,1404.0,0,3503.0,10.2,1,1
31.87,79.13,1415.0,53.0,0,3368.0,53.7,1,0
52.58,83.1,1313.0,286.0,0,1677.0,0.9,1,0
53.56,20.82,3185.0,2904.0,0,1913.0,14.7,0,1
179.1,22.75,3798.0,3109.0,1,190.0,331.2,0,2
61.59,29.2,2031.0,1525.0,0,2923.0,37.3,1,1
92.64,20.7,1763.0,1964.0,0,1784.0,34.0,1,1
62.9,79.66,1331.0,26.0,0,1066.0,48.3,1,0
19.4,39.72,265.0,299.0,0,2802.0,63.4,0,0
60.39,23.23,1514.0,1968.0,0,958.0,9.0,0,1
61.72,40.84,1696.0,1729.0,0,3732.0,3.3,1,1
53.73,64.74,2045.0,412.0,0,2855.0,46.8,1,0
53.87,86.3,1738.0,166.0,0,3687.0,66.2,1,0
52.56,16.61,2610.0,2403.0,0,3157.0,40.0,0,1
97.97,14.86,1773.0,1568.0,0,812.0,25.5,1,1
167.69,30.15,3522.0,3553.0,1,392.0,754.9,1,2
125.56,10.64,3454.0,3238.0,1,369.0,627.2,0,2
103.0,15.99,3393.0,4019.0,1,217.0,377.9,1,2
51.68,64.03,882.0,449.0,0,880.0,64.2,1,0
25.9,44.55,134.0,31.0,0,1171.0,24.2,0,0
29.97,46.14,232.0,124.0,0,2050.0,10.4,1,0
77.42,38.21,1740.0,1732.0,0,3473.0,73.9,1,1
51.18,73.59,1830.0,472.0,0,3542.0,77.5,1,0
85.12,41.71,2712.0,1552.0,0,990.0,48.2,0,1
27.18,50.34,22.0,327.0,0,1056.0,71.2,1,0
28.58,38.55,231.0,130.0,0,1608.0,63.9,1,0
18.99,38.98,192.0,276.0,0,3271.0,20.1,0,0
78.63,20.86,1649.0,1946.0,1,321.0,688.4,0,1
29.86,60.33,20.0,170.0,0,3687.0,77.3,1,0
50.99,55.18,1791.0,202.0,0,2648.0,25.6,1,0
56.0,16.02,1732.0,2098.0,0,3492.0,19.4,1,1
132.37,7.45,3872.0,2873.0,1,264.0,498.2,1,2
78.15,28.28,1455.0,1084.0,1,76.0,341.3,1,1
46.37,82.18,1852.0,327.0,0,1473.0,8.5,1,0
41.88,35.51,1601.0,1963.0,0,2729.0,66.5,0,1
93.62,31.27,3319.0,2577.0,1,348.0,874.7,1,1
118.43,6.81,3051.0,2766.0,1,191.0,755.2,0,2
80.21,44.53,2631.0,2620.0,1,384.0,815.4,0,1
29.32,42.64,53.0,191.0,0,3714.0,41.1,0,0
64.44,10.25,2944.0,1729.0,0,1201.0,54.0,1,1
21.91,59.41,277.0,344.0,0,1273.0,65.8,1,0
27.74,62.19,50.0,268.0,0,1367.0,40.1,0,0
60.42,53.59,2148.0,1012.0,0,992.0,39.1,0,1
79.18,11.89,1960.0,2098.0,1,157.0,587.4,0,1
105.07,12.81,3465.0,1901.0,0,2187.0,19.8,0,1
85.33,20.6,2666.0,2413.0,0,2933.0,39.0,1,1
28.82,52.51,256.0,375.0,0,3100.0,52.3,1,0
40.77,57.73,1661.0,251.0,0,2357.0,58.3,1,0
187.46,10.35,2819.0,2599.0,1,339.0,637.1,0,2
51.33,82.88,1310.0,312.0,0,3791.0,63.5,1,0
183.11,7.17,3051.0,2813.0,1,67.0,761.9,1,2
76.21,33.79,2379.0,2141.0,0,1219.0,45.5,0,1
30.14,83.97,1127.0,416.0,0,1783.0,26.3,1,0
44.52,73.43,601.0,389.0,0,2269.0,55.6,1,0
22.96,54.93,201.0,141.0,0,1423.0,2.1,1,0
21.94,42.33,20.0,254.0,0,1603.0,54.8,1,0
70.36,36.57,850.0,1277.0,0,3577.0,37.9,0,1
151.78,31.07,3756.0,3226.0,1,315.0,754.1,0,2
49.42,81.38,931.0,127.0,0,926.0,10.5,1,0
92.53,10.07,2914.0,2461.0,1,326.0,497.5,1,1
27.44,40.23,118.0,86.0,0,1133.0,58.2,0,0
146.03,13.75,3625.0,3051.0,1,52.0,848.2,0,2
71.89,14.28,3068.0,2394.0,1,227.0,649.7,0,1
83.31,48.8,2194.0,1490.0,0,2127.0,16.4,0,1
78.2,54.99,1175.0,1954.0,1,269.0,424.2,1,1
32.33,89.25,2005.0,61.0,0,822.0,20.0,1,0
19.68,50.52,114.0,221.0,0,2969.0,17.1,0,0
61.94,52.1,1760.0,1343.0,0,1357.0,4.3,1,1
126.57,30.77,3535.0,2641.0,1,307.0,849.8,1,2
91.1,30.45,3050.0,2224.0,0,2941.0,20.5,1,1
172.14,33.38,3208.0,2583.0,1,284.0,871.3,1,2
135.58,8.18,3205.0,2820.0,1,381.0,204.0,1,2
53.69,45.01,1725.0,1988.0,0,3718.0,3.7,1,1
184.68,21.52,3369.0,2630.0,1,146.0,326.0,1,2
131.93,8.91,3121.0,3823.0,1,158.0,725.6,1,2
64.11,29.69,1814.0,1850.0,0,2772.0,18.7,1,1
22.71,55.79,125.0,72.0,0,1308.0,39.4,0,0
23.56,35.66,14.0,82.0,0,3030.0,38.2,1,0
191.56,10.3,3595.0,2631.0,1,276.0,789.4,0,2
79.23,35.79,1661.0,2307.0,1,273.0,883.6,0,1
48.98,37.87,1198.0,1865.0,0,1203.0,5.3,0,1
83.56,43.06,1746.0,1584.0,1,102.0,468.6,0,1
19.23,47.29,78.0,179.0,0,3298.0,17.2,1,0
51.31,40.74,2738.0,2292.0,0,1869.0,30.3,0,1
26.19,51.94,272.0,387.0,0,2182.0,21.8,1,0
40.65,23.75,1123.0,1765.0,0,1761.0,53.9,1,1
175.1,34.77,3434.0,3306.0,1,80.0,282.7,0,2
22.44,50.34,231.0,379.0,0,3156.0,34.1,0,0
26.47,39.26,35.0,254.0,0,3514.0,35.9,0,0
26.04,60.79,166.0,20.0,0,3725.0,30.7,1,0
57.89,73.15,869.0,147.0,0,2122.0,15.3,1,0
56.08,67.33,2075.0,184.0,0,2898.0,38.7,1,0
57.85,58.48,650.0,488.0,0,3044.0,38.0,1,0
21.7,53.26,191.0,84.0,0,1327.0,49.3,1,0
42.64,71.49,1978.0,373.0,0,1852.0,70.3,1,0
73.16,19.46,2096.0,2921.0,0,2982.0,35.6,1,1
96.33,18.69,3109.0,2626.0,1,196.0,412.6,1,2
89.94,54.47,1090.0,1175.0,0,1011.0,68.7,0,1
67.83,26.85,1963.0,1308.0,0,1582.0,64.2,0,1
118.21,27.63,3437.0,2937.0,1,305.0,579.0,1,2
55.15,81.27,1434.0,313.0,0,3521.0,63.9,1,0
71.03,40.9,1772.0,2293.0,0,2862.0,57.3,1,1
62.11,22.97,1035.0,825.0,1,326.0,412.7,0,1
34.77,88.44,1811.0,269.0,0,2835.0,31.8,1,0
70.01,33.13,912.0,1540.0,0,2520.0,52.0,0,1
70.28,28.24,1565.0,1683.0,0,2351.0,40.1,1,1
67.24,44.49,2249.0,2586.0,1,151.0,341.9,0,1
106.59,12.94,3350.0,1908.0,1,218.0,829.1,0,1
176.15,23.43,2864.0,2659.0,1,229.0,264.5,1,2
155.09,13.16,3041.0,3112.0,1,272.0,860.9,1,2
105.96,16.49,2613.0,1581.0,0,1295.0,77.3,1,1
135.69,18.09,2995.0,3117.0,1,105.0,338.0,0,2
43.34,41.82,1356.0,1142.0,0,2089.0,61.3,0,1
20.08,47.37,127.0,174.0,0,2090.0,37.7,0,0
136.35,5.23,3478.0,3049.0,1,321.0,306.2,1,2
52.2,12.21,1686.0,2435.0,1,222.0,863.8,1,1
158.26,15.22,3318.0,3100.0,1,170.0,475.0,1,2
87.99,19.76,1800.0,2197.0,0,2167.0,39.9,0,1
189.79,10.52,3052.0,2594.0,1,207.0,503.0,0,2
159.88,32.77,3281.0,3008.0,1,205.0,383.8,0,2
48.66,71.56,1421.0,99.0,0,2025.0,70.5,1,0
98.24,17.59,3397.0,2463.0,0,1315.0,66.1,0,1
105.83,16.91,2730.0,1931.0,0,1719.0,42.1,1,1
110.4,11.69,3666.0,3321.0,1,366.0,270.9,1,2
66.99,27.98,823.0,1939.0,0,899.0,57.4,1,1
46.99,80.25,1358.0,334.0,0,2135.0,45.8,1,0
29.9,61.0,140.0,389.0,0,1354.0,11.3,0,0
81.64,10.91,2635.0,2332.0,1,89.0,262.6,0,1
19.07,58.87,226.0,270.0,0,1658.0,58.8,0,0
130.91,26.34,3517.0,2989.0,1,161.0,379.7,1,2
64.96,86.07,696.0,424.0,0,3353.0,26.9,1,0
52.91,34.7,2504.0,2569.0,0,1981.0,69.0,1,1
154.43,18.3,3782.0,2657.0,1,298.0,259.9,1,2
79.8,15.72,2306.0,2961.0,0,2379.0,30.9,0,1
54.74,22.97,2484.0,1997.0,0,3297.0,45.2,0,1
122.14,6.86,3688.0,4050.0,1,349.0,339.3,1,2
101.9,11.32,3022.0,2185.0,0,3330.0,76.2,0,1
128.96,30.64,3380.0,3679.0,1,323.0,853.8,0,2
55.16,89.68,1390.0,481.0,0,1665.0,35.7,1,0
53.06,20.23,1655.0,903.0,0,3636.0,76.4,0,1
150.43,19.82,3412.0,3876.0,1,205.0,488.5,1,2
28.32,66.16,798.0,430.0,0,1766.0,72.8,1,0
43.36,63.33,1553.0,4.0,0,1129.0,35.0,1,0
55.92,10.11,3246.0,1882.0,0,2989.0,77.2,0,1
61.53,28.0,1055.0,1054.0,1,62.0,565.7,1,1
155.52,13.35,3914.0,3933.0,1,129.0,701.9,1,2
60.83,76.03,1028.0,179.0,0,3642.0,63.8,1,0
106.58,12.49,2826.0,3561.0,1,363.0,590.0,0,2
54.0,39.87,3311.0,2371.0,1,92.0,324.0,1,1
69.56,47.73,1369.0,1619.0,0,1197.0,52.5,1,1
22.71,50.83,142.0,332.0,0,1501.0,78.1,0,0
51.45,61.81,2090.0,333.0,0,3632.0,5.5,1,0
99.27,16.48,3994.0,3207.0,1,196.0,775.7,1,2
93.03,20.15,1784.0,2053.0,0,2017.0,31.6,0,1
161.82,5.28,3586.0,3887.0,1,301.0,892.8,0,2
57.6,40.41,2231.0,1675.0,0,3572.0,66.6,1,1
62.86,21.16,1579.0,1616.0,0,3116.0,25.7,0,1
52.78,73.66,2170.0,339.0,0,3570.0,43.3,1,0
20.5,46.09,224.0,297.0,0,2307.0,76.8,0,0
34.23,79.96,1287.0,230.0,0,1442.0,35.6,1,0
183.52,28.86,4024.0,3697.0,1,396.0,830.1,1,2
32.19,69.37,2029.0,33.0,0,1303.0,22.7,1,0
68.03,29.19,1561.0,1972.0,0,1842.0,14.8,1,1
99.43,29.0,3126.0,1629.0,0,827.0,18.3,1,1
31.4,74.46,675.0,344.0,0,2509.0,28.9,1,0
162.44,10.12,3596.0,3500.0,1,375.0,387.8,1,2
153.37,5.2,3873.0,3587.0,1,72.0,846.9,1,2
86.77,20.1,2377.0,1336.0,0,886.0,22.0,1,1
58.8,39.16,1681.0,2208.0,0,3040.0,17.4,1,1
108.75,16.5,2655.0,1691.0,0,3172.0,29.7,0,1
83.84,25.63,2846.0,1709.0,1,235.0,630.6,1,1
29.54,56.27,74.0,321.0,0,1266.0,10.0,0,0
53.06,39.26,1639.0,888.0,0,3505.0,48.5,1,1
27.91,41.12,288.0,195.0,0,1225.0,12.8,1,0
53.79,57.71,1922.0,225.0,0,1898.0,24.6,1,0
25.9,48.35,132.0,7.0,0,2629.0,10.7,1,0
21.9,38.69,257.0,356.0,0,1636.0,24.2,0,0
103.74,16.54,1543.0,2711.0,1,296.0,852.8,1,1
103.35,34.01,2849.0,3385.0,1,316.0,872.7,1,2
51.76,47.54,1145.0,1824.0,0,2281.0,36.3,1,1
19.75,64.44,37.0,352.0,0,1771.0,14.1,0,0
188.89,12.33,2893.0,3915.0,1,131.0,526.5,0,2
40.36,42.77,1255.0,1406.0,0,3042.0,31.2,0,1
90.21,15.37,3236.0,2556.0,1,379.0,272.2,1,2
42.08,51.11,1098.0,1568.0,0,2425.0,31.7,1,1
46.78,75.22,2198.0,185.0,0,2257.0,44.1,1,0
23.93,60.0,44.0,142.0,0,2369.0,17.4,1,0
48.97,36.59,1284.0,1370.0,0,3111.0,55.6,0,1
64.46,27.5,2383.0,1768.0,0,1521.0,27.7,1,1
54.45,18.12,2797.0,2274.0,0,2493.0,27.9,1,1
95.49,12.66,3377.0,2855.0,1,88.0,578.4,1,2
67.8,36.1,2184.0,1227.0,0,996.0,52.6,0,1
48.85,29.55,2232.0,1765.0,0,1768.0,71.4,0,1
77.43,50.04,1743.0,1913.0,1,128.0,661.4,0,1
68.37,48.68,2202.0,1325.0,1,145.0,392.7,0,1
21.08,40.96,184.0,268.0,0,1586.0,49.1,1,0
27.87,46.63,290.0,387.0,0,1584.0,4.5,0,0
41.76,81.07,2031.0,206.0,0,2469.0,29.8,1,0
129.67,5.81,3527.0,3503.0,1,388.0,282.6,0,2
53.77,53.53,1024.0,1396.0,0,2923.0,36.0,0,1
141.3,22.78,3565.0,2930.0,1,159.0,432.2,1,2
49.81,57.99,1213.0,183.0,0,2951.0,32.8,1,0
60.46,80.39,1693.0,218.0,0,2283.0,62.2,1,0
48.1,52.42,2183.0,1923.0,0,2626.0,50.2,0,1
36.76,59.52,2181.0,336.0,0,1053.0,69.3,1,0
33.23,64.17,1934.0,476.0,0,2064.0,23.6,1,0
26.1,54.87,236.0,255.0,0,1324.0,29.2,1,0
21.15,41.3,271.0,371.0,0,1169.0,31.1,1,0
35.24,75.06,775.0,255.0,0,2110.0,72.4,1,0
61.49,46.55,2343.0,833.0,0,3148.0,36.4,1,1
87.34,42.65,2431.0,1216.0,0,2465.0,46.7,0,1
69.84,35.61,1972.0,1389.0,0,3024.0,10.3,0,1
158.14,9.04,3252.0,3238.0,1,110.0,574.1,1,2
164.28,5.74,3534.0,2752.0,1,321.0,208.2,1,2
27.46,51.74,218.0,12.0,0,3694.0,36.8,1,0
40.66,42.96,1689.0,1419.0,0,3217.0,0.7,1,1
107.15,22.92,3892.0,3165.0,1,383.0,341.5,0,2
79.73,12.63,2636.0,1983.0,1,160.0,681.5,1,1
19.86,42.78,160.0,211.0,0,913.0,62.1,1,0
183.22,29.04,3571.0,3822.0,1,149.0,778.4,1,2
61.07,28.32,3356.0,1591.0,0,2849.0,59.7,1,1
41.94,34.15,1850.0,1194.0,0,1191.0,72.8,1,1
53.99,43.26,1072.0,1843.0,0,1418.0,23.0,0,1
85.59,35.98,2845.0,2932.0,1,102.0,744.5,1,1
96.8,31.59,1533.0,2994.0,1,180.0,387.2,0,1
55.28,35.73,1531.0,1202.0,0,865.0,70.5,1,1
46.25,88.73,797.0,316.0,0,1507.0,69.9,1,0
47.85,75.59,2080.0,295.0,0,2637.0,52.1,1,0
37.12,86.14,1991.0,110.0,0,3438.0,0.8,1,0
20.42,58.51,39.0,23.0,0,2472.0,26.5,0,0
21.14,44.99,174.0,229.0,0,1992.0,42.3,0,0
18.66,41.48,219.0,106.0,0,2569.0,53.4,0,0
44.51,64.7,1214.0,173.0,0,2683.0,7.8,1,0
86.64,17.43,3373.0,2595.0,1,79.0,743.7,0,1
42.14,22.36,1962.0,1171.0,0,2279.0,14.5,1,1
53.56,70.9,1194.0,448.0,0,1934.0,77.0,1,0
20.18,44.54,171.0,8.0,0,2785.0,2.7,1,0
194.5,12.98,3064.0,3182.0,1,144.0,439.4,1,2
188.63,9.87,3743.0,3137.0,1,95.0,610.5,0,2
92.4,26.4,3097.0,3999.0,1,345.0,860.7,1,2
28.84,35.87,280.0,127.0,0,957.0,22.2,0,0
164.66,9.49,3523.0,3304.0,1,137.0,679.3,1,2
22.29,59.87,74.0,293.0,0,2811.0,64.0,1,0
89.63,21.41,1968.0,1262.0,0,1478.0,78.4,1,1
69.91,24.48,1909.0,1013.0,0,1200.0,78.0,1,1
54.51,58.12,1212.0,481.0,0,3579.0,52.1,1,0
22.86,43.26,282.0,308.0,0,3787.0,37.1,0,0
54.48,69.26,1345.0,347.0,0,3697.0,15.3,1,0
53.61,59.99,1639.0,144.0,0,3632.0,73.7,1,0
50.4,59.8,1212.0,58.0,0,3729.0,22.4,1,0
51.41,75.58,1537.0,373.0,0,811.0,7.6,1,0
196.01,26.37,3380.0,3594.0,1,290.0,621.8,1,2
84.39,28.61,1449.0,1122.0,1,202.0,213.7,0,1
92.54,30.67,1641.0,1695.0,1,250.0,762.1,0,1
139.85,32.97,3085.0,3089.0,1,286.0,217.5,0,2
55.44,71.87,1968.0,427.0,0,1935.0,74.3,1,0
173.54,13.38,3047.0,4093.0,1,129.0,632.5,1,2
28.04,39.35,256.0,73.0,0,3260.0,54.2,0,0
54.51,87.9,1244.0,6.0,0,1847.0,6.7,1,0
70.2,10.59,2474.0,2602.0,0,1393.0,63.9,1,1
48.66,64.51,1669.0,498.0,0,2764.0,60.2,1,0
150.05,17.47,3713.0,3622.0,1,85.0,362.1,0,2
73.61,54.02,842.0,1589.0,0,3513.0,63.4,1,1
90.53,30.8,2913.0,2906.0,0,1920.0,49.4,1,1
102.85,20.59,1504.0,1641.0,1,204.0,832.7,1,1
47.87,35.64,1572.0,838.0,0,2949.0,66.8,1,1
37.3,69.93,1286.0,157.0,0,3622.0,19.4,1,0
74.22,32.52,1171.0,1158.0,0,2238.0,14.7,0,1
52.2,22.73,2851.0,2144.0,0,3193.0,45.5,0,1
159.52,32.16,2966.0,3447.0,1,77.0,438.5,1,2
24.97,59.44,153.0,171.0,0,3692.0,7.2,0,0
93.76,20.35,1510.0,1536.0,0,3351.0,49.7,0,1
43.75,81.28,1993.0,404.0,0,2713.0,29.8,1,0
59.94,28.99,2447.0,1591.0,0,2420.0,11.6,0,1
110.54,10.0,2970.0,3612.0,1,277.0,620.2,0,2
85.73,10.59,1520.0,1762.0,0,1601.0,26.7,0,1
115.15,31.84,3145.0,2567.0,1,240.0,491.2,1,2
40.05,82.19,1110.0,28.0,0,1119.0,44.4,1,0
79.92,24.56,1114.0,1241.0,0,2642.0,4.5,1,1
106.72,26.45,4084.0,3848.0,1,361.0,816.7,1,2
75.61,43.94,1904.0,2783.0,1,354.0,874.5,1,1
35.72,76.21,1706.0,28.0,0,1656.0,78.7,1,0
57.89,49.59,1787.0,1288.0,0,1550.0,76.4,0,1
53.03,17.12,3200.0,1722.0,0,2650.0,57.1,0,1
18.4,62.02,214.0,313.0,0,3493.0,51.7,1,0
25.44,42.35,245.0,172.0,0,885.0,23.3,1,0
31.53,89.15,810.0,337.0,0,3265.0,77.8,1,0
86.33,45.02,1691.0,961.0,1,215.0,528.7,0,1
53.28,72.48,1243.0,498.0,0,1396.0,29.2,1,0
87.35,25.55,2411.0,1125.0,0,1534.0,74.5,1,1
180.62,8.22,2816.0,3295.0,1,394.0,345.8,1,2
86.41,27.61,1970.0,1508.0,0,3604.0,6.4,0,1
22.63,56.45,186.0,198.0,0,1639.0,31.8,0,0
98.09,5.73,3218.0,2666.0,1,83.0,801.0,0,2
28.85,52.93,270.0,362.0,0,2941.0,6.1,1,0
46.08,60.75,2055.0,466.0,0,1749.0,25.0,1,0
21.14,43.57,75.0,201.0,0,3390.0,25.0,1,0
54.56,83.89,1866.0,207.0,0,3599.0,29.2,1,0
60.88,57.61,1985.0,126.0,0,1137.0,16.0,1,0
63.94,63.04,1627.0,498.0,0,855.0,0.0,1,0
116.53,26.25,3535.0,3436.0,1,90.0,776.2,0,2
84.86,41.41,2710.0,2237.0,0,1741.0,21.8,0,1
27.11,42.65,287.0,311.0,0,1728.0,46.3,0,0
22.9,35.24,111.0,110.0,0,1527.0,49.2,1,0
46.93,57.8,1522.0,78.0,0,3334.0,72.0,1,0
86.04,20.62,1739.0,1517.0,0,2877.0,2.4,0,1
133.39,9.33,3812.0,3976.0,1,217.0,399.8,0,2
171.22,32.92,3796.0,3771.0,1,236.0,601.6,1,2
110.03,30.14,2914.0,3827.0,1,165.0,251.1,0,2
18.81,61.87,156.0,387.0,0,897.0,39.6,0,0
148.13,34.07,2999.0,3847.0,1,340.0,499.1,0,2
25.44,35.02,149.0,258.0,0,858.0,16.0,0,0
28.85,55.0,16.0,192.0,0,2340.0,29.5,0,0
31.76,70.57,1930.0,389.0,0,2436.0,30.0,1,0
66.76,25.67,2528.0,1603.0,0,1197.0,57.4,0,1
82.14,34.06,3080.0,1837.0,0,1029.0,47.9,1,1
64.23,86.93,1722.0,335.0,0,2907.0,29.6,1,0
28.21,60.61,172.0,87.0,0,1276.0,25.0,1,0
32.82,75.75,1793.0,352.0,0,3371.0,25.3,1,0
79.01,37.59,1009.0,894.0,0,1316.0,35.7,1,1
66.03,28.0,1550.0,1500.0,0,2065.0,17.7,0,1
50.92,29.5,1890.0,1209.0,0,814.0,46.9,1,1
80.83,21.19,1116.0,1544.0,0,912.0,58.8,1,1
135.27,5.96,3627.0,2906.0,1,67.0,794.2,0,2
40.81,29.7,2289.0,1975.0,0,1101.0,62.7,0,1
30.7,79.0,751.0,198.0,0,978.0,48.2,1,0
174.63,21.95,2874.0,3869.0,1,72.0,229.3,1,2
100.06,29.56,2837.0,2788.0,1,273.0,525.3,1,2
18.52,50.31,100.0,215.0,0,1032.0,43.3,1,0
74.62,12.06,2552.0,1616.0,0,3623.0,19.1,1,1
63.74,51.51,2301.0,1742.0,0,2993.0,76.4,0,1
162.11,16.87,3260.0,3276.0,1,193.0,207.7,1,2
42.12,24.68,2022.0,1823.0,0,2360.0,60.4,1,1
149.01,32.4,3673.0,3238.0,1,241.0,889.4,0,2
80.29,13.78,2441.0,1977.0,0,1520.0,65.7,1,1
60.25,44.89,2006.0,978.0,0,3112.0,74.9,0,1
47.23,50.47,1521.0,1133.0,0,2184.0,75.0,0,1
65.81,34.31,1994.0,1149.0,0,1635.0,76.6,0,1
19.03,50.76,76.0,292.0,0,3209.0,59.5,0,0
27.34,58.08,266.0,13.0,0,1098.0,10.6,1,0
108.28,24.16,3207.0,2746.0,0,3645.0,63.5,1,1
28.33,39.22,166.0,1.0,0,1206.0,13.9,0,0
156.61,10.21,3482.0,3855.0,1,301.0,834.9,0,2
49.01,37.72,1832.0,1672.0,0,2566.0,70.5,0,1
22.48,60.15,190.0,20.0,0,2808.0,6.6,1,0
94.75,23.61,3113.0,3745.0,1,251.0,883.6,0,2
42.9,52.92,866.0,909.0,1,266.0,873.3,1,1
154.77,28.96,4050.0,2939.0,1,251.0,712.5,0,2
59.89,61.51,1082.0,451.0,0,1231.0,1.2,1,0
42.7,42.11,1638.0,1044.0,0,3549.0,8.9,0,1
54.64,23.42,3230.0,1850.0,1,349.0,386.7,1,1
94.8,11.92,1889.0,2534.0,0,1464.0,56.8,0,1
32.37,59.07,988.0,301.0,0,2592.0,62.6,1,0
48.35,45.28,1637.0,1239.0,1,296.0,630.8,0,1
98.78,36.97,2879.0,2326.0,1,268.0,311.5,1,1
57.75,89.9,1153.0,161.0,0,3324.0,33.7,1,0
161.78,18.6,3827.0,4090.0,1,186.0,612.5,1,2
49.52,56.75,1193.0,339.0,0,2403.0,13.3,1,0
52.88,11.06,2139.0,1794.0,0,2266.0,8.8,0,1
23.47,62.08,124.0,304.0,0,3635.0,78.2,1,0
195.28,31.35,3812.0,3326.0,1,324.0,679.0,0,2
63.83,23.1,1961.0,985.0,0,1152.0,36.9,0,1
107.96,42.31,1711.0,1721.0,0,1492.0,4.3,1,1
187.75,21.47,3821.0,3688.0,1,379.0,699.7,0,2
90.67,9.32,3764.0,3617.0,1,100.0,505.2,0,2
22.69,64.38,107.0,99.0,0,2596.0,30.5,1,0
104.67,34.41,3662.0,2654.0,1,115.0,474.3,1,2
59.28,26.02,1658.0,2313.0,0,2337.0,79.1,0,1
49.04,76.47,870.0,119.0,0,3130.0,79.5,1,0
51.35,80.32,1141.0,376.0,0,2919.0,71.7,1,0
55.68,30.04,1637.0,1745.0,0,3308.0,61.2,0,1
184.57,19.88,3063.0,3682.0,1,293.0,726.3,1,2
20.18,51.25,75.0,265.0,0,1603.0,47.3,1,0
95.56,40.07,2293.0,2656.0,0,3518.0,39.4,0,1
164.48,26.72,3002.0,3102.0,1,102.0,670.3,0,2
34.94,65.95,2103.0,126.0,0,2730.0,65.1,1,0
76.83,35.58,1543.0,1076.0,0,1614.0,37.0,0,1
113.16,29.34,3690.0,4082.0,1,200.0,441.0,0,2
49.58,74.78,1491.0,414.0,0,1280.0,43.8,1,0
52.25,15.05,2834.0,1850.0,0,1617.0,59.4,0,1
22.9,60.96,58.0,139.0,0,1693.0,16.8,1,0
47.23,39.42,1790.0,1965.0,0,1235.0,33.6,1,1
24.56,59.14,3.0,387.0,0,1034.0,68.9,1,0
95.84,10.09,3301.0,1697.0,1,130.0,685.7,1,1
182.73,16.43,3741.0,3704.0,1,361.0,894.6,0,2
45.68,57.0,924.0,288.0,0,3698.0,56.7,1,0
28.96,55.85,292.0,44.0,0,3778.0,62.6,1,0
76.59,30.64,3484.0,1842.0,0,1695.0,24.0,1,1
178.22,22.98,3820.0,4083.0,1,160.0,326.2,1,2
57.24,89.76,1110.0,96.0,0,2181.0,52.2,1,0
22.46,63.61,253.0,336.0,0,2618.0,19.8,1,0
24.25,44.67,216.0,250.0,0,2210.0,8.2,1,0
89.31,25.13,2407.0,1617.0,0,1136.0,20.5,1,1
56.85,51.05,926.0,1236.0,0,1453.0,14.1,1,1
51.47,42.72,2237.0,2773.0,0,2854.0,31.0,1,1
72.24,24.23,1275.0,1149.0,0,1041.0,13.9,0,1
160.59,6.87,3308.0,3756.0,1,255.0,604.3,1,2
145.84,26.97,3742.0,3436.0,1,198.0,416.3,1,2
99.31,14.44,3180.0,2741.0,0,2269.0,33.2,0,1
40.52,22.02,1243.0,1137.0,0,2151.0,35.4,0,1
71.4,43.73,1881.0,1894.0,0,3295.0,70.4,1,1
154.07,8.54,3696.0,3251.0,1,89.0,313.1,1,2
48.08,28.25,995.0,1247.0,0,1246.0,63.3,0,1
48.69,61.57,2151.0,491.0,0,1410.0,23.7,1,0
110.23,13.79,2986.0,3218.0,1,398.0,882.5,1,2
86.96,19.12,3476.0,2275.0,0,2235.0,9.9,0,1
69.85,44.87,2317.0,2283.0,0,1609.0,71.4,1,1
28.42,45.87,118.0,131.0,0,2745.0,12.0,1,0
64.04,66.82,1081.0,207.0,0,2999.0,79.5,1,0
68.7,20.44,1555.0,1642.0,1,213.0,222.7,1,1
22.35,46.86,204.0,6.0,0,2532.0,31.1,0,0
38.81,83.76,1276.0,320.0,0,1257.0,47.9,1,0
24.66,45.48,200.0,134.0,0,2769.0,24.2,0,0
98.3,15.62,2151.0,2560.0,0,3163.0,65.6,1,1
84.96,32.2,1569.0,2130.0,0,1653.0,3.6,0,1
74.78,36.28,2729.0,1613.0,0,2066.0,6.1,1,1
69.74,47.5,1631.0,1206.0,0,1705.0,68.0,1,1
88.74,49.33,1807.0,1669.0,0,2000.0,59.6,0,1
173.53,5.73,2895.0,3460.0,1,164.0,614.6,1,2
63.57,58.37,1664.0,37.0,0,3716.0,19.2,1,0
22.44,44.81,184.0,223.0,0,3531.0,29.1,1,0
98.9,43.45,3475.0,1840.0,0,3127.0,55.2,1,1
19.02,55.59,97.0,28.0,0,1743.0,35.4,0,0
41.47,43.3,2320.0,1995.0,0,3294.0,57.6,0,1
99.21,7.46,2835.0,2520.0,1,181.0,249.9,1,2
52.11,23.33,1915.0,1010.0,0,1378.0,45.2,0,1
102.97,20.84,4002.0,2942.0,1,267.0,721.7,0,2
100.92,5.45,3894.0,4091.0,1,199.0,823.5,1,2
152.83,20.96,3025.0,3753.0,1,83.0,734.3,0,2
86.36,27.91,1900.0,1813.0,0,1179.0,40.8,1,1
27.62,41.89,124.0,218.0,0,3239.0,77.4,1,0
62.97,79.57,1921.0,481.0,0,1793.0,50.6,1,0
49.35,40.75,1076.0,820.0,1,275.0,706.0,0,1
19.25,62.47,60.0,310.0,0,1015.0,66.1,1,0
86.14,18.1,2734.0,2397.0,0,3466.0,79.4,1,1
151.25,22.03,2832.0,3664.0,1,280.0,479.0,0,2
53.03,26.12,1948.0,1593.0,0,1370.0,22.7,0,1
101.31,5.99,3165.0,3774.0,1,180.0,364.9,1,2
85.3,32.81,2931.0,1653.0,0,1345.0,3.7,1,1
122.87,23.74,3157.0,3242.0,1,80.0,874.0,0,2
86.07,38.66,2886.0,2851.0,0,2348.0,63.7,0,1
27.84,51.51,92.0,265.0,0,2550.0,11.3,1,0
45.33,33.62,1484.0,1953.0,0,3645.0,22.8,0,1
73.04,54.65,1376.0,813.0,0,3462.0,58.9,1,1
99.68,23.8,2414.0,2465.0,0,964.0,24.7,1,1
149.33,11.62,3178.0,2733.0,1,276.0,371.1,0,2
63.53,62.74,1513.0,484.0,0,3294.0,19.9,1,0
26.46,44.78,20.0,365.0,0,3567.0,46.6,0,0
165.75,24.7,3390.0,2857.0,1,290.0,838.5,1,2
63.88,60.76,1892.0,37.0,0,3286.0,50.0,1,0
26.98,40.7,14.0,343.0,0,1771.0,60.0,1,0
57.29,10.82,2038.0,2319.0,0,3257.0,28.4,1,1
152.32,22.48,3567.0,3427.0,1,383.0,442.9,0,2
75.55,24.56,892.0,1837.0,0,3666.0,38.1,1,1
137.44,21.35,2975.0,2734.0,1,79.0,607.9,0,2
145.86,16.96,3323.0,3169.0,1,288.0,618.5,1,2
84.79,26.83,1670.0,856.0,0,3199.0,5.4,0,1
196.08,10.66,3816.0,3299.0,1,349.0,410.8,1,2
51.23,44.69,2808.0,2988.0,0,3454.0,1.3,1,1
55.05,53.19,1924.0,1900.0,0,1070.0,76.4,1,1
23.85,54.82,150.0,306.0,0,1791.0,62.3,0,0
73.57,40.31,2293.0,1375.0,0,1876.0,69.3,1,1
130.15,30.41,4030.0,3679.0,1,359.0,305.2,1,2
98.26,11.46,3877.0,3993.0,1,333.0,648.3,0,2
27.86,51.19,152.0,58.0,0,2519.0,54.8,1,0
57.99,74.05,1349.0,70.0,0,2703.0,32.8,1,0
29.25,62.41,126.0,6.0,0,3139.0,70.5,0,0
115.25,7.35,3356.0,3737.0,1,305.0,377.8,0,2
103.75,28.75,4064.0,3267.0,1,177.0,708.5,0,2
67.46,34.33,958.0,1342.0,0,1574.0,6.0,0,1
19.44,39.65,235.0,155.0,0,3443.0,65.7,0,0
152.94,15.09,2846.0,3103.0,1,299.0,752.9,0,2
151.02,29.85,2913.0,2827.0,1,277.0,420.6,1,2
59.43,34.81,2561.0,2231.0,0,2706.0,25.1,0,1
91.73,20.49,3173.0,2265.0,0,3517.0,3.6,1,1
55.47,51.04,2244.0,1818.0,0,3522.0,42.4,0,1
137.0,31.37,3443.0,3434.0,1,246.0,752.2,1,2
29.56,86.51,1213.0,221.0,0,3327.0,59.6,1,0
88.3,27.95,2610.0,1697.0,0,2762.0,39.6,0,1
24.48,63.25,105.0,361.0,0,1645.0,24.5,1,0
80.69,15.27,1792.0,2329.0,0,2624.0,24.8,0,1
95.5,13.51,3062.0,3280.0,1,309.0,256.8,1,2
24.3,64.05,181.0,255.0,0,3783.0,59.6,1,0
18.6,44.23,273.0,127.0,0,2347.0,8.6,0,0
22.35,60.54,55.0,362.0,0,3666.0,30.6,0,0
90.93,17.4,2052.0,2868.0,0,3139.0,68.7,0,1
59.32,18.66,1966.0,2423.0,1,357.0,705.7,1,1
64.4,43.3,2530.0,2708.0,0,3624.0,0.3,0,1
40.46,63.8,1561.0,107.0,0,2372.0,12.6,1,0
59.66,63.28,904.0,119.0,0,1077.0,26.6,1,0
47.14,36.34,1162.0,1618.0,0,2450.0,3.0,1,1
81.05,50.3,2095.0,884.0,0,1957.0,79.9,1,1
19.23,60.57,189.0,30.0,0,2760.0,75.3,0,0
126.5,18.17,3888.0,3443.0,1,120.0,787.1,0,2
35.62,59.24,1448.0,59.0,0,2619.0,22.5,1,0
81.82,12.25,2775.0,2145.0,0,2762.0,3.9,0,1
92.65,42.26,2144.0,2859.0,0,1543.0,67.2,1,1
58.62,62.55,639.0,261.0,0,2401.0,71.7,1,0
60.95,30.34,1978.0,2764.0,1,156.0,311.3,1,1
189.85,18.59,3105.0,2989.0,1,66.0,239.0,0,2
123.28,20.28,3379.0,3982.0,1,107.0,329.9,0,2
55.23,45.11,1942.0,1751.0,0,2969.0,47.3,1,1
129.66,23.01,3188.0,3919.0,1,151.0,800.2,0,2
181.61,26.77,3160.0,2519.0,1,294.0,722.3,1,2
84.13,48.68,1502.0,883.0,0,3782.0,66.7,0,1
53.06,58.07,1442.0,192.0,0,2061.0,47.7,1,0
112.47,24.57,2968.0,2698.0,1,308.0,394.7,1,2
157.62,12.03,3454.0,3721.0,1,351.0,666.5,0,2
62.67,22.69,1705.0,1341.0,0,817.0,29.5,1,1
43.62,42.5,1902.0,1595.0,0,2027.0,9.7,0,1
22.37,41.46,197.0,362.0,0,3286.0,29.7,0,0
23.87,48.33,211.0,373.0,0,3562.0,56.2,1,0
48.43,57.94,1310.0,149.0,0,1513.0,25.4,1,0
31.87,66.79,717.0,24.0,0,2191.0,2.4,1,0
102.68,10.22,2970.0,3207.0,1,242.0,795.0,0,2
169.19,21.42,4022.0,2750.0,1,181.0,816.0,1,2
93.55,10.73,3760.0,3934.0,1,323.0,416.4,0,2
28.53,44.53,234.0,220.0,0,2993.0,33.1,0,0
50.15,35.37,2705.0,1709.0,0,2517.0,40.4,1,1
18.18,37.85,130.0,288.0,0,2444.0,41.4,1,0
53.46,24.46,2596.0,1565.0,0,2589.0,10.2,1,1
39.42,66.28,1454.0,447.0,0,3624.0,76.2,1,0
50.5,41.03,2557.0,2334.0,0,3106.0,10.2,0,1
22.53,42.38,130.0,393.0,0,3591.0,72.4,0,0
41.61,66.46,1854.0,291.0,0,819.0,32.9,1,0
42.89,65.28,1080.0,37.0,0,2598.0,8.3,1,0
70.78,36.1,1325.0,1587.0,0,2463.0,52.1,1,1
59.42,31.99,2388.0,1705.0,0,1222.0,15.5,0,1
23.69,55.36,0.0,70.0,0,1045.0,76.3,0,0
117.08,11.42,3722.0,2943.0,1,203.0,820.1,1,2
120.26,6.36,2946.0,2939.0,1,372.0,517.8,0,2
155.42,5.18,3970.0,2815.0,1,78.0,899.6,1,2
62.71,66.55,1295.0,446.0,0,2004.0,69.2,1,0
60.84,46.3,1637.0,1918.0,0,920.0,63.3,1,1
116.46,27.9,3155.0,3682.0,1,322.0,553.3,1,2
86.69,35.6,1882.0,1369.0,1,55.0,777.9,1,1
57.62,37.02,1855.0,1145.0,0,2266.0,9.9,1,1
81.34,36.06,3350.0,2659.0,0,2129.0,12.3,1,1
35.94,79.74,1849.0,24.0,0,3219.0,16.3,1,0
74.32,19.48,3361.0,2496.0,1,299.0,583.9,1,1
36.75,68.6,1273.0,375.0,0,3426.0,65.4,1,0
49.62,68.1,2078.0,355.0,0,2049.0,56.4,1,0
73.84,44.42,1580.0,2027.0,0,2308.0,8.0,0,1
198.45,20.79,4019.0,2684.0,1,358.0,235.7,1,2
126.57,26.45,3196.0,2881.0,1,369.0,775.8,1,2
22.61,41.16,114.0,289.0,0,3201.0,66.5,0,0
29.49,51.53,228.0,4.0,0,1939.0,44.3,0,0
127.35,24.28,3210.0,2597.0,1,70.0,275.3,0,2
156.41,6.6,3777.0,3086.0,1,53.0,677.0,1,2
28.25,35.79,219.0,156.0,0,2613.0,2.6,1,0
32.07,60.25,993.0,450.0,0,3614.0,63.1,1,0
46.95,60.13,2168.0,132.0,0,2935.0,44.6,1,0
43.18,33.43,2400.0,1492.0,1,358.0,270.7,1,1
28.09,35.17,101.0,148.0,0,1004.0,33.3,1,0
31.74,62.32,610.0,471.0,0,2068.0,70.8,1,0
56.04,75.31,1807.0,324.0,0,2331.0,46.5,1,0
20.79,50.85,220.0,34.0,0,2839.0,23.7,1,0
72.48,30.53,1800.0,1091.0,1,100.0,803.1,0,1
50.03,72.62,1362.0,76.0,0,3388.0,68.8,1,0
75.3,33.48,2139.0,1780.0,0,3412.0,14.1,0,1
194.94,28.01,3478.0,3459.0,1,313.0,418.0,1,2
188.11,12.62,3927.0,3145.0,1,147.0,774.4,1,2
174.02,5.59,3153.0,3425.0,1,181.0,838.6,0,2
21.32,41.24,75.0,187.0,0,1312.0,70.3,1,0
50.96,75.22,1907.0,243.0,0,2479.0,4.1,1,0
30.55,89.85,1571.0,465.0,0,2462.0,25.3,1,0
22.3,51.42,285.0,134.0,0,1070.0,45.7,1,0
61.77,22.56,1055.0,1279.0,1,130.0,750.2,0,1
57.47,89.16,1816.0,342.0,0,3425.0,74.3,1,0
96.26,27.23,2572.0,2591.0,1,146.0,829.6,1,1
49.64,47.78,2131.0,1579.0,0,2407.0,27.8,0,1
139.63,8.57,3132.0,3790.0,1,196.0,210.6,0,2
66.21,37.29,1448.0,1094.0,0,2744.0,34.7,1,1
20.89,41.01,262.0,328.0,0,1064.0,24.3,0,0
29.17,86.67,1949.0,226.0,0,1357.0,57.2,1,0
52.66,89.69,1191.0,274.0,0,1683.0,13.5,1,0
34.01,78.74,1618.0,114.0,0,3125.0,36.9,1,0
33.18,79.24,1834.0,359.0,0,1573.0,15.8,1,0
56.02,66.8,1291.0,359.0,0,3641.0,54.7,1,0
60.49,21.3,3204.0,1523.0,0,1590.0,61.4,0,1
58.68,72.39,1721.0,89.0,0,2035.0,38.0,1,0
84.0,21.98,3048.0,1911.0,0,3339.0,41.7,0,1
185.12,34.85,3204.0,3616.0,1,282.0,401.5,0,2
37.31,89.75,1962.0,201.0,0,992.0,40.7,1,0
135.36,23.54,3547.0,2854.0,1,103.0,631.5,1,2
26.92,50.27,167.0,353.0,0,1260.0,9.3,0,0
44.92,40.35,1309.0,839.0,0,3189.0,33.8,0,1
18.94,39.03,153.0,243.0,0,1637.0,35.3,1,0
61.05,59.01,1194.0,302.0,0,1715.0,73.2,1,0
54.58,42.95,3187.0,1837.0,0,961.0,0.5,0,1
22.49,37.62,64.0,231.0,0,1031.0,76.4,0,0
142.86,30.36,3008.0,3224.0,1,128.0,656.4,0,2
42.49,23.59,947.0,1923.0,0,3191.0,65.6,1,1
141.57,9.64,2991.0,3716.0,1,333.0,481.0,1,2
27.41,60.06,254.0,283.0,0,2778.0,64.3,0,0
47.08,61.9,1174.0,395.0,0,3651.0,34.4,1,0
29.74,48.59,33.0,179.0,0,1855.0,35.0,0,0
63.87,23.73,3385.0,2781.0,0,839.0,22.7,0,1
51.95,54.78,1667.0,929.0,1,107.0,550.4,0,1
74.93,24.89,2258.0,1569.0,0,2979.0,20.1,0,1
71.97,12.49,2068.0,2366.0,0,1113.0,23.2,0,1
31.28,71.43,1469.0,272.0,0,1426.0,75.1,1,0
123.95,5.92,3386.0,3879.0,1,58.0,488.3,0,2
18.97,52.18,160.0,106.0,0,3050.0,36.5,0,0
119.03,28.74,3181.0,2591.0,1,318.0,764.9,1,2
79.01,27.29,2590.0,2304.0,0,2301.0,14.1,1,1
88.04,32.33,2920.0,2816.0,0,2088.0,21.3,1,1
50.58,33.07,3453.0,2864.0,0,874.0,40.2,0,1
23.09,39.32,38.0,157.0,0,3260.0,42.5,0,0
22.93,42.42,209.0,43.0,0,816.0,19.9,1,0
70.02,44.2,3107.0,2066.0,0,3460.0,2.6,1,1
39.64,82.12,1333.0,33.0,0,1612.0,9.9,1,0
71.47,35.1,1863.0,1177.0,0,2790.0,47.0,1,1
30.47,74.04,782.0,347.0,0,2057.0,8.4,1,0
25.98,56.48,198.0,113.0,0,2978.0,38.2,0,0
91.78,29.68,3106.0,1814.0,1,93.0,681.7,0,1
72.1,36.18,2302.0,1308.0,0,2999.0,43.2,1,1
111.68,22.86,3621.0,2959.0,1,282.0,421.9,1,2
95.6,19.49,3392.0,2831.0,1,399.0,829.0,0,2
64.87,55.99,655.0,190.0,0,3590.0,21.0,1,0
77.62,39.08,2285.0,1120.0,1,330.0,880.2,1,1
48.88,65.25,1772.0,320.0,0,3572.0,16.3,1,0
197.42,31.27,3142.0,3323.0,1,213.0,200.8,1,2
109.47,10.5,2346.0,1545.0,0,2925.0,73.2,1,1
55.25,71.28,2022.0,344.0,0,2808.0,7.5,1,0
84.41,40.42,2642.0,1911.0,0,3158.0,21.0,1,1
59.97,23.15,2253.0,2175.0,1,280.0,650.5,1,1
120.06,32.6,3032.0,2542.0,1,336.0,370.7,1,2
69.21,50.78,2254.0,1270.0,0,3268.0,70.9,1,1
150.8,29.44,3225.0,3947.0,1,195.0,785.8,0,2
21.21,38.39,154.0,392.0,0,1843.0,25.7,1,0
194.31,28.13,3786.0,2545.0,1,386.0,723.2,1,2
69.83,47.74,1773.0,1860.0,0,2855.0,13.4,0,1
31.9,62.46,662.0,315.0,0,3469.0,38.4,1,0
78.48,37.29,836.0,804.0,1,186.0,391.5,1,1
38.85,55.86,1691.0,140.0,0,3369.0,64.2,1,0
20.49,39.51,172.0,214.0,0,2815.0,57.6,1,0
29.6,41.19,208.0,362.0,0,2842.0,20.9,0,0
29.58,44.21,170.0,84.0,0,3683.0,69.4,1,0
165.67,23.91,3522.0,3013.0,1,317.0,632.1,0,2
20.63,55.68,259.0,257.0,0,1364.0,18.1,1,0
40.9,51.58,2497.0,1236.0,0,2972.0,32.2,1,1
18.38,42.32,150.0,100.0,0,3435.0,36.5,0,0
94.15,31.52,3290.0,2616.0,0,2993.0,6.6,1,1
19.36,45.18,143.0,229.0,0,1641.0,46.8,0,0
20.67,41.39,78.0,15.0,0,2455.0,79.1,0,0
18.31,49.89,27.0,278.0,0,1114.0,46.9,0,0
52.52,85.04,1784.0,492.0,0,2430.0,14.8,1,0
23.15,58.16,69.0,350.0,0,3699.0,29.6,0,0
22.85,59.59,165.0,7.0,0,1497.0,73.9,0,0
61.28,70.88,1267.0,124.0,0,1630.0,45.2,1,0
26.81,47.15,97.0,153.0,0,983.0,46.9,0,0
163.14,34.27,3624.0,2782.0,1,84.0,504.2,1,2
131.71,18.62,2818.0,2786.0,1,244.0,417.5,0,2
89.08,37.69,1697.0,1173.0,0,1418.0,6.4,0,1
162.31,6.35,3031.0,2817.0,1,142.0,401.7,1,2
69.8,32.52,2463.0,2436.0,0,2665.0,23.6,1,1
60.25,63.94,2005.0,119.0,0,3007.0,68.0,1,0
144.82,23.67,2982.0,3112.0,1,363.0,678.2,1,2
59.86,61.76,1469.0,65.0,0,1257.0,42.5,1,0
121.97,31.68,2878.0,3655.0,1,83.0,225.4,1,2
61.8,83.08,1592.0,338.0,0,1768.0,40.5,1,0
108.18,8.28,3028.0,3332.0,1,350.0,658.2,0,2
64.63,42.79,1171.0,1963.0,0,3667.0,3.1,1,1
40.38,71.34,763.0,466.0,0,1306.0,72.7,1,0
108.82,13.35,2870.0,2964.0,1,331.0,341.5,1,2
91.14,41.6,2127.0,2425.0,0,3132.0,50.3,1,1
44.69,60.39,1281.0,262.0,0,1950.0,51.0,1,0
48.38,63.76,1707.0,267.0,0,1509.0,4.5,1,0
49.11,88.83,1517.0,377.0,0,1619.0,73.0,1,0
75.74,35.5,1983.0,1532.0,1,153.0,260.8,1,1
64.43,51.45,2279.0,1165.0,0,3372.0,16.0,1,1
22.26,55.22,71.0,94.0,0,2047.0,38.5,1,0
94.0,16.99,3486.0,2965.0,1,249.0,391.5,0,2
134.19,24.72,3955.0,3715.0,1,85.0,778.6,0,2
88.17,23.53,957.0,1812.0,1,154.0,684.0,0,1
164.05,23.65,3989.0,4063.0,1,238.0,891.4,0,2
23.39,47.95,221.0,297.0,0,2610.0,64.3,1,0
84.29,35.63,1686.0,1506.0,0,2531.0,74.8,0,1
21.88,55.36,133.0,322.0,0,2767.0,6.9,1,0
59.55,71.95,1618.0,404.0,0,883.0,60.2,1,0
183.67,26.13,3355.0,3971.0,1,330.0,534.8,1,2
23.82,61.0,144.0,328.0,0,2079.0,20.3,1,0
22.44,53.06,257.0,397.0,0,1507.0,39.5,1,0
40.22,67.5,1402.0,27.0,0,2391.0,6.3,1,0
44.0,45.63,1555.0,1514.0,0,2433.0,17.4,1,1
177.83,17.75,3882.0,3588.0,1,366.0,689.4,1,2
167.45,18.93,4070.0,2591.0,1,187.0,294.8,0,2
20.97,63.86,0.0,143.0,0,821.0,14.8,0,0
72.68,33.99,1464.0,1356.0,1,326.0,770.9,0,1
161.73,21.22,3425.0,3122.0,1,295.0,856.6,0,2
99.29,30.23,1751.0,2746.0,0,1061.0,22.1,0,1
87.03,41.68,2216.0,1436.0,0,1114.0,34.8,0,1
79.24,48.15,1255.0,1421.0,0,1689.0,73.4,0,1
51.57,69.12,1011.0,247.0,0,2463.0,41.3,1,0
26.27,37.58,225.0,301.0,0,2918.0,60.9,1,0
50.07,32.92,1487.0,946.0,0,3380.0,30.9,0,1
83.76,41.87,1751.0,2380.0,0,1280.0,15.1,0,1
69.22,20.71,1795.0,1620.0,0,2640.0,74.9,0,1
73.43,37.1,2444.0,1645.0,0,1611.0,42.1,1,1
26.77,46.78,9.0,22.0,0,956.0,24.6,1,0
38.6,60.81,1338.0,89.0,0,2806.0,61.5,1,0
95.77,16.97,3191.0,3035.0,1,290.0,615.7,0,2
85.36,17.96,3381.0,2321.0,1,198.0,621.0,1,1
73.42,18.93,2299.0,2742.0,0,3618.0,77.0,1,1
62.83,45.95,2366.0,1503.0,0,1480.0,49.5,0,1
189.2,20.07,3193.0,3851.0,1,338.0,383.4,0,2
46.14,74.33,2008.0,293.0,0,2573.0,34.5,1,0
18.66,55.03,188.0,46.0,0,1681.0,63.9,0,0
19.27,50.77,128.0,13.0,0,2329.0,73.4,1,0
18.44,55.06,81.0,113.0,0,3507.0,19.4,0,0
46.39,80.66,1975.0,102.0,0,1969.0,68.9,1,0
21.92,63.98,84.0,34.0,0,3508.0,56.6,1,0
87.56,21.41,2134.0,1693.0,0,1431.0,51.8,0,1
90.75,32.28,3201.0,1600.0,0,1788.0,53.1,1,1
27.8,43.5,46.0,325.0,0,1650.0,46.3,0,0
115.95,12.16,3532.0,3125.0,1,251.0,646.6,1,2
53.26,52.99,2401.0,1717.0,0,2423.0,4.8,1,1
68.28,27.67,2850.0,2460.0,0,2587.0,51.2,0,1
57.19,31.3,1432.0,1921.0,0,3706.0,45.0,1,1
43.09,88.34,1330.0,213.0,0,1723.0,79.6,1,0
88.59,15.63,2634.0,1561.0,0,2775.0,2.2,1,1
23.23,54.47,83.0,360.0,0,2092.0,70.7,0,0
53.52,38.34,3137.0,1985.0,0,2913.0,61.6,0,1
45.91,34.27,1655.0,1518.0,0,1628.0,27.9,0,1
37.6,76.08,1857.0,383.0,0,3763.0,79.8,1,0
19.43,57.72,293.0,104.0,0,3589.0,54.5,0,0
43.63,86.31,1214.0,282.0,0,1006.0,55.7,1,0
20.22,53.07,275.0,232.0,0,2755.0,66.7,0,0
22.1,54.12,34.0,164.0,0,935.0,34.4,1,0
51.07,37.21,1671.0,1040.0,0,1911.0,76.3,0,1
23.0,41.97,76.0,310.0,0,2355.0,18.1,0,0
167.07,33.2,3440.0,3565.0,1,368.0,230.9,0,2
122.67,25.97,2915.0,2788.0,1,331.0,545.7,0,2
116.01,34.24,3525.0,3717.0,1,71.0,769.1,0,2
64.28,43.49,3187.0,1690.0,0,2234.0,42.3,1,1
51.99,20.5,3093.0,2898.0,0,2888.0,29.5,0,1
58.09,49.94,1476.0,1605.0,0,999.0,2.2,1,1
60.44,31.9,3063.0,1717.0,0,865.0,50.8,1,1
102.08,28.1,2342.0,2452.0,0,2737.0,44.3,1,1
28.32,55.31,228.0,215.0,0,1107.0,8.8,0,0
86.1,43.09,2110.0,2265.0,0,830.0,75.2,0,1
195.48,31.12,3490.0,2593.0,1,82.0,513.8,1,2
59.5,52.22,2456.0,1666.0,0,3435.0,47.8,1,1
172.18,11.72,3258.0,3923.0,1,273.0,471.8,0,2
41.44,87.5,1654.0,200.0,0,1904.0,61.8,1,0
60.05,77.35,1388.0,383.0,0,1492.0,25.4,1,0
65.54,37.41,1189.0,1398.0,0,2477.0,35.3,1,1
72.2,32.73,3108.0,1702.0,1,392.0,889.9,0,1
27.67,42.98,54.0,43.0,0,3396.0,17.3,0,0
32.39,65.31,2095.0,432.0,0,1744.0,76.3,1,0
38.48,86.06,1684.0,386.0,0,1868.0,67.8,1,0
126.32,13.09,3029.0,3832.0,1,381.0,774.3,1,2
72.7,27.48,2954.0,2892.0,0,2542.0,26.7,0,1
25.66,44.33,57.0,16.0,0,1338.0,42.8,0,0
181.79,6.63,4090.0,3270.0,1,213.0,282.9,1,2
58.61,67.21,1754.0,366.0,0,3178.0,25.0,1,0
199.73,26.74,3140.0,2580.0,1,310.0,788.8,1,2
59.35,28.89,1727.0,2380.0,0,2365.0,10.5,0,1
135.14,30.42,3302.0,4057.0,1,397.0,626.7,1,2
86.98,30.0,958.0,1552.0,0,808.0,78.5,1,1
150.18,7.75,3033.0,2810.0,1,311.0,745.1,0,2
56.97,49.11,1138.0,1625.0,0,3008.0,69.3,1,1
164.12,17.36,4032.0,2673.0,1,155.0,726.4,1,2
100.45,15.86,3029.0,3025.0,1,280.0,814.9,1,2
19.29,63.67,223.0,295.0,0,1943.0,70.5,0,0
146.56,27.89,3819.0,3871.0,1,347.0,518.6,0,2
54.62,86.41,757.0,245.0,0,2219.0,44.6,1,0
79.9,51.31,1876.0,948.0,0,2584.0,18.1,1,1
42.08,72.83,1559.0,404.0,0,1602.0,21.5,1,0
103.11,24.7,3256.0,2739.0,1,207.0,412.7,1,2
34.26,64.74,1100.0,122.0,0,1232.0,44.1,1,0
28.97,80.84,886.0,312.0,0,1602.0,43.9,1,0
93.73,14.18,3524.0,2528.0,1,249.0,581.3,0,2
178.42,28.49,3053.0,3677.0,1,128.0,764.3,1,2
57.89,28.04,2416.0,1538.0,0,1113.0,57.2,0,1
22.3,57.57,121.0,179.0,0,3550.0,14.8,0,0
40.11,67.57,918.0,200.0,0,2417.0,76.6,1,0
22.57,36.73,66.0,228.0,0,2464.0,69.0,1,0
70.27,20.89,3147.0,2579.0,1,399.0,685.7,0,1
178.42,28.99,2971.0,3507.0,1,182.0,436.7,0,2
99.39,14.64,4052.0,3122.0,1,250.0,312.3,0,2
56.06,24.89,3254.0,2064.0,0,2614.0,70.1,0,1
84.64,36.48,2241.0,1671.0,1,69.0,789.4,0,1
82.12,35.92,2390.0,857.0,0,3526.0,71.7,1,1
25.53,37.37,103.0,370.0,0,3225.0,1.6,0,0
34.2,77.64,1078.0,328.0,0,3383.0,10.5,1,0
28.7,81.72,1078.0,29.0,0,1309.0,32.9,1,0
51.32,30.21,1597.0,1273.0,0,3199.0,57.6,0,1
32.92,73.22,804.0,238.0,0,2042.0,58.2,1,0
65.01,26.17,2025.0,2286.0,0,2351.0,22.2,0,1
172.36,25.9,3861.0,3428.0,1,328.0,611.7,0,2
18.75,51.84,23.0,89.0,0,1271.0,10.8,0,0
70.23,25.13,3236.0,2343.0,0,2898.0,48.3,0,1
27.52,36.26,289.0,369.0,0,3230.0,67.2,1,0
20.34,44.16,221.0,37.0,0,1337.0,23.2,0,0
63.29,52.02,2041.0,816.0,1,139.0,477.9,0,1
101.19,44.65,3292.0,2470.0,1,199.0,840.8,1,1
134.03,32.25,3116.0,2899.0,1,171.0,230.6,0,2
45.6,70.11,1662.0,286.0,0,1100.0,27.2,1,0
97.33,23.32,3859.0,3759.0,1,50.0,456.1,1,2
55.43,59.79,1030.0,283.0,0,3707.0,79.9,1,0
138.23,34.54,3077.0,3095.0,1,168.0,562.5,1,2
46.86,75.61,1209.0,459.0,0,1131.0,76.9,1,0
88.9,36.22,2217.0,1744.0,0,2154.0,31.1,0,1
86.63,23.25,2797.0,1877.0,0,2162.0,6.9,0,1
164.88,6.74,3549.0,3952.0,1,314.0,808.1,0,2
57.54,35.66,1109.0,1671.0,0,3555.0,72.5,1,1
168.86,34.22,3365.0,3693.0,1,206.0,578.0,1,2
80.47,30.47,2913.0,2324.0,0,2669.0,68.3,1,1
26.8,39.25,45.0,130.0,0,1672.0,0.7,1,0
26.63,62.84,102.0,194.0,0,2162.0,58.8,1,0
83.07,15.35,2722.0,2206.0,1,282.0,854.9,1,1
70.64,24.5,1646.0,1558.0,0,1488.0,75.9,1,1
24.55,50.66,293.0,155.0,0,1179.0,9.2,0,0
83.55,12.91,1771.0,1913.0,0,1517.0,49.4,1,1
114.07,6.41,3624.0,3564.0,1,146.0,253.8,1,2
34.66,75.67,752.0,103.0,0,3509.0,52.8,1,0
19.15,35.15,37.0,395.0,0,2763.0,23.2,0,0
21.46,43.52,208.0,288.0,0,1611.0,45.6,0,0
150.31,11.62,3515.0,3469.0,1,75.0,373.5,0,2
26.73,49.05,110.0,262.0,0,1841.0,72.2,0,0
27.8,41.75,177.0,215.0,0,3738.0,47.1,0,0
71.95,34.14,1554.0,1914.0,0,954.0,9.8,0,1
153.4,28.48,3745.0,2568.0,1,298.0,581.8,1,2
44.94,31.9,2306.0,1604.0,0,1709.0,73.6,0,1
29.52,45.55,227.0,18.0,0,1624.0,47.5,0,0
27.26,44.71,34.0,90.0,0,3333.0,46.0,0,0
116.68,24.16,3159.0,2715.0,1,324.0,782.8,0,2
35.05,62.56,1282.0,55.0,0,1048.0,22.2,1,0
45.19,55.89,1868.0,254.0,0,1168.0,71.6,1,0
52.17,66.14,993.0,254.0,0,2589.0,50.0,1,0
127.67,31.07,3841.0,2858.0,1,141.0,375.9,0,2
83.13,42.83,2409.0,1620.0,0,2228.0,79.1,0,1
53.22,66.57,1295.0,29.0,0,3500.0,40.1,1,0
80.36,46.74,2086.0,1827.0,0,3636.0,48.1,1,1
59.34,18.11,3021.0,2359.0,1,355.0,766.9,1,1
106.04,37.58,2829.0,2168.0,1,100.0,603.8,0,1
52.73,34.65,1639.0,2525.0,0,3629.0,71.9,0,1
85.95,41.25,1604.0,2161.0,0,1704.0,42.5,0,1
130.78,19.54,4027.0,3038.0,1,143.0,797.6,0,2
109.08,13.07,1859.0,1802.0,0,2203.0,47.4,0,1
145.18,23.97,3116.0,3151.0,1,393.0,497.6,0,2
54.85,44.79,1341.0,1381.0,0,2074.0,21.2,1,1
52.47,56.18,603.0,492.0,0,1347.0,70.9,1,0
42.85,88.16,1053.0,14.0,0,1864.0,73.5,1,0
59.2,31.29,2176.0,1218.0,0,3114.0,12.3,0,1
51.48,29.57,2816.0,1987.0,1,274.0,578.0,1,1
60.69,46.2,1765.0,1714.0,0,2929.0,7.3,0,1
157.7,16.22,3106.0,3570.0,1,103.0,651.7,0,2
86.16,32.95,1391.0,1871.0,0,1640.0,34.7,0,1
66.68,37.49,2685.0,1895.0,0,2851.0,71.4,0,1
73.61,40.46,1536.0,2952.0,0,3512.0,16.1,1,1
88.05,35.31,2545.0,2914.0,0,1834.0,0.5,1,1
31.98,77.42,652.0,148.0,0,3312.0,20.7,1,0
28.66,54.91,69.0,101.0,0,2742.0,72.0,0,0
100.77,27.04,1807.0,2205.0,0,2546.0,2.1,1,1
22.23,42.59,219.0,75.0,0,2161.0,12.9,0,0
56.08,65.45,1328.0,367.0,0,3576.0,9.3,1,0
89.97,21.59,2998.0,2833.0,1,327.0,864.4,1,1
85.13,15.99,2353.0,2010.0,1,368.0,662.1,0,1
88.56,22.18,1053.0,1698.0,0,1923.0,62.7,0,1
46.88,86.89,1563.0,158.0,0,1046.0,77.7,1,0
64.18,58.1,1354.0,315.0,0,2339.0,46.4,1,0
78.18,12.64,1784.0,1665.0,0,1351.0,7.6,0,1
62.96,19.32,2738.0,2480.0,1,97.0,709.2,0,1
47.36,71.28,938.0,394.0,0,3280.0,10.1,1,0
32.35,82.87,782.0,300.0,0,3131.0,66.6,1,0
18.32,47.01,98.0,371.0,0,938.0,9.7,1,0
189.38,28.69,3172.0,3874.0,1,254.0,724.1,0,2
77.23,31.88,2339.0,1754.0,0,1019.0,49.0,1,1
38.67,72.78,622.0,11.0,0,1501.0,21.8,1,0
74.18,34.78,2686.0,2179.0,0,1490.0,72.3,0,1
20.84,38.09,43.0,108.0,0,3690.0,31.2,0,0
63.27,83.47,994.0,251.0,0,3763.0,1.2,1,0
91.16,17.56,3966.0,3973.0,1,377.0,224.5,0,2
18.54,35.22,55.0,378.0,0,1216.0,0.3,1,0
196.39,13.78,4041.0,2789.0,1,363.0,868.2,1,2
151.9,19.26,4032.0,3271.0,1,93.0,783.7,0,2
26.51,39.84,297.0,394.0,0,3785.0,51.7,0,0
42.84,70.44,1838.0,345.0,0,2771.0,39.5,1,0
92.71,36.62,1882.0,1631.0,1,256.0,678.1,0,1
26.08,46.1,16.0,356.0,0,1732.0,32.8,1,0
29.11,37.43,238.0,133.0,0,1347.0,13.6,0,0
47.0,25.4,1158.0,1896.0,0,3759.0,43.2,1,1
59.48,71.86,1022.0,57.0,0,3002.0,8.6,1,0
53.7,84.73,1383.0,125.0,0,3306.0,3.4,1,0
59.57,48.39,1069.0,993.0,1,265.0,336.5,0,1
22.41,50.13,125.0,310.0,0,2654.0,8.7,1,0
136.15,34.59,3574.0,3564.0,1,308.0,513.1,1,2
64.51,21.16,826.0,962.0,0,2031.0,26.9,0,1
55.66,60.33,2003.0,23.0,0,3507.0,23.3,1,0
58.41,14.23,2006.0,2347.0,0,2314.0,22.9,1,1
165.56,7.72,4042.0,2578.0,1,341.0,538.4,1,2
27.19,46.66,52.0,101.0,0,1021.0,52.3,1,0
21.32,40.71,118.0,173.0,0,2392.0,43.6,1,0
116.59,31.85,2930.0,3784.0,1,316.0,596.9,0,2
62.74,86.65,1027.0,447.0,0,1759.0,72.0,1,0
58.19,30.32,1964.0,1095.0,0,989.0,69.1,0,1
42.11,26.18,1029.0,1112.0,0,1516.0,0.8,0,1
70.08,20.33,1920.0,1009.0,0,2149.0,7.9,0,1
35.62,82.72,1895.0,398.0,0,1028.0,39.2,1,0
80.28,28.89,2323.0,1550.0,0,2369.0,16.6,0,1
30.07,58.26,1098.0,335.0,0,2044.0,58.3,1,0
57.63,38.61,2009.0,1719.0,0,3116.0,26.8,0,1
105.98,19.79,2849.0,2076.0,0,2099.0,23.1,1,1
74.14,38.68,989.0,1067.0,0,2999.0,28.8,1,1
88.96,15.17,1793.0,2728.0,0,2431.0,42.7,1,1
45.03,82.33,672.0,232.0,0,2756.0,6.1,1,0
44.59,33.58,2086.0,2000.0,0,985.0,5.4,1,1
28.53,68.82,751.0,203.0,0,1470.0,30.5,1,0
28.47,85.03,969.0,401.0,0,1810.0,15.7,1,0
50.45,37.4,1285.0,1115.0,0,2633.0,39.5,1,1
43.24,58.72,1782.0,229.0,0,3441.0,19.4,1,0
18.59,43.03,243.0,291.0,0,1643.0,9.1,0,0
29.95,72.43,1300.0,352.0,0,2468.0,9.9,1,0
29.48,45.32,98.0,317.0,0,2270.0,67.8,0,0
97.3,25.75,2940.0,4085.0,1,318.0,811.0,1,2
19.36,46.95,177.0,293.0,0,3266.0,9.9,1,0
26.07,52.06,250.0,301.0,0,2696.0,50.2,0,0
31.7,82.74,675.0,381.0,0,2010.0,58.9,1,0
65.21,52.03,1667.0,1635.0,0,3618.0,68.3,0,1
28.47,52.08,171.0,357.0,0,936.0,2.0,1,0
52.38,85.48,966.0,58.0,0,3065.0,72.3,1,0
78.07,45.09,1981.0,1569.0,0,2374.0,0.9,0,1
109.16,16.09,2279.0,2664.0,1,113.0,285.8,1,1
89.56,26.12,2731.0,1897.0,1,129.0,298.9,0,1
103.97,15.67,3987.0,3423.0,1,207.0,669.6,0,2
93.09,42.1,1681.0,2987.0,1,351.0,889.1,1,1
124.95,13.89,3461.0,3784.0,1,231.0,562.9,1,2
52.97,81.98,937.0,209.0,0,950.0,14.0,1,0
18.85,35.93,30.0,84.0,0,2488.0,24.6,0,0
24.83,57.82,106.0,393.0,0,1085.0,45.0,0,0
76.57,38.79,2155.0,1308.0,0,2122.0,43.0,0,1
192.33,15.53,3208.0,3800.0,1,296.0,623.1,0,2
170.96,13.55,3652.0,3429.0,1,262.0,437.3,0,2
185.63,17.09,4070.0,2964.0,1,399.0,328.3,0,2
60.19,28.92,997.0,1025.0,0,2378.0,61.0,0,1
53.55,46.59,2252.0,1829.0,0,2661.0,41.8,0,1
182.44,15.0,3208.0,3510.0,1,117.0,864.0,0,2
105.05,42.77,3175.0,2677.0,0,3034.0,65.0,0,1
28.08,37.58,13.0,183.0,0,1276.0,66.0,0,0
176.24,14.28,2960.0,3351.0,1,115.0,393.2,0,2
59.76,37.1,1195.0,1571.0,0,3621.0,19.5,1,1
148.72,16.94,3172.0,3526.0,1,224.0,210.4,1,2
84.6,23.21,2843.0,1686.0,0,1091.0,41.7,0,1
27.25,57.29,90.0,147.0,0,2165.0,56.8,1,0
86.82,42.0,1031.0,845.0,0,2536.0,25.1,1,1
21.1,56.05,299.0,69.0,0,1432.0,38.8,1,0
24.66,35.72,130.0,282.0,0,2573.0,73.5,1,0
30.22,65.12,1276.0,102.0,0,1251.0,59.9,1,0
79.8,16.02,2150.0,2784.0,0,1203.0,50.0,0,1
164.2,21.33,3459.0,3782.0,1,191.0,735.2,1,2
43.09,56.48,1547.0,74.0,0,2390.0,6.6,1,0
66.46,17.37,2880.0,2134.0,0,2507.0,3.2,0,1
19.74,57.31,40.0,170.0,0,2670.0,29.7,0,0
74.68,15.37,3347.0,2497.0,1,255.0,841.5,0,1
24.82,50.22,159.0,321.0,0,3671.0,28.3,0,0
49.26,80.87,2155.0,379.0,0,2290.0,60.1,1,0
23.0,49.73,182.0,75.0,0,1495.0,59.3,1,0
99.51,39.5,1928.0,1501.0,1,276.0,412.2,0,1
110.58,12.24,3345.0,3279.0,1,351.0,883.2,0,2
26.24,53.58,255.0,311.0,0,3505.0,57.8,0,0
20.0,60.59,268.0,155.0,0,2797.0,1.2,0,0
61.86,31.01,1694.0,1980.0,1,272.0,846.1,0,1
61.77,34.92,2423.0,2432.0,0,3049.0,80.0,0,1
109.36,36.68,1970.0,2773.0,0,3601.0,73.4,1,1
29.51,36.1,188.0,365.0,0,3299.0,49.6,1,0
56.7,23.64,2221.0,1938.0,0,3367.0,72.3,1,1
22.45,64.07,169.0,231.0,0,1828.0,72.0,1,0
85.06,38.02,1505.0,851.0,0,2834.0,50.4,1,1
21.37,62.51,238.0,193.0,0,3273.0,48.8,0,0
104.43,30.49,2144.0,2928.0,0,3205.0,22.3,1,1
85.88,37.78,3225.0,2157.0,1,175.0,453.5,0,1
25.23,58.2,208.0,399.0,0,3157.0,12.3,0,0
63.79,49.98,1049.0,1264.0,0,3516.0,25.8,1,1
59.12,32.0,2942.0,2550.0,0,3101.0,28.8,1,1
21.89,44.31,268.0,45.0,0,3666.0,51.1,0,0
29.82,48.22,271.0,295.0,0,3626.0,59.4,1,0
69.33,44.55,2976.0,2531.0,0,3747.0,5.8,1,1
82.85,15.07,3442.0,1826.0,0,3142.0,59.2,0,1
146.83,22.44,3603.0,3426.0,1,218.0,365.7,1,2
97.63,25.53,2412.0,2994.0,1,77.0,776.7,0,1
19.51,39.97,115.0,349.0,0,3762.0,14.3,1,0
56.03,24.17,1900.0,1978.0,0,2390.0,32.8,1,1
24.66,63.24,280.0,284.0,0,3628.0,72.1,1,0
26.06,36.52,199.0,367.0,0,2393.0,69.7,0,0
72.94,18.84,3191.0,2881.0,0,2956.0,77.9,1,1
47.84,59.54,2023.0,406.0,0,2219.0,35.1,1,0
47.08,39.99,814.0,1400.0,0,2857.0,8.0,1,1
61.66,30.42,2254.0,1723.0,0,1141.0,5.3,0,1
63.42,45.57,1953.0,1291.0,0,1322.0,33.0,0,1
22.65,38.8,273.0,237.0,0,1198.0,23.6,0,0
20.5,56.67,92.0,118.0,0,1236.0,54.0,0,0
79.05,33.01,1965.0,1301.0,0,2079.0,30.8,0,1
197.24,32.95,3980.0,2899.0,1,347.0,488.9,1,2
42.82,87.96,2026.0,383.0,0,2313.0,38.0,1,0
55.77,56.71,1376.0,178.0,0,2058.0,60.9,1,0
189.2,28.96,3436.0,3599.0,1,313.0,521.0,0,2
139.98,17.58,3286.0,2756.0,1,115.0,621.2,1,2
167.23,21.43,3963.0,2992.0,1,283.0,753.4,0,2
65.38,39.47,1556.0,2906.0,0,3384.0,11.9,1,1
116.17,10.34,3981.0,2649.0,1,192.0,593.8,0,2
75.7,33.66,1880.0,2026.0,1,304.0,450.5,1,1
169.46,32.36,3230.0,3896.0,1,79.0,770.2,0,2
99.36,8.94,3245.0,2613.0,1,70.0,616.1,0,2
23.66,56.47,123.0,228.0,0,1948.0,25.5,0,0
28.2,36.99,175.0,35.0,0,1106.0,54.0,0,0
34.0,71.15,1466.0,160.0,0,2970.0,28.9,1,0
44.41,89.13,1664.0,498.0,0,2769.0,43.3,1,0
22.72,40.4,288.0,45.0,0,2420.0,20.2,1,0
61.39,30.6,2508.0,1835.0,0,3777.0,6.9,0,1
48.12,84.31,997.0,310.0,0,1516.0,26.1,1,0
70.09,14.39,1881.0,2056.0,0,2225.0,18.9,1,1
29.06,52.62,0.0,193.0,0,1225.0,11.3,0,0
177.41,18.2,3493.0,3928.0,1,247.0,251.9,1,2
28.04,57.86,749.0,130.0,0,2620.0,7.3,1,0
162.76,5.92,3344.0,3625.0,1,399.0,830.7,1,2
27.88,37.5,142.0,302.0,0,2195.0,16.7,1,0
43.29,67.81,1041.0,104.0,0,2181.0,22.9,1,0
32.22,83.38,1880.0,37.0,0,902.0,44.5,1,0
198.9,26.34,3121.0,2896.0,1,392.0,564.0,0,2
21.19,61.11,173.0,107.0,0,3013.0,40.1,1,0
130.23,28.07,3714.0,3845.0,1,131.0,880.9,0,2
27.67,64.94,233.0,290.0,0,1038.0,7.2,1,0
103.44,7.51,3095.0,2997.0,1,282.0,773.2,1,2
137.57,29.33,3983.0,2785.0,1,317.0,393.4,1,2
29.04,81.5,835.0,273.0,0,1077.0,51.9,1,0
134.94,24.32,2869.0,3826.0,1,332.0,440.1,1,2
175.36,34.99,3968.0,2669.0,1,344.0,638.3,0,2
63.2,62.4,1061.0,194.0,0,2899.0,33.3,1,0
33.1,81.37,922.0,217.0,0,3190.0,11.9,1,0
64.07,86.75,2046.0,225.0,0,1655.0,63.6,1,0
87.71,36.96,1190.0,1236.0,1,379.0,697.9,1,1
49.88,82.85,853.0,235.0,0,2247.0,63.1,1,0
155.22,21.61,2963.0,2671.0,1,77.0,559.7,1,2
61.96,37.79,3102.0,2793.0,1,280.0,786.4,0,1
23.3,38.97,244.0,316.0,0,3136.0,7.4,0,0
169.64,24.39,3512.0,3088.0,1,245.0,403.2,1,2
105.91,14.34,2276.0,2496.0,1,328.0,651.8,1,1
49.65,85.93,1450.0,287.0,0,2170.0,69.0,1,0
67.55,27.88,1402.0,1155.0,0,2338.0,31.5,1,1
113.41,7.07,3841.0,3533.0,1,159.0,823.7,0,2
84.36,25.11,2376.0,2184.0,0,1146.0,9.3,0,1
127.13,12.52,3079.0,2875.0,1,75.0,652.0,1,2
28.78,59.28,107.0,258.0,0,3385.0,23.5,1,0
60.36,54.11,879.0,1230.0,0,1819.0,19.4,0,1
101.12,20.75,1946.0,2499.0,0,1976.0,11.2,0,1
29.09,40.54,219.0,227.0,0,1415.0,36.6,0,0
64.37,32.91,2136.0,1442.0,1,75.0,358.5,0,1
109.35,31.74,2755.0,1868.0,0,2114.0,66.5,0,1
67.06,36.61,1247.0,1284.0,0,3515.0,49.7,1,1
85.83,49.64,1367.0,1287.0,0,1893.0,20.9,0,1
95.79,31.13,2931.0,2155.0,1,54.0,497.3,0,1
96.44,42.37,2723.0,2760.0,1,318.0,399.2,1,1
28.32,54.85,172.0,22.0,0,1487.0,14.0,0,0
60.83,40.8,1800.0,840.0,1,82.0,344.0,0,1
30.74,87.16,1244.0,246.0,0,871.0,7.4,1,0
63.5,86.46,1102.0,477.0,0,911.0,41.4,1,0
40.15,52.55,1321.0,1734.0,1,280.0,332.6,0,1
23.75,45.86,256.0,332.0,0,3436.0,73.4,0,0
19.26,54.05,172.0,17.0,0,1902.0,29.9,0,0
186.36,13.34,3750.0,3953.0,1,184.0,736.1,0,2
51.61,57.29,821.0,29.0,0,1806.0,78.5,1,0
52.66,68.71,1725.0,104.0,0,1186.0,33.4,1,0
23.83,54.38,239.0,341.0,0,3582.0,14.0,1,0
53.4,15.42,3182.0,1724.0,0,3014.0,74.3,0,1
21.53,46.88,262.0,291.0,0,3367.0,38.4,0,0
46.45,33.59,1769.0,1398.0,0,1298.0,9.4,0,1
48.82,54.06,1726.0,1611.0,0,2899.0,58.4,1,1
19.11,46.23,57.0,127.0,0,2655.0,36.1,1,0
69.66,44.15,2218.0,905.0,1,56.0,586.2,0,1
41.11,72.63,1316.0,334.0,0,945.0,45.2,1,0
69.2,29.99,1761.0,1088.0,1,112.0,216.1,1,1
36.88,58.74,2007.0,323.0,0,2478.0,78.3,1,0
28.26,36.39,110.0,125.0,0,1557.0,18.5,0,0
132.35,31.04,2894.0,3223.0,1,313.0,892.3,0,2
21.46,51.09,275.0,167.0,0,3776.0,42.6,1,0
54.66,35.19,2131.0,1578.0,1,121.0,727.1,0,1
35.78,62.38,1754.0,1.0,0,3747.0,6.9,1,0
71.37,21.24,2582.0,2393.0,1,222.0,571.7,1,1
60.99,35.91,1768.0,1755.0,0,1000.0,13.9,0,1
118.61,6.4,3274.0,2833.0,1,114.0,533.4,1,2
87.26,30.4,2029.0,1843.0,0,3023.0,26.3,1,1
57.66,69.01,1449.0,226.0,0,1913.0,16.9,1,0
107.79,29.52,2171.0,2297.0,0,1000.0,11.7,1,1
186.91,33.97,3853.0,3198.0,1,106.0,278.4,0,2
187.71,28.08,3551.0,3962.0,1,104.0,636.4,0,2
60.75,67.99,1389.0,438.0,0,2764.0,43.3,1,0
101.33,38.75,2569.0,2043.0,0,1140.0,74.8,1,1
59.08,26.77,2553.0,2448.0,0,3475.0,39.7,1,1
59.2,63.68,2083.0,481.0,0,1182.0,47.0,1,0
77.35,27.06,832.0,924.0,0,2860.0,77.0,1,1
48.26,83.55,614.0,208.0,0,3020.0,26.0,1,0
71.02,20.15,1772.0,1798.0,0,955.0,58.2,0,1
44.02,75.77,1250.0,140.0,0,1233.0,17.8,1,0
83.8,43.24,1868.0,2375.0,1,108.0,355.2,0,1
177.44,16.79,3073.0,2783.0,1,66.0,486.7,0,2
48.64,52.19,1347.0,1197.0,0,2275.0,41.2,0,1
46.7,73.35,1105.0,350.0,0,3693.0,14.5,1,0
69.5,47.72,1239.0,1722.0,0,2777.0,74.1,0,1
87.85,32.38,1698.0,1940.0,0,3174.0,33.8,1,1
107.11,30.57,3336.0,2219.0,0,2078.0,43.5,1,1
76.06,54.25,1454.0,1773.0,1,99.0,633.6,0,1
87.5,52.85,1212.0,1019.0,1,108.0,339.2,1,1
75.83,44.73,2601.0,2461.0,0,1420.0,45.3,1,1
29.97,55.24,248.0,248.0,0,3663.0,55.8,0,0
85.96,49.73,943.0,1923.0,0,1549.0,38.4,1,1
19.55,52.85,29.0,331.0,0,3581.0,37.6,0,0
23.15,46.37,120.0,71.0,0,3201.0,25.7,1,0
163.49,20.32,2955.0,3245.0,1,235.0,807.0,0,2
145.55,11.55,3974.0,2739.0,1,121.0,517.0,0,2
83.14,32.45,3446.0,2208.0,0,2584.0,75.6,0,1
86.31,32.42,1748.0,1110.0,0,2268.0,59.4,1,1
51.33,84.26,1842.0,303.0,0,960.0,68.9,1,0
67.8,33.37,2470.0,1828.0,0,828.0,9.8,1,1
195.45,18.62,4053.0,3998.0,1,296.0,796.6,1,2
105.36,23.46,3547.0,3998.0,1,108.0,748.5,0,2
61.72,33.1,2779.0,2628.0,0,914.0,57.3,0,1
23.24,59.13,255.0,304.0,0,1068.0,0.8,0,0
25.21,58.31,177.0,375.0,0,2035.0,6.8,0,0
51.81,74.51,1734.0,438.0,0,3291.0,67.7,1,0
193.59,19.16,3508.0,2729.0,1,377.0,326.1,1,2
85.09,20.95,2873.0,1831.0,0,1331.0,43.5,0,1
67.04,30.44,2933.0,2466.0,1,345.0,702.0,0,1
42.69,37.17,2201.0,976.0,1,124.0,278.4,1,1
53.73,59.65,2075.0,191.0,0,2796.0,46.1,1,0
101.53,34.26,2191.0,2110.0,0,3475.0,8.0,0,1
51.71,26.9,3361.0,1716.0,0,1727.0,63.4,0,1
109.55,7.19,3242.0,3587.0,1,373.0,281.1,1,2
37.56,78.39,1786.0,322.0,0,2921.0,3.2,1,0
54.47,29.46,2363.0,1560.0,1,88.0,505.7,0,1
47.44,85.75,2110.0,423.0,0,1123.0,52.2,1,0
59.93,29.99,1865.0,876.0,0,3762.0,79.0,0,1
61.11,74.5,675.0,108.0,0,1034.0,18.7,1,0
84.05,29.93,2077.0,1688.0,0,2092.0,74.1,1,1
64.56,57.56,2107.0,193.0,0,3081.0,68.8,1,0
62.08,25.27,1845.0,1918.0,0,3417.0,56.0,1,1
29.56,61.29,0.0,371.0,0,3028.0,73.6,1,0
47.69,44.36,2210.0,1188.0,0,1175.0,54.0,0,1
55.38,41.53,2457.0,893.0,0,3533.0,56.9,1,1
192.27,12.28,3768.0,3565.0,1,267.0,345.0,1,2
66.14,37.27,1333.0,1395.0,0,1219.0,77.4,0,1
125.72,11.62,3011.0,2721.0,1,132.0,280.4,0,2
30.21,77.89,777.0,224.0,0,1358.0,43.6,1,0
39.25,77.42,2096.0,86.0,0,2608.0,17.7,1,0
60.48,14.99,2543.0,2833.0,0,2170.0,72.4,1,1
67.79,18.15,1880.0,1875.0,0,2331.0,59.2,1,1
180.3,7.59,3030.0,2526.0,1,185.0,789.6,0,2
58.91,75.38,901.0,485.0,0,2201.0,70.3,1,0
52.91,58.98,2009.0,80.0,0,2827.0,55.3,1,0
172.15,9.1,3440.0,3915.0,1,99.0,518.4,1,2
129.32,9.38,3890.0,3641.0,1,181.0,360.0,1,2
40.07,34.77,1764.0,1698.0,0,1821.0,70.4,1,1
53.55,71.52,1795.0,239.0,0,2649.0,45.4,1,0
109.21,45.0,3452.0,2230.0,0,2265.0,44.2,0,1
197.95,28.01,3839.0,2821.0,1,125.0,525.8,0,2
78.41,53.54,1423.0,1121.0,0,3715.0,21.4,1,1
81.63,14.03,2161.0,2721.0,0,2626.0,77.8,0,1
56.1,20.7,3393.0,2837.0,0,2745.0,68.3,1,1
19.91,43.94,69.0,45.0,0,1388.0,24.9,1,0
112.0,26.13,3075.0,2851.0,1,156.0,358.4,1,2
33.8,59.6,1385.0,115.0,0,2194.0,21.9,1,0
109.93,25.79,2448.0,2252.0,0,2319.0,13.9,1,1
184.72,13.39,3113.0,2820.0,1,398.0,364.0,1,2
21.19,56.55,167.0,155.0,0,3533.0,36.9,1,0
193.99,7.93,3839.0,2861.0,1,96.0,831.5,0,2
28.72,46.54,26.0,310.0,0,2478.0,58.7,0,0
93.13,18.88,3674.0,3601.0,1,145.0,562.3,0,2
27.2,40.28,150.0,368.0,0,2270.0,19.9,1,0
52.14,89.2,1488.0,302.0,0,2663.0,4.4,1,0
72.21,16.82,1999.0,1918.0,0,3346.0,55.4,1,1
29.69,40.7,129.0,225.0,0,3246.0,30.0,0,0
63.59,23.39,2418.0,1983.0,1,69.0,748.9,0,1
184.78,7.23,3282.0,3093.0,1,373.0,208.5,0,2
81.75,38.81,1295.0,1929.0,1,111.0,601.5,1,1
50.36,85.07,617.0,184.0,0,2135.0,76.5,1,0
19.76,61.75,82.0,54.0,0,1196.0,50.5,1,0
178.49,34.87,3011.0,3139.0,1,69.0,603.2,1,2
23.11,61.32,285.0,149.0,0,3299.0,11.9,0,0
56.09,68.43,2072.0,468.0,0,1958.0,52.6,1,0
62.55,43.65,2476.0,1524.0,0,2532.0,29.2,1,1
123.61,33.5,3593.0,3276.0,1,177.0,656.5,0,2
18.78,57.06,247.0,369.0,0,3648.0,14.0,0,0
64.64,48.49,1463.0,831.0,0,3595.0,4.0,0,1
93.41,17.1,2847.0,1897.0,0,1675.0,3.5,1,1
60.37,35.44,2978.0,2348.0,0,1186.0,69.3,0,1
66.36,34.86,915.0,1378.0,0,2797.0,63.3,0,1
44.01,45.0,2031.0,1869.0,0,2362.0,49.9,0,1
140.95,31.79,3596.0,2661.0,1,390.0,680.8,1,2
105.62,15.45,3243.0,2207.0,1,223.0,647.5,1,1
90.75,12.61,3366.0,1790.0,1,396.0,441.4,0,1
59.62,70.59,1237.0,24.0,0,1775.0,65.1,1,0
33.9,64.79,1385.0,368.0,0,1160.0,13.5,1,0
149.73,19.63,3746.0,3009.0,1,396.0,569.1,1,2
77.42,46.14,2155.0,1068.0,0,2328.0,56.3,1,1
29.95,55.57,1680.0,133.0,0,1131.0,22.7,1,0
179.3,31.63,3701.0,3242.0,1,198.0,357.4,0,2
43.82,72.99,1170.0,203.0,0,3745.0,31.4,1,0
44.93,34.32,897.0,1625.0,0,1599.0,66.9,0,1
22.79,37.22,42.0,258.0,0,822.0,43.1,1,0
88.65,17.72,2619.0,2096.0,0,1259.0,21.9,1,1
79.24,37.79,802.0,1572.0,0,3037.0,58.1,1,1
48.74,33.09,1537.0,982.0,0,3328.0,7.8,0,1
98.83,35.2,1501.0,2947.0,1,358.0,575.0,0,1
77.57,29.92,1143.0,1842.0,0,1328.0,77.5,1,1
175.01,18.11,3197.0,2694.0,1,207.0,542.4,1,2
26.33,45.48,9.0,297.0,0,1210.0,52.3,1,0
75.95,16.72,2191.0,2130.0,1,378.0,236.3,1,1
171.8,22.33,3894.0,3477.0,1,305.0,453.3,0,2
23.49,50.06,195.0,355.0,0,3403.0,6.5,0,0
42.63,71.0,1486.0,54.0,0,2440.0,7.1,1,0
34.18,57.87,1013.0,198.0,0,802.0,56.8,1,0
42.29,30.9,1506.0,869.0,0,1303.0,69.7,1,1
60.76,77.23,911.0,40.0,0,3685.0,3.7,1,0
195.2,18.63,3760.0,2908.0,1,246.0,844.2,0,2
72.84,52.62,1999.0,1161.0,0,1702.0,23.7,0,1
95.13,15.0,3588.0,3025.0,1,151.0,233.3,1,2
93.74,27.01,1503.0,2421.0,0,1520.0,67.5,1,1
63.09,58.53,1036.0,268.0,0,1386.0,35.3,1,0
82.55,20.39,1182.0,1765.0,1,312.0,389.2,1,1
124.81,17.32,2981.0,3313.0,1,84.0,308.7,0,2
18.55,44.4,232.0,246.0,0,1344.0,6.2,0,0
51.05,25.06,2267.0,1661.0,0,2595.0,10.3,0,1
103.19,30.83,1703.0,1982.0,1,311.0,815.8,1,1
44.12,71.76,2151.0,54.0,0,1923.0,10.1,1,0
39.13,63.3,1225.0,489.0,0,1996.0,15.2,1,0
47.71,54.1,1618.0,1305.0,0,3240.0,3.7,1,1
34.57,72.3,1248.0,290.0,0,2755.0,47.2,1,0
23.11,57.49,186.0,216.0,0,3302.0,47.9,0,0
42.18,69.76,1517.0,177.0,0,2313.0,9.2,1,0
116.13,27.64,2954.0,4023.0,1,77.0,895.2,0,2
174.54,16.22,4028.0,3281.0,1,298.0,584.6,0,2
86.01,41.01,1767.0,1755.0,0,1401.0,53.0,1,1
21.35,50.07,34.0,318.0,0,2489.0,39.1,0,0
106.2,15.36,2346.0,1641.0,0,2818.0,44.7,1,1
22.0,42.61,156.0,149.0,0,3608.0,77.5,1,0
50.57,66.05,1233.0,179.0,0,2431.0,41.4,1,0
156.68,22.38,3103.0,3448.0,1,378.0,816.6,0,2
56.24,64.4,1954.0,400.0,0,1629.0,56.8,1,0
109.67,20.47,4031.0,3445.0,1,100.0,706.6,0,2
28.25,53.37,58.0,244.0,0,2139.0,46.6,0,0
155.57,31.39,3873.0,2860.0,1,146.0,807.7,0,2
163.35,31.55,4052.0,3834.0,1,352.0,455.1,1,2
81.81,32.87,1603.0,1915.0,0,2350.0,30.7,0,1
54.33,75.59,1487.0,33.0,0,2491.0,46.3,1,0
42.07,68.95,713.0,456.0,0,3080.0,53.3,1,0
79.49,37.46,3198.0,2319.0,1,341.0,760.1,1,1
75.08,20.35,1116.0,1025.0,0,1140.0,45.3,1,1
95.63,34.41,2263.0,1643.0,0,1660.0,61.4,0,1
46.68,81.38,1635.0,98.0,0,3633.0,53.4,1,0
34.07,79.53,960.0,65.0,0,1917.0,54.4,1,0
45.01,69.26,890.0,357.0,0,2994.0,8.7,1,0
53.77,57.98,1121.0,278.0,0,2394.0,65.3,1,0
24.3,56.38,151.0,122.0,0,828.0,17.5,1,0
43.76,29.74,1250.0,1212.0,0,1569.0,59.1,1,1
45.49,20.92,1064.0,1874.0,0,1242.0,44.8,1,1
22.2,43.41,185.0,137.0,0,3053.0,14.1,1,0
43.3,66.42,1786.0,292.0,0,3491.0,0.8,1,0
57.35,80.2,1822.0,364.0,0,2730.0,48.6,1,0
26.01,35.98,280.0,233.0,0,3337.0,25.5,1,0
90.61,42.89,2532.0,2072.0,0,3735.0,63.5,1,1
105.84,42.82,1859.0,1819.0,1,351.0,379.5,1,1
98.87,13.7,3656.0,3785.0,1,142.0,758.5,1,2
64.25,43.92,2897.0,2448.0,0,3291.0,38.3,0,1
38.66,72.44,1826.0,156.0,0,3800.0,66.0,1,0
185.08,14.62,3115.0,3239.0,1,281.0,635.4,0,2
72.13,11.06,3227.0,2594.0,1,362.0,746.9,1,1
21.07,61.03,247.0,149.0,0,2554.0,62.8,0,0
95.39,31.79,2313.0,2225.0,0,2743.0,78.2,0,1
195.16,14.66,2860.0,3150.0,1,182.0,510.2,1,2
47.82,69.99,2067.0,162.0,0,972.0,36.3,1,0
23.4,45.82,258.0,359.0,0,1817.0,66.2,0,0
50.32,44.63,1338.0,1371.0,0,1171.0,54.1,1,1
19.49,41.63,145.0,222.0,0,1450.0,32.3,1,0
21.65,36.13,237.0,205.0,0,3214.0,39.5,0,0
91.39,33.95,3136.0,2701.0,1,196.0,275.0,0,2
23.86,50.88,127.0,289.0,0,3426.0,4.3,0,0
85.25,45.79,1138.0,1840.0,0,1545.0,7.5,1,1
77.19,24.47,1877.0,2220.0,0,3033.0,6.7,0,1
63.18,29.45,1909.0,2489.0,0,1806.0,30.0,1,1
50.0,89.68,752.0,476.0,0,2917.0,31.9,1,0
93.14,18.63,2003.0,2041.0,0,3347.0,58.4,1,1
84.38,11.29,1950.0,1773.0,1,312.0,746.9,1,1
148.63,31.09,3758.0,3658.0,1,258.0,831.4,0,2
56.07,33.28,1690.0,2157.0,0,1537.0,36.2,1,1
173.95,24.14,2948.0,3225.0,1,199.0,456.9,0,2
97.87,26.88,2998.0,2752.0,1,219.0,261.1,1,2
60.27,21.67,2184.0,1742.0,1,319.0,750.2,0,1
57.16,87.15,1760.0,178.0,0,2920.0,68.2,1,0
20.28,47.52,33.0,181.0,0,1127.0,45.3,0,0
106.29,10.96,2725.0,2569.0,0,891.0,77.6,1,1
23.19,44.13,230.0,324.0,0,2117.0,52.8,1,0
98.72,27.12,3376.0,2893.0,1,313.0,464.9,1,1
29.2,59.17,147.0,256.0,0,2441.0,47.5,1,0
38.96,72.63,1132.0,303.0,0,3240.0,2.2,1,0
108.02,19.81,3372.0,1974.0,0,2381.0,47.3,1,1
63.89,65.64,1914.0,72.0,0,2856.0,15.1,1,0
40.82,84.05,1989.0,14.0,0,1064.0,33.3,1,0
98.88,11.28,4029.0,3319.0,1,127.0,625.9,0,2
199.02,16.58,3231.0,2973.0,1,99.0,489.2,0,2
46.62,77.75,1915.0,168.0,0,2016.0,4.3,1,0
61.98,51.65,1366.0,1562.0,0,1469.0,61.8,0,1
25.42,60.8,24.0,118.0,0,3476.0,57.8,0,0
76.25,33.59,1733.0,1414.0,0,1375.0,60.2,1,1
66.34,45.21,1740.0,1650.0,1,336.0,577.3,0,1
80.13,40.9,2162.0,1304.0,0,2798.0,53.8,1,1
19.66,60.58,23.0,198.0,0,3669.0,6.5,1,0
54.55,87.96,2182.0,109.0,0,873.0,13.6,1,0
37.51,66.56,1516.0,157.0,0,2271.0,66.1,1,0
68.38,21.48,3475.0,1793.0,1,106.0,801.9,0,1
58.06,22.71,2389.0,1720.0,0,2587.0,17.5,0,1
79.87,20.93,1023.0,1514.0,1,217.0,489.1,0,1
26.32,51.79,216.0,202.0,0,2299.0,30.7,1,0
48.42,84.85,1268.0,122.0,0,1990.0,46.9,1,0
83.29,16.44,2974.0,1562.0,0,2372.0,79.3,1,1
20.29,40.62,131.0,353.0,0,1145.0,69.6,0,0
74.36,44.15,1603.0,1436.0,0,1573.0,19.1,0,1
51.97,20.03,1720.0,1408.0,0,1951.0,5.1,0,1
19.2,64.17,176.0,353.0,0,2928.0,22.5,0,0
19.17,46.58,215.0,1.0,0,3708.0,8.4,0,0
70.9,31.47,1902.0,2260.0,0,3559.0,5.8,0,1
49.75,67.97,717.0,196.0,0,3164.0,32.7,1,0
76.24,53.49,960.0,1573.0,0,910.0,34.9,0,1
75.7,16.27,3099.0,2754.0,1,134.0,414.2,0,1
85.05,43.62,3366.0,1578.0,0,3319.0,17.4,1,1
24.59,49.44,282.0,67.0,0,802.0,31.0,0,0
74.69,20.82,1570.0,1898.0,0,3453.0,71.4,1,1
90.13,15.15,3279.0,3093.0,1,120.0,746.6,0,2
41.44,70.4,936.0,215.0,0,1102.0,41.1,1,0
69.79,14.75,3239.0,2205.0,0,2528.0,43.2,1,1
172.31,5.24,2806.0,3259.0,1,252.0,778.4,1,2
69.54,14.94,2874.0,2339.0,0,2454.0,78.8,1,1
119.93,10.03,2812.0,3157.0,1,68.0,417.6,0,2
25.98,38.83,22.0,33.0,0,1827.0,35.1,0,0
91.38,15.79,2363.0,2633.0,0,2756.0,5.1,0,1
161.91,20.12,3263.0,2593.0,1,298.0,325.5,1,2
96.21,14.99,3309.0,3193.0,1,154.0,727.0,1,2
23.62,37.01,160.0,235.0,0,2821.0,24.7,0,0
82.6,22.95,3150.0,1669.0,0,1530.0,57.1,1,1
24.32,43.89,214.0,190.0,0,841.0,19.1,0,0
71.95,22.29,2041.0,2337.0,0,1197.0,79.2,0,1
166.62,19.71,3932.0,2639.0,1,199.0,874.4,0,2
94.09,15.79,2422.0,1662.0,0,2028.0,36.2,0,1
115.14,15.51,3970.0,3793.0,1,377.0,590.5,0,2
99.57,31.47,1778.0,1975.0,0,925.0,50.7,0,1
130.83,18.84,3240.0,2634.0,1,373.0,461.7,1,2
63.28,35.08,2095.0,1308.0,0,1213.0,22.4,0,1
23.44,44.34,56.0,95.0,0,1756.0,30.5,0,0
29.28,48.43,10.0,164.0,0,3451.0,4.4,0,0
60.28,30.4,3001.0,2078.0,0,3739.0,26.7,0,1
19.88,35.59,15.0,291.0,0,3193.0,35.8,0,0
57.72,29.16,1865.0,1911.0,0,2435.0,23.4,0,1
25.46,51.92,51.0,236.0,0,2775.0,21.5,0,0
100.89,5.87,3415.0,3255.0,1,285.0,890.1,1,2
70.67,30.16,2004.0,1705.0,1,328.0,577.2,0,1
177.27,20.13,3689.0,2510.0,1,55.0,229.7,0,2
197.19,11.5,3471.0,3658.0,1,177.0,431.6,0,2
52.48,36.25,1824.0,1844.0,0,894.0,22.4,0,1
76.37,53.82,1004.0,1179.0,0,2578.0,74.2,1,1
87.38,34.69,1267.0,1835.0,0,1165.0,45.0,1,1
23.8,64.67,36.0,61.0,0,1011.0,19.6,1,0
53.1,71.08,2008.0,254.0,0,2599.0,6.6,1,0
90.03,12.47,2892.0,2427.0,0,1436.0,23.9,1,1
63.23,24.73,1292.0,1741.0,0,1335.0,3.1,0,1
27.16,50.23,133.0,105.0,0,1304.0,33.2,1,0
50.7,31.92,1850.0,1666.0,0,2339.0,8.8,1,1
175.89,5.35,3788.0,4082.0,1,329.0,765.9,1,2
40.79,87.47,702.0,363.0,0,3529.0,10.0,1,0
38.81,82.5,902.0,281.0,0,1527.0,39.4,1,0
154.54,26.05,2918.0,2564.0,1,91.0,384.6,0,2
136.83,34.83,2954.0,2847.0,1,179.0,432.3,1,2
70.66,54.88,2236.0,1976.0,0,2047.0,31.2,1,1
79.15,11.32,3329.0,1510.0,1,177.0,346.1,1,1
85.27,43.57,3022.0,2556.0,0,3726.0,5.7,1,1
40.51,78.68,1708.0,24.0,0,1112.0,26.7,1,0
68.17,33.41,1156.0,1124.0,0,2962.0,60.4,1,1
76.7,41.69,2418.0,2813.0,0,3592.0,74.0,1,1
77.32,35.27,3025.0,2986.0,0,2348.0,72.0,0,1
81.73,51.63,1275.0,1815.0,0,2984.0,34.7,1,1
81.08,32.57,2265.0,1196.0,1,365.0,220.9,0,1
26.24,63.13,65.0,22.0,0,1718.0,5.5,1,0
64.58,59.63,745.0,218.0,0,1789.0,2.6,1,0
86.15,45.51,1739.0,1040.0,0,3541.0,44.3,0,1
100.57,26.97,2513.0,2578.0,0,3758.0,37.8,1,1
128.37,32.13,3640.0,3225.0,1,298.0,713.9,1,2
18.91,47.02,39.0,245.0,0,879.0,10.1,1,0
92.82,21.61,3427.0,1756.0,0,2486.0,14.8,1,1
80.81,41.73,2772.0,2256.0,1,328.0,513.6,0,1
47.08,61.85,1410.0,138.0,0,3182.0,70.5,1,0
26.57,45.31,140.0,396.0,0,3456.0,47.5,0,0
169.97,33.92,3513.0,3991.0,1,124.0,842.4,0,2
23.96,61.88,4.0,193.0,0,1474.0,35.1,0,0
58.68,58.3,1103.0,107.0,0,1778.0,80.0,1,0
46.54,32.9,1602.0,1444.0,1,325.0,482.2,0,1
79.19,10.34,2365.0,2839.0,1,140.0,312.1,1,1
177.72,33.7,3617.0,3233.0,1,399.0,245.0,0,2
20.15,64.86,135.0,168.0,0,2378.0,49.1,0,0
45.15,74.57,655.0,169.0,0,1534.0,34.6,1,0
54.98,59.93,1028.0,185.0,0,3381.0,44.6,1,0
186.24,15.29,2818.0,3075.0,1,176.0,464.7,1,2
113.68,31.77,3052.0,3529.0,1,183.0,452.2,0,2
98.17,32.07,3023.0,3742.0,1,197.0,760.0,1,2
21.66,44.1,89.0,59.0,0,3574.0,11.1,1,0
25.28,38.53,222.0,173.0,0,2858.0,67.3,1,0
51.64,57.47,1612.0,164.0,0,1002.0,79.8,1,0
62.39,45.89,860.0,1600.0,0,2429.0,11.6,1,1
105.52,10.37,2452.0,1845.0,0,3022.0,48.8,0,1
155.74,30.03,3796.0,3730.0,1,109.0,845.4,1,2
93.61,40.44,3250.0,1884.0,0,2058.0,24.7,0,1
28.53,49.31,251.0,174.0,0,1288.0,27.6,1,0
54.48,53.21,1535.0,1943.0,0,2335.0,7.8,0,1
106.27,30.6,3387.0,2999.0,1,336.0,514.7,0,2
68.99,20.56,1842.0,2992.0,0,1236.0,43.6,1,1
47.19,54.48,2322.0,1837.0,0,1227.0,18.0,1,1
26.49,53.65,143.0,396.0,0,2280.0,64.1,1,0
42.39,71.68,1266.0,499.0,0,2855.0,73.1,1,0
46.89,80.62,1976.0,368.0,0,3458.0,72.4,1,0
20.79,49.93,155.0,127.0,0,3623.0,70.9,1,0
111.76,28.81,3387.0,2927.0,1,190.0,247.5,0,2
77.44,33.47,1569.0,1954.0,0,1552.0,69.5,1,1
72.34,42.0,2346.0,2636.0,0,1032.0,37.0,0,1
24.09,58.44,131.0,278.0,0,1634.0,32.7,0,0
61.58,10.16,1879.0,2437.0,0,1952.0,58.9,1,1
77.08,34.86,1137.0,1046.0,0,1652.0,75.5,0,1
190.83,5.73,3147.0,3569.0,1,254.0,624.1,0,2
49.76,63.81,1410.0,337.0,0,2311.0,14.6,1,0
91.01,18.11,2681.0,1758.0,0,2906.0,51.8,1,1
97.5,17.45,2525.0,1673.0,0,2711.0,69.7,0,1
86.49,31.88,809.0,1266.0,0,1027.0,71.1,0,1
59.21,25.08,1891.0,2650.0,0,3348.0,13.3,0,1
41.93,59.71,1800.0,446.0,0,954.0,69.8,1,0
79.1,52.53,1204.0,1263.0,0,2354.0,53.6,0,1
61.18,88.6,744.0,446.0,0,2484.0,68.8,1,0
23.77,58.72,13.0,74.0,0,1051.0,36.5,1,0
96.59,28.27,3222.0,2424.0,0,1849.0,21.2,0,1
22.46,44.2,47.0,9.0,0,1678.0,53.0,1,0
70.07,17.25,2723.0,2866.0,0,1534.0,51.9,0,1
98.24,17.56,3126.0,1699.0,0,1586.0,56.7,1,1
29.62,60.64,156.0,212.0,0,853.0,62.2,1,0
87.91,23.31,2113.0,2753.0,0,1873.0,52.9,1,1
67.96,32.29,2460.0,1024.0,0,2559.0,64.1,1,1
58.95,70.52,1948.0,233.0,0,1996.0,18.4,1,0
69.45,40.77,990.0,1650.0,0,3110.0,53.9,1,1
29.84,76.03,1907.0,131.0,0,2987.0,76.4,1,0
73.79,43.21,3348.0,1729.0,0,1534.0,39.6,1,1
83.2,39.0,2273.0,2711.0,0,1595.0,3.0,0,1
97.7,16.38,3034.0,2329.0,0,3096.0,37.8,1,1
23.3,53.05,60.0,298.0,0,2414.0,56.7,0,0
56.65,69.79,1503.0,225.0,0,3181.0,68.4,1,0
26.88,48.75,113.0,286.0,0,1474.0,48.5,1,0
20.3,44.83,136.0,293.0,0,1475.0,39.6,0,0
19.92,51.95,70.0,129.0,0,1407.0,0.9,0,0
21.78,40.0,194.0,276.0,0,3686.0,56.2,1,0
19.2,43.61,120.0,154.0,0,2683.0,40.4,0,0
46.19,49.64,2060.0,1737.0,0,1526.0,22.5,0,1
32.97,84.34,854.0,394.0,0,814.0,61.6,1,0
74.07,48.31,2470.0,1089.0,0,3396.0,18.9,1,1
61.16,49.54,1816.0,1085.0,0,3300.0,57.6,1,1
68.8,38.64,2347.0,1280.0,0,3174.0,56.1,0,1
86.46,43.12,1317.0,1183.0,0,921.0,30.6,0,1
63.14,27.26,997.0,1088.0,0,3497.0,75.8,1,1
51.27,64.94,1978.0,269.0,0,2563.0,10.5,1,0
63.71,88.15,1510.0,260.0,0,2337.0,8.3,1,0
90.91,17.3,3563.0,3892.0,1,227.0,272.3,1,2
145.88,5.43,3003.0,3586.0,1,232.0,344.6,1,2
63.24,45.09,1078.0,940.0,0,2817.0,18.0,1,1
77.42,44.49,922.0,829.0,0,1628.0,20.4,0,1
46.55,60.06,2049.0,362.0,0,1515.0,45.8,1,0
52.89,68.65,2022.0,22.0,0,3214.0,65.0,1,0
77.07,45.05,1756.0,1115.0,0,1483.0,25.4,1,1
95.14,32.88,3554.0,3262.0,1,379.0,584.1,1,2
32.72,83.38,1846.0,201.0,0,2369.0,53.4,1,0
70.33,29.33,2027.0,2991.0,0,2581.0,20.2,1,1
131.4,28.12,2926.0,3670.0,1,99.0,305.2,0,2
64.14,19.64,2817.0,1714.0,0,2648.0,65.5,1,1
29.45,56.57,278.0,370.0,0,3079.0,64.3,1,0
57.6,35.99,2147.0,1114.0,1,209.0,868.6,0,1
28.79,83.93,1433.0,109.0,0,2616.0,13.5,1,0
41.63,30.68,1554.0,1822.0,0,1704.0,45.8,0,1
24.89,40.08,236.0,333.0,0,3479.0,45.0,1,0
179.01,7.98,3907.0,2766.0,1,213.0,733.3,0,2
194.65,32.4,3836.0,2592.0,1,168.0,742.7,1,2
57.14,57.05,1425.0,74.0,0,2606.0,20.8,1,0
90.99,30.71,2468.0,2024.0,1,237.0,389.6,1,1
51.36,39.64,2110.0,1093.0,0,1643.0,19.0,0,1
61.15,23.76,1346.0,904.0,0,3338.0,61.6,0,1
50.35,21.59,2924.0,2581.0,0,1746.0,19.4,0,1
64.7,55.73,1214.0,346.0,0,3223.0,11.9,1,0
45.65,81.74,1335.0,261.0,0,1114.0,7.0,1,0
60.69,68.93,1555.0,77.0,0,973.0,23.0,1,0
19.97,39.91,66.0,1.0,0,3282.0,26.8,0,0
53.98,71.93,1692.0,82.0,0,1001.0,76.6,1,0
20.19,60.99,260.0,101.0,0,2153.0,52.2,1,0
84.04,54.13,965.0,1260.0,0,3404.0,11.4,0,1
52.65,84.27,1954.0,72.0,0,2633.0,49.7,1,0
62.38,51.9,989.0,1460.0,0,2688.0,69.3,1,1
176.79,24.87,3108.0,2927.0,1,97.0,729.6,0,2
152.69,9.69,2988.0,3099.0,1,260.0,582.5,1,2
52.74,89.15,1312.0,50.0,0,3706.0,40.1,1,0
78.85,31.36,2235.0,1534.0,1,117.0,285.8,0,1
29.84,47.53,142.0,389.0,0,1621.0,6.8,1,0
75.68,17.96,3225.0,2548.0,0,3084.0,70.5,1,1
194.13,23.28,2913.0,4051.0,1,147.0,211.7,0,2
62.72,61.6,1026.0,56.0,0,2774.0,29.8,1,0
52.03,29.11,1742.0,1810.0,1,257.0,211.4,0,1
130.15,27.6,3746.0,2616.0,1,70.0,358.9,1,2
123.24,34.04,3202.0,3329.0,1,360.0,219.6,1,2
83.74,23.23,970.0,1612.0,0,1507.0,52.7,1,1
22.63,59.15,298.0,56.0,0,2455.0,20.7,0,0
52.23,65.2,1858.0,354.0,0,1555.0,46.3,1,0
56.74,37.38,2204.0,1218.0,0,1853.0,40.6,0,1
102.95,34.25,2945.0,2637.0,1,208.0,296.6,0,2
20.38,35.52,13.0,39.0,0,3772.0,30.2,1,0
20.63,48.82,222.0,378.0,0,3387.0,39.1,0,0
92.83,24.75,3201.0,2910.0,0,2236.0,61.9,1,1
45.12,81.73,1108.0,167.0,0,2510.0,25.0,1,0
71.89,18.96,3363.0,2840.0,0,2490.0,7.5,0,1
98.18,32.63,3263.0,2907.0,1,134.0,842.6,1,1
27.29,63.12,42.0,19.0,0,3073.0,29.5,0,0
74.99,48.51,1818.0,1267.0,1,223.0,348.5,0,1
27.57,39.53,171.0,316.0,0,2119.0,19.4,0,0
28.31,84.88,2077.0,453.0,0,1020.0,42.1,1,0
29.68,84.12,1356.0,477.0,0,3735.0,38.7,1,0
63.84,37.46,1783.0,1566.0,0,2423.0,76.1,0,1
192.39,8.82,3718.0,2879.0,1,191.0,669.3,0,2
53.34,25.61,2140.0,1291.0,0,2481.0,20.2,1,1
47.5,71.65,1985.0,412.0,0,2299.0,13.6,1,0
153.7,8.72,3184.0,3247.0,1,200.0,868.5,1,2
87.54,14.79,1511.0,2171.0,0,3764.0,48.6,0,1
46.18,22.5,1508.0,810.0,0,2564.0,58.8,0,1
50.48,32.01,1243.0,875.0,0,1447.0,5.6,0,1
22.01,53.91,223.0,65.0,0,2395.0,68.5,1,0
78.33,26.18,1616.0,2713.0,0,2817.0,30.1,1,1
39.63,74.06,1490.0,433.0,0,3313.0,52.9,1,0
25.56,58.06,139.0,40.0,0,3352.0,20.6,1,0
24.41,53.82,254.0,388.0,0,810.0,15.6,0,0
41.18,85.79,1343.0,63.0,0,1030.0,43.9,1,0
22.55,48.72,58.0,391.0,0,1581.0,10.1,0,0
28.82,59.33,244.0,227.0,0,911.0,25.9,1,0
92.93,12.91,3845.0,3094.0,1,157.0,239.6,0,2
84.13,54.14,1128.0,1495.0,0,2674.0,65.2,1,1
35.77,81.44,2154.0,70.0,0,2516.0,11.8,1,0
19.47,37.52,207.0,45.0,0,1046.0,8.0,1,0
33.38,58.71,1691.0,242.0,0,2126.0,58.3,1,0
50.85,25.84,1705.0,2587.0,0,2284.0,2.4,0,1
127.23,29.44,4066.0,3629.0,1,353.0,564.9,1,2
179.84,17.18,3234.0,3263.0,1,105.0,690.4,0,2
52.89,27.67,2142.0,2609.0,0,1645.0,42.7,0,1
67.99,12.38,2991.0,2244.0,0,1164.0,32.3,1,1
63.31,77.46,1181.0,234.0,0,3663.0,32.6,1,0
29.06,53.88,44.0,263.0,0,3002.0,27.2,0,0
37.18,67.49,652.0,402.0,0,1703.0,53.0,1,0
55.86,51.97,2233.0,1515.0,1,316.0,484.6,1,1
123.18,7.84,3510.0,3157.0,1,74.0,589.9,1,2
46.14,89.14,1009.0,473.0,0,2295.0,66.0,1,0
18.85,49.44,53.0,163.0,0,2711.0,8.7,1,0
93.19,14.16,2810.0,3651.0,1,386.0,570.0,1,2
22.72,64.03,224.0,354.0,0,1723.0,33.2,1,0
65.5,53.02,866.0,1667.0,0,1581.0,25.7,0,1
23.54,55.54,294.0,210.0,0,2525.0,77.0,0,0
73.75,35.52,3233.0,2282.0,0,2489.0,35.2,1,1
58.82,33.08,1862.0,1991.0,1,267.0,459.4,1,1
19.28,58.74,274.0,117.0,0,3471.0,54.8,0,0
29.91,42.17,233.0,318.0,0,2457.0,75.0,1,0
102.98,10.66,3434.0,3049.0,1,175.0,277.4,1,2
41.64,66.92,2065.0,354.0,0,1446.0,43.3,1,0
99.89,24.46,2913.0,2249.0,1,91.0,226.4,0,1
19.48,45.22,198.0,92.0,0,2807.0,27.8,0,0
64.98,84.11,2036.0,144.0,0,938.0,30.2,1,0
87.01,41.63,1113.0,1903.0,0,3741.0,26.5,1,1
18.51,56.28,85.0,263.0,0,2561.0,20.6,1,0
22.84,44.2,195.0,36.0,0,824.0,53.8,1,0
125.36,26.53,2866.0,2817.0,1,249.0,331.6,1,2
76.03,28.35,2358.0,2056.0,0,2435.0,5.4,1,1
87.0,26.14,2429.0,1825.0,0,1488.0,28.2,0,1
81.74,28.33,1534.0,1453.0,1,233.0,436.7,0,1
19.06,53.77,89.0,82.0,0,1332.0,71.8,1,0
26.91,57.11,236.0,3.0,0,2654.0,16.7,1,0
68.07,41.85,2314.0,1072.0,0,2928.0,63.3,1,1
70.33,44.66,1459.0,1942.0,0,2729.0,61.5,0,1
82.11,26.62,1482.0,919.0,0,2690.0,46.9,1,1
102.13,11.29,3992.0,2561.0,1,83.0,745.8,1,2
115.8,17.41,3017.0,3227.0,1,151.0,365.0,1,2
54.75,64.8,603.0,457.0,0,3294.0,46.9,1,0
59.32,73.93,766.0,10.0,0,2888.0,9.4,1,0
77.66,43.98,1916.0,1349.0,0,3242.0,9.2,0,1
93.88,41.57,2575.0,2242.0,0,1444.0,45.1,1,1
175.88,8.36,3067.0,3481.0,1,263.0,668.6,1,2
51.91,65.34,720.0,484.0,0,1545.0,59.0,1,0
57.99,49.29,1054.0,1023.0,0,1894.0,48.1,0,1
60.65,34.46,3075.0,2295.0,1,126.0,744.2,1,1
109.52,12.2,2861.0,2488.0,0,998.0,50.2,1,1
130.15,33.53,3801.0,2883.0,1,111.0,629.3,0,2
70.89,34.53,2260.0,1399.0,0,1094.0,18.1,0,1
19.18,47.46,214.0,225.0,0,1988.0,55.2,0,0
84.27,40.89,862.0,1064.0,0,1091.0,11.7,1,1
29.99,89.43,1176.0,197.0,0,1479.0,54.4,1,0
71.39,13.62,2385.0,1956.0,1,151.0,535.8,0,1
23.16,64.8,163.0,298.0,0,1222.0,3.4,0,0
69.55,39.85,2454.0,1289.0,1,54.0,784.0,1,1
48.61,34.55,2218.0,1524.0,0,2687.0,42.2,0,1
49.58,79.01,1230.0,44.0,0,2812.0,31.5,1,0
181.49,7.52,2811.0,3395.0,1,340.0,384.6,0,2
27.94,44.32,185.0,96.0,0,909.0,6.0,0,0
82.82,41.02,1719.0,1401.0,0,2255.0,67.7,0,1
51.32,81.0,1743.0,225.0,0,3203.0,3.9,1,0
48.36,51.23,1297.0,1500.0,0,1859.0,0.4,0,1
57.93,76.1,1517.0,394.0,0,2555.0,55.3,1,0
57.87,32.97,928.0,1523.0,0,850.0,3.1,0,1
68.3,44.16,985.0,1599.0,0,860.0,37.0,1,1
135.0,8.47,3715.0,3617.0,1,259.0,304.4,1,2
118.24,32.3,3199.0,2745.0,1,277.0,631.1,0,2
43.16,20.75,2005.0,1303.0,0,3612.0,19.5,1,1
62.42,37.6,1649.0,1264.0,0,2305.0,36.3,1,1
48.98,76.26,1565.0,263.0,0,3086.0,19.5,1,0
72.26,43.41,2577.0,1904.0,0,3577.0,12.4,1,1
57.01,44.81,1735.0,1826.0,0,1617.0,48.8,1,1
18.04,55.6,271.0,40.0,0,2626.0,19.4,0,0
86.78,25.62,2383.0,1938.0,0,2504.0,65.8,0,1
48.38,30.36,2458.0,907.0,0,2225.0,63.4,1,1
20.99,36.33,73.0,263.0,0,2716.0,32.0,1,0
63.9,12.99,3002.0,2162.0,1,350.0,550.3,1,1
186.13,19.37,2956.0,2726.0,1,276.0,449.6,0,2
21.16,48.15,76.0,202.0,0,1093.0,15.9,0,0
103.49,30.29,1950.0,2654.0,0,3212.0,35.4,0,1
185.16,8.54,2981.0,3077.0,1,59.0,206.8,1,2
19.35,41.95,157.0,288.0,0,1781.0,17.7,1,0
24.51,53.34,136.0,131.0,0,2850.0,14.7,0,0
187.12,28.73,3503.0,2511.0,1,388.0,253.9,0,2
150.81,33.78,3315.0,2724.0,1,228.0,227.2,0,2
108.45,27.28,1803.0,1812.0,1,209.0,672.7,1,1
26.83,47.15,121.0,268.0,0,3147.0,52.8,1,0
82.04,38.35,2639.0,1854.0,0,1495.0,68.3,0,1
171.82,8.74,2862.0,3673.0,1,104.0,627.6,0,2
22.72,48.91,173.0,331.0,0,2849.0,9.8,0,0
59.97,29.78,918.0,1681.0,0,2614.0,16.3,0,1
75.72,33.92,2075.0,1959.0,0,2968.0,45.0,1,1
59.34,73.0,1186.0,214.0,0,1269.0,28.8,1,0
62.68,61.52,1184.0,421.0,0,2849.0,32.0,1,0
20.66,47.42,141.0,294.0,0,1169.0,11.9,0,0
21.87,40.71,104.0,268.0,0,2786.0,37.4,1,0
41.76,65.99,1868.0,15.0,0,3156.0,24.4,1,0
197.26,28.35,3633.0,3153.0,1,108.0,475.3,1,2
45.49,39.52,807.0,1908.0,0,3029.0,79.0,1,1
86.28,27.02,1680.0,1674.0,0,921.0,19.0,0,1
68.03,36.22,1980.0,1301.0,1,164.0,431.9,0,1
70.75,30.41,3182.0,2944.0,0,3793.0,50.0,0,1
25.61,55.2,122.0,364.0,0,3357.0,65.7,0,0
80.99,49.72,2412.0,1977.0,0,3297.0,21.6,1,1
58.64,41.06,2537.0,1751.0,1,372.0,323.7,0,1
59.85,54.15,1437.0,1539.0,0,2331.0,47.9,0,1
126.24,5.28,3855.0,2529.0,1,84.0,821.7,1,2
64.77,29.98,2259.0,1722.0,1,299.0,565.1,0,1
76.99,37.46,1769.0,1894.0,0,3472.0,49.0,1,1
113.4,21.04,3692.0,3502.0,1,309.0,797.0,1,2
89.38,50.36,1915.0,855.0,0,2903.0,41.3,0,1
67.63,33.64,2711.0,2020.0,0,3327.0,68.7,0,1
31.2,73.91,1178.0,492.0,0,1440.0,19.5,1,0
183.49,17.56,3281.0,2654.0,1,378.0,784.6,1,2
48.79,47.47,1844.0,1601.0,0,2670.0,3.2,1,1
28.99,57.3,260.0,268.0,0,3571.0,46.8,1,0
49.19,55.77,816.0,365.0,0,1913.0,38.5,1,0
101.41,12.57,3989.0,3924.0,1,210.0,343.8,1,2
55.94,21.53,1138.0,1916.0,0,1447.0,44.3,0,1
84.07,28.98,2395.0,1607.0,0,2650.0,4.7,0,1
49.54,26.37,1203.0,1471.0,0,2192.0,54.9,0,1
67.58,21.38,3440.0,2223.0,1,95.0,385.3,1,1
54.09,23.48,1760.0,1371.0,0,2280.0,52.0,1,1
101.09,35.9,1878.0,2355.0,0,3051.0,16.5,0,1
50.31,50.68,1040.0,1923.0,0,2309.0,66.4,1,1
99.83,18.26,2874.0,2762.0,0,2716.0,73.6,1,1
36.59,61.58,708.0,479.0,0,1781.0,6.2,1,0
61.73,72.64,1359.0,388.0,0,2998.0,50.2,1,0
97.27,40.1,2802.0,2289.0,1,142.0,883.0,1,1
42.72,42.5,1394.0,1065.0,0,2559.0,67.3,0,1
57.71,47.12,2387.0,820.0,0,2526.0,71.7,0,1
142.5,33.39,3718.0,3458.0,1,71.0,592.8,1,2
23.44,55.44,238.0,356.0,0,3182.0,62.8,1,0
77.01,54.5,2144.0,1604.0,0,2475.0,53.4,0,1
60.16,80.85,1248.0,267.0,0,2574.0,7.5,1,0
95.22,43.29,3210.0,2186.0,1,103.0,871.6,1,1
151.07,17.41,2934.0,3827.0,1,330.0,425.4,1,2
67.8,47.0,1146.0,1161.0,0,2677.0,27.3,1,1
41.06,72.13,1002.0,193.0,0,3616.0,2.5,1,0
49.7,86.08,2138.0,64.0,0,3037.0,17.4,1,0
56.14,41.38,3393.0,1577.0,0,2563.0,66.3,0,1
21.27,60.67,277.0,347.0,0,2050.0,35.9,0,0
40.08,31.61,1745.0,1128.0,0,3349.0,17.3,0,1
86.91,41.7,3367.0,2751.0,1,350.0,451.6,0,1
147.2,15.8,3970.0,3009.0,1,68.0,679.6,1,2
24.03,64.85,20.0,75.0,0,1920.0,67.8,0,0
93.78,24.46,1595.0,1595.0,0,1618.0,15.8,1,1
75.04,38.51,3398.0,2203.0,0,1000.0,12.6,1,1
125.93,25.83,3073.0,2696.0,1,213.0,439.1,0,2
49.6,59.75,1005.0,464.0,0,3646.0,21.1,1,0
22.76,55.1,125.0,145.0,0,1612.0,76.8,0,0
101.54,30.78,3982.0,3465.0,1,152.0,777.0,0,2
57.35,38.8,3135.0,1508.0,0,2194.0,74.5,1,1
121.37,5.87,3993.0,3438.0,1,196.0,457.3,0,2
99.42,32.28,2085.0,2334.0,0,904.0,43.7,0,1
27.28,62.96,255.0,144.0,0,3031.0,15.6,0,0
134.42,9.37,3502.0,2540.0,1,245.0,453.8,1,2
60.46,43.83,1317.0,1540.0,0,1433.0,43.6,0,1
26.82,37.29,17.0,57.0,0,3600.0,60.0,1,0
24.02,47.2,222.0,144.0,0,1527.0,29.0,1,0
189.64,26.32,2801.0,3623.0,1,353.0,394.0,0,2
83.41,21.67,885.0,1156.0,1,159.0,659.5,1,1
155.38,11.81,2846.0,3668.0,1,370.0,761.4,0,2
85.41,21.38,1160.0,1046.0,0,3006.0,30.5,0,1
65.43,10.38,2877.0,2576.0,0,919.0,0.7,1,1
101.01,24.18,3068.0,3626.0,1,359.0,583.8,0,2
55.85,83.82,812.0,273.0,0,3646.0,19.3,1,0
57.43,28.18,2794.0,2973.0,1,70.0,628.7,1,1
115.19,34.4,3366.0,2995.0,1,265.0,371.3,0,2
19.39,49.68,203.0,393.0,0,1099.0,67.6,0,0
22.46,62.66,142.0,273.0,0,1043.0,41.9,0,0
134.14,27.57,3682.0,2723.0,1,215.0,348.6,1,2
24.88,38.89,185.0,299.0,0,1909.0,29.5,1,0
98.56,12.38,3053.0,3417.0,1,172.0,274.7,0,2
178.45,28.28,2824.0,3289.0,1,353.0,596.5,0,2
50.56,21.49,1774.0,1699.0,0,1979.0,14.0,1,1
197.14,15.89,3347.0,2989.0,1,146.0,633.0,0,2
42.28,56.87,1048.0,337.0,0,2652.0,46.9,1,0
55.85,83.53,1817.0,247.0,0,3331.0,16.3,1,0
57.57,21.18,1431.0,1343.0,0,2303.0,12.1,0,1
72.1,46.52,1120.0,1613.0,0,1014.0,4.3,1,1
28.09,35.71,215.0,202.0,0,2604.0,13.5,0,0
90.55,21.53,3862.0,2564.0,1,323.0,720.3,0,2
23.18,40.08,172.0,111.0,0,1220.0,65.8,0,0
75.93,38.61,1616.0,1833.0,0,2758.0,32.2,0,1
27.8,49.32,243.0,298.0,0,3799.0,31.3,1,0
86.1,46.71,2188.0,878.0,1,92.0,428.5,0,1
47.95,72.45,1101.0,405.0,0,2521.0,76.1,1,0
19.73,43.96,85.0,147.0,0,3675.0,25.7,1,0
43.16,59.51,879.0,317.0,0,2525.0,16.7,1,0
194.32,9.9,2922.0,3591.0,1,305.0,677.0,0,2
18.56,59.27,247.0,15.0,0,1830.0,32.3,0,0
79.01,23.59,1313.0,1726.0,0,3083.0,69.9,1,1
69.37,23.6,1768.0,1591.0,0,3667.0,43.6,0,1
86.48,41.04,2284.0,1483.0,0,3688.0,66.1,1,1
149.87,12.9,4054.0,2520.0,1,75.0,307.9,1,2
100.2,30.76,2054.0,2351.0,0,3569.0,65.1,1,1
179.84,15.89,3967.0,3186.0,1,281.0,655.6,1,2
83.43,36.74,1594.0,1374.0,0,1161.0,21.7,0,1
197.92,22.15,3360.0,3854.0,1,371.0,666.3,0,2
28.55,72.27,651.0,56.0,0,2046.0,79.1,1,0
89.26,52.18,1921.0,1419.0,1,280.0,217.0,1,1
57.29,32.48,1671.0,884.0,0,917.0,11.2,1,1
23.69,38.38,209.0,66.0,0,3032.0,51.8,0,0
72.82,40.22,913.0,1063.0,1,233.0,414.9,1,1
108.0,13.63,1587.0,2064.0,0,3339.0,69.9,1,1
34.42,55.46,1384.0,235.0,0,2855.0,29.2,1,0
28.34,62.96,794.0,136.0,0,2739.0,17.5,1,0
67.07,54.51,1629.0,842.0,0,3260.0,22.6,0,1
177.83,31.96,3422.0,3059.0,1,138.0,595.9,1,2
38.04,75.86,2032.0,295.0,0,2137.0,36.2,1,0
58.4,57.62,1449.0,329.0,0,1560.0,36.2,1,0
47.94,32.66,1270.0,1550.0,0,1263.0,13.7,1,1
60.11,82.56,2191.0,465.0,0,1724.0,14.5,1,0
80.15,39.46,3409.0,2449.0,0,1610.0,48.1,0,1
138.48,19.95,4088.0,3982.0,1,119.0,727.6,0,2
199.41,27.52,3060.0,3775.0,1,229.0,859.2,1,2
70.25,11.32,3182.0,2429.0,1,317.0,581.1,0,1
19.02,46.4,25.0,96.0,0,1721.0,53.9,0,0
59.79,38.65,981.0,1898.0,1,293.0,474.9,0,1
59.25,33.6,1554.0,1613.0,0,2984.0,1.7,1,1
164.6,5.75,3488.0,2607.0,1,68.0,559.5,0,2
52.02,39.46,1770.0,1531.0,0,2931.0,43.5,1,1
88.46,38.53,2130.0,928.0,0,1248.0,56.7,1,1
25.59,46.86,149.0,369.0,0,1993.0,58.2,1,0
52.0,83.29,1427.0,432.0,0,938.0,10.7,1,0
63.64,81.14,1270.0,239.0,0,3122.0,70.8,1,0
32.18,62.05,733.0,352.0,0,1891.0,7.6,1,0
53.54,67.91,1890.0,453.0,0,1335.0,27.0,1,0
166.13,20.35,3449.0,3870.0,1,365.0,214.8,0,2
54.53,36.97,3193.0,2305.0,0,3587.0,73.7,1,1
26.82,41.35,234.0,252.0,0,1889.0,10.9,0,0
87.36,29.65,2444.0,1046.0,0,3030.0,76.7,0,1
52.0,59.01,1718.0,456.0,0,1421.0,66.2,1,0
18.15,37.55,251.0,116.0,0,1806.0,76.2,0,0
183.91,30.79,3734.0,3763.0,1,118.0,271.1,1,2
18.59,36.81,256.0,240.0,0,1827.0,19.4,1,0
41.98,30.9,1012.0,881.0,0,1764.0,70.5,0,1
60.52,16.52,3356.0,2744.0,0,2079.0,71.5,1,1
78.05,35.7,3494.0,2672.0,0,2916.0,49.1,1,1
58.33,31.3,802.0,897.0,0,2058.0,1.7,1,1
109.45,13.97,2997.0,2435.0,0,1339.0,5.7,1,1
51.07,13.36,2709.0,2882.0,1,392.0,767.0,1,1
47.76,64.52,1051.0,419.0,0,3298.0,35.7,1,0
64.31,23.38,1520.0,2327.0,0,2091.0,42.6,1,1
58.17,60.48,1958.0,53.0,0,2977.0,66.9,1,0
163.13,7.91,3740.0,3791.0,1,366.0,401.2,1,2
31.88,83.57,1517.0,103.0,0,3295.0,23.1,1,0
26.66,45.25,263.0,178.0,0,2586.0,32.3,1,0
90.97,14.99,2345.0,2807.0,0,2476.0,1.4,0,1
30.77,66.41,1162.0,392.0,0,2167.0,22.7,1,0
22.65,47.09,285.0,244.0,0,2031.0,49.6,0,0
47.56,67.61,1926.0,473.0,0,2234.0,51.8,1,0
71.18,18.56,2685.0,2995.0,1,241.0,723.0,1,1
55.76,24.34,3338.0,2422.0,0,2408.0,59.0,1,1
26.27,60.05,108.0,39.0,0,3779.0,2.4,0,0
51.72,55.81,1986.0,260.0,0,1023.0,33.9,1,0
46.32,51.7,2042.0,1523.0,0,1556.0,28.0,1,1
27.0,59.86,2.0,96.0,0,1540.0,0.8,0,0
180.44,30.27,3476.0,3412.0,1,230.0,409.9,1,2
150.93,26.3,3090.0,3723.0,1,325.0,673.6,0,2
115.8,5.44,2859.0,3281.0,1,223.0,503.5,1,2
40.23,66.59,2051.0,209.0,0,1277.0,71.0,1,0
23.73,50.59,120.0,295.0,0,2562.0,38.5,0,0
132.9,20.85,3493.0,3399.0,1,378.0,207.9,0,2
29.54,39.38,297.0,112.0,0,2789.0,42.9,0,0
94.55,25.42,3280.0,1795.0,1,385.0,268.9,0,1
105.21,10.4,3225.0,1769.0,1,191.0,471.4,1,1
30.22,56.76,1119.0,492.0,0,2898.0,70.5,1,0
89.85,45.09,1721.0,1969.0,0,809.0,20.0,1,1
57.32,71.0,2044.0,488.0,0,2325.0,75.6,1,0
70.31,43.72,2240.0,1139.0,0,3552.0,45.8,1,1
52.56,34.5,2430.0,1736.0,0,3033.0,11.2,0,1
33.23,59.19,2033.0,462.0,0,3117.0,54.0,1,0
42.85,34.21,2202.0,1940.0,0,3528.0,36.5,1,1
65.6,21.23,1418.0,1819.0,0,1326.0,63.7,0,1
20.27,52.78,185.0,342.0,0,1874.0,13.6,0,0
144.03,17.78,3031.0,3026.0,1,88.0,281.4,0,2
20.98,52.07,125.0,310.0,0,3735.0,39.8,0,0
51.17,64.46,1921.0,45.0,0,3162.0,37.3,1,0
91.32,23.16,2086.0,2319.0,0,1514.0,47.1,0,1
70.58,52.29,993.0,1129.0,0,3056.0,2.7,0,1
61.05,87.34,875.0,397.0,0,2542.0,29.4,1,0
21.53,60.48,43.0,347.0,0,2351.0,69.2,0,0
42.73,29.24,1049.0,1021.0,0,2122.0,58.5,0,1
68.82,44.61,3255.0,1666.0,0,2564.0,73.9,0,1
164.4,21.27,3050.0,2657.0,1,206.0,224.6,0,2
27.81,59.97,225.0,12.0,0,1844.0,73.2,0,0
94.45,25.36,2647.0,2302.0,0,2564.0,42.9,0,1
25.1,51.96,168.0,61.0,0,1080.0,13.3,1,0
96.16,27.54,2650.0,2313.0,1,349.0,365.9,1,1
71.09,43.54,1276.0,1764.0,0,2252.0,72.8,0,1
26.12,54.19,114.0,206.0,0,1637.0,28.7,0,0
126.25,27.52,2949.0,3679.0,1,326.0,873.4,1,2
38.25,69.32,1114.0,480.0,0,1229.0,30.0,1,0
21.36,60.79,23.0,257.0,0,2578.0,22.8,1,0
101.14,12.5,3457.0,1952.0,1,80.0,400.6,1,1
48.5,21.08,2050.0,1049.0,1,156.0,870.2,0,1
83.26,35.41,1934.0,2786.0,1,342.0,839.7,0,1
69.07,36.83,2273.0,1278.0,0,2584.0,58.4,1,1
65.34,40.0,1822.0,1477.0,0,3068.0,69.2,1,1
190.29,6.0,3965.0,3156.0,1,60.0,257.2,0,2
29.37,35.51,144.0,96.0,0,1983.0,61.5,0,0
86.0,41.4,2146.0,2609.0,0,2208.0,74.7,0,1
51.9,71.43,2053.0,266.0,0,2902.0,12.1,1,0
172.76,30.67,3993.0,2919.0,1,210.0,278.2,0,2
36.73,74.63,1975.0,166.0,0,2010.0,64.4,1,0
18.84,64.39,244.0,171.0,0,1737.0,46.9,1,0
66.49,18.67,3122.0,2523.0,0,2430.0,60.8,1,1
77.43,36.19,2630.0,1683.0,0,1271.0,79.0,1,1
68.21,30.49,3382.0,2724.0,1,320.0,515.9,1,1
158.6,29.52,3891.0,3966.0,1,374.0,612.7,0,2
43.23,36.49,1819.0,1260.0,0,1108.0,17.6,1,1
52.81,43.0,2397.0,1572.0,1,127.0,867.0,1,1
68.6,22.26,2394.0,1284.0,0,2794.0,55.5,0,1
63.21,58.22,1565.0,482.0,0,2048.0,42.6,1,0
78.32,20.13,3048.0,1539.0,0,2919.0,1.3,1,1
48.12,63.0,1598.0,466.0,0,2588.0,70.7,1,0
56.86,40.92,1478.0,1307.0,0,1261.0,36.2,0,1
197.42,16.64,3060.0,2890.0,1,285.0,325.9,1,2
78.19,23.43,1015.0,1721.0,0,3318.0,15.5,1,1
88.37,27.41,1917.0,1518.0,0,1111.0,29.3,1,1
103.78,16.37,3741.0,3220.0,1,313.0,217.5,1,2
76.88,53.59,1368.0,823.0,0,2235.0,21.8,0,1
60.89,69.13,763.0,309.0,0,2082.0,2.7,1,0
76.93,40.93,2426.0,1280.0,0,3589.0,31.6,1,1
167.52,24.05,3782.0,3492.0,1,305.0,287.9,1,2
26.83,35.33,81.0,333.0,0,3026.0,42.7,1,0
20.25,61.84,29.0,107.0,0,3729.0,7.7,0,0
83.18,21.58,1910.0,2309.0,0,3296.0,24.7,1,1
22.03,49.5,297.0,347.0,0,3768.0,59.0,0,0
40.51,85.18,1998.0,370.0,0,1843.0,61.0,1,0
129.72,19.44,4023.0,4083.0,1,83.0,620.7,1,2
45.17,59.12,1439.0,232.0,0,2028.0,16.4,1,0
46.02,64.9,1289.0,169.0,0,2453.0,41.7,1,0
48.35,88.66,1429.0,82.0,0,1891.0,43.6,1,0
43.77,36.64,1568.0,830.0,0,2346.0,29.3,0,1
69.32,40.69,1953.0,1627.0,0,860.0,28.2,1,1
66.18,51.98,2056.0,1959.0,1,112.0,854.4,0,1
66.85,25.37,1338.0,1628.0,0,3510.0,49.0,1,1
63.9,21.39,1221.0,1870.0,1,212.0,636.2,1,1
61.92,56.58,646.0,276.0,0,1573.0,77.9,1,0
106.67,29.22,3033.0,2700.0,1,182.0,830.4,0,2
121.61,7.78,4027.0,3451.0,1,355.0,221.6,1,2
57.93,25.35,2165.0,1550.0,0,2118.0,62.6,0,1
169.84,25.98,3004.0,3826.0,1,160.0,863.0,1,2
167.2,32.03,3864.0,3452.0,1,266.0,343.5,0,2
27.12,64.76,296.0,265.0,0,2411.0,75.4,1,0
72.18,23.7,2690.0,2096.0,1,62.0,314.8,1,1
46.11,55.81,806.0,118.0,0,1592.0,25.7,1,0
51.89,32.49,2357.0,1768.0,0,1147.0,20.1,1,1
71.33,53.78,1925.0,1254.0,0,1529.0,44.0,1,1
23.63,41.48,144.0,312.0,0,2318.0,36.9,0,0
85.69,28.78,1396.0,978.0,0,1981.0,46.6,1,1
24.08,42.0,60.0,364.0,0,3619.0,70.2,1,0
85.55,36.72,2441.0,2386.0,0,1479.0,45.0,0,1
37.37,80.8,1373.0,165.0,0,998.0,75.4,1,0
39.71,55.65,1948.0,282.0,0,2236.0,46.2,1,0
28.27,35.09,279.0,123.0,0,3776.0,29.3,1,0
62.25,33.46,2039.0,2375.0,0,2175.0,59.5,0,1
163.97,33.1,3271.0,3957.0,1,96.0,405.2,1,2
62.25,13.56,3327.0,1772.0,0,2882.0,28.2,0,1
47.18,69.57,963.0,267.0,0,3506.0,43.7,1,0
28.18,50.59,283.0,209.0,0,3601.0,40.5,1,0
78.28,50.28,1777.0,1955.0,1,235.0,615.7,1,1
29.83,63.52,248.0,193.0,0,1755.0,41.5,1,0
78.63,17.82,2637.0,1801.0,0,2973.0,35.9,0,1
160.86,11.89,3390.0,3819.0,1,151.0,531.6,1,2
108.38,21.66,2190.0,1516.0,0,3000.0,69.8,1,1
48.25,49.04,2428.0,857.0,0,2339.0,47.4,0,1
77.66,35.28,2988.0,1824.0,0,3789.0,19.1,1,1
56.56,12.57,3215.0,2186.0,1,98.0,269.7,1,1
178.0,15.9,3513.0,3855.0,1,118.0,805.1,1,2
69.98,40.87,1983.0,807.0,0,1188.0,62.9,1,1
199.99,12.81,3496.0,3916.0,1,319.0,642.3,0,2
156.16,31.15,3643.0,3824.0,1,102.0,465.1,1,2
89.98,33.63,1864.0,2828.0,0,818.0,46.1,0,1
98.54,13.31,3018.0,3337.0,1,288.0,455.4,0,2
47.74,30.89,2411.0,890.0,0,3466.0,42.9,0,1
20.33,61.58,134.0,356.0,0,1997.0,15.9,1,0
24.11,62.43,273.0,113.0,0,1959.0,75.8,0,0
87.56,34.27,891.0,1175.0,0,2565.0,21.1,1,1
28.9,36.53,73.0,209.0,0,2340.0,54.3,1,0
28.77,48.38,157.0,62.0,0,1655.0,36.0,1,0
66.92,33.48,2861.0,2381.0,1,226.0,429.4,1,1
56.23,54.33,1946.0,1539.0,1,270.0,801.6,1,1
129.58,11.39,3170.0,3495.0,1,200.0,434.5,0,2
74.73,26.85,1236.0,1088.0,0,2252.0,22.5,1,1
91.51,31.32,1715.0,2285.0,1,109.0,650.4,1,1
37.93,71.0,1007.0,169.0,0,3194.0,1.1,1,0
173.45,14.76,3591.0,2646.0,1,133.0,350.4,1,2
80.79,36.14,978.0,1249.0,0,2047.0,76.3,0,1
24.14,41.1,161.0,356.0,0,2641.0,15.3,0,0
78.82,47.47,1065.0,1064.0,0,1788.0,38.5,1,1
23.27,39.29,237.0,349.0,0,3135.0,49.9,0,0
78.85,28.98,1757.0,2852.0,1,325.0,575.6,1,1
108.03,28.06,2480.0,2410.0,0,977.0,9.5,1,1
53.74,44.27,851.0,1653.0,0,2873.0,49.6,1,1
31.09,70.04,1740.0,172.0,0,2683.0,78.6,1,0
56.15,38.24,2383.0,2843.0,0,2816.0,15.6,1,1
24.66,58.45,230.0,129.0,0,1696.0,14.5,0,0
58.74,74.81,1710.0,206.0,0,1264.0,48.9,1,0
61.03,67.73,1497.0,167.0,0,2905.0,66.0,1,0
33.57,82.23,1341.0,67.0,0,1661.0,49.4,1,0
194.41,16.54,3349.0,2502.0,1,224.0,696.0,0,2
59.02,28.46,1518.0,2664.0,0,2199.0,66.4,0,1
105.81,10.88,2803.0,1987.0,1,163.0,703.9,1,1
168.0,21.21,2884.0,3129.0,1,85.0,368.9,1,2
36.14,71.85,1525.0,277.0,0,2394.0,29.3,1,0
25.29,56.18,56.0,40.0,0,1717.0,55.6,0,0
65.41,40.4,1097.0,1267.0,0,1166.0,16.0,0,1
74.09,28.77,1340.0,1815.0,1,102.0,304.5,0,1
89.42,40.29,2976.0,1558.0,0,1859.0,35.4,0,1
45.33,89.98,934.0,185.0,0,2026.0,59.4,1,0
136.72,16.88,3162.0,3287.0,1,203.0,498.2,0,2
19.09,53.43,25.0,349.0,0,1556.0,76.3,0,0
62.41,10.91,2343.0,2454.0,1,125.0,734.3,0,1
106.97,13.12,2671.0,1669.0,0,1201.0,7.5,1,1
58.08,28.92,2822.0,1845.0,0,2165.0,28.5,1,1
29.77,81.89,1704.0,382.0,0,1672.0,67.3,1,0
95.77,22.23,3894.0,3943.0,1,324.0,823.0,1,2
179.88,16.16,3299.0,2600.0,1,255.0,824.7,1,2
54.64,88.4,826.0,402.0,0,1523.0,0.4,1,0
100.91,17.07,3222.0,2074.0,0,1787.0,4.6,0,1
125.29,19.13,3119.0,3660.0,1,280.0,545.3,0,2
35.62,83.0,1404.0,375.0,0,1141.0,74.6,1,0
74.34,38.58,3037.0,2148.0,1,64.0,737.5,1,1
40.02,89.46,1980.0,320.0,0,3430.0,70.5,1,0
54.01,18.68,2312.0,2013.0,0,1535.0,34.3,1,1
24.91,47.03,197.0,311.0,0,3176.0,37.5,0,0
96.98,25.02,2929.0,2428.0,1,204.0,775.7,1,1
103.01,11.89,3147.0,3534.0,1,139.0,622.9,1,2
107.72,22.06,3234.0,2949.0,1,122.0,457.1,1,2
26.44,61.07,192.0,30.0,0,1702.0,33.5,1,0
49.21,86.51,654.0,290.0,0,2705.0,31.2,1,0
31.74,65.21,839.0,44.0,0,1839.0,62.7,1,0
97.41,13.83,1913.0,2962.0,1,96.0,657.6,1,1
46.28,87.84,1217.0,160.0,0,1746.0,60.9,1,0
77.93,34.77,2836.0,2995.0,1,52.0,641.9,0,1
104.82,25.91,3173.0,2759.0,1,165.0,569.4,0,2
21.25,44.44,278.0,339.0,0,3710.0,32.7,1,0
99.43,21.05,1541.0,2538.0,0,2466.0,21.3,1,1
81.33,28.56,852.0,1997.0,1,165.0,652.6,0,1
88.39,23.48,1498.0,1246.0,0,2815.0,37.3,0,1
53.52,55.3,1954.0,377.0,0,2461.0,33.1,1,0
178.14,34.52,3123.0,2622.0,1,241.0,838.9,1,2
78.95,40.17,1009.0,1653.0,0,2175.0,53.6,1,1
102.32,9.21,3902.0,3107.0,1,202.0,750.1,0,2
74.77,36.24,1895.0,2719.0,0,1594.0,58.6,1,1
65.02,31.54,3271.0,1654.0,0,2573.0,52.6,1,1
57.71,80.64,2086.0,25.0,0,3616.0,32.9,1,0
71.71,44.3,2079.0,1990.0,1,267.0,866.3,0,1
75.34,23.66,3452.0,1713.0,0,3749.0,40.3,1,1
22.82,48.89,47.0,90.0,0,2159.0,16.1,1,0
56.31,89.73,1348.0,196.0,0,1776.0,46.0,1,0
95.35,12.69,1612.0,1632.0,1,110.0,650.5,0,1
61.28,68.31,1523.0,147.0,0,2427.0,13.9,1,0
39.6,83.3,1657.0,62.0,0,1037.0,52.8,1,0
83.06,38.92,1529.0,1488.0,0,2574.0,25.8,1,1
49.74,75.79,1006.0,121.0,0,2281.0,45.5,1,0
63.03,27.9,2000.0,1634.0,0,3642.0,42.3,1,1
46.57,34.71,2357.0,946.0,1,188.0,538.0,1,1
29.59,44.73,286.0,117.0,0,1265.0,73.6,0,0
27.18,35.45,226.0,177.0,0,3605.0,66.8,0,0
104.03,43.72,3293.0,2024.0,0,3783.0,59.0,1,1
33.62,69.94,612.0,318.0,0,3793.0,78.3,1,0
48.65,23.98,1691.0,1799.0,0,2565.0,28.1,0,1
20.12,53.8,265.0,48.0,0,2468.0,76.9,1,0
80.64,27.3,2060.0,1139.0,1,128.0,844.2,0,1
61.27,63.82,1897.0,255.0,0,2658.0,69.1,1,0
41.09,82.18,2078.0,369.0,0,1118.0,4.6,1,0
110.18,23.92,3330.0,3994.0,1,336.0,583.9,1,2
89.74,17.53,1536.0,2364.0,0,1151.0,4.7,1,1
42.25,57.66,720.0,121.0,0,1674.0,5.0,1,0
19.55,59.14,21.0,200.0,0,2846.0,58.3,1,0
83.68,54.59,2493.0,1252.0,0,3613.0,3.6,1,1
24.47,56.54,204.0,183.0,0,2340.0,1.5,0,0
86.47,26.82,2110.0,2523.0,0,1266.0,51.8,0,1
110.88,24.88,2808.0,2888.0,1,189.0,845.4,0,2
75.58,54.06,964.0,976.0,0,2016.0,28.0,1,1
159.03,23.3,3578.0,2882.0,1,314.0,354.9,1,2
76.85,11.27,3494.0,2962.0,1,74.0,882.9,0,1
183.93,13.43,3301.0,2620.0,1,123.0,375.8,0,2
89.9,12.92,1682.0,1594.0,1,345.0,251.6,1,1
50.14,42.76,1079.0,1702.0,0,2511.0,64.0,1,1
23.32,47.79,83.0,250.0,0,3222.0,33.3,1,0
44.15,66.4,1187.0,425.0,0,1203.0,7.3,1,0
57.81,44.75,3071.0,1763.0,1,115.0,797.9,0,1
23.47,44.4,207.0,151.0,0,2368.0,0.7,0,0
70.0,29.19,1853.0,861.0,0,3437.0,26.4,1,1
70.62,16.07,1758.0,2660.0,0,3752.0,78.3,1,1
59.5,23.48,3453.0,2306.0,0,1526.0,51.2,1,1
53.68,65.6,1024.0,409.0,0,2044.0,72.3,1,0
108.89,43.57,2677.0,2628.0,0,3662.0,28.5,0,1
58.0,14.6,2199.0,2916.0,1,143.0,681.9,0,1
58.2,24.16,2446.0,2027.0,0,3687.0,66.9,1,1
47.77,56.48,1798.0,72.0,0,3474.0,13.1,1,0
102.37,25.57,2895.0,3829.0,1,261.0,557.5,0,2
82.05,40.96,2668.0,1512.0,0,2688.0,67.4,1,1
18.7,64.33,221.0,69.0,0,3758.0,68.0,0,0
71.02,34.51,2976.0,1672.0,0,2549.0,36.7,0,1
71.54,41.86,2335.0,2702.0,1,237.0,278.2,1,1
26.01,54.89,124.0,114.0,0,1727.0,45.4,0,0
53.31,60.94,1319.0,92.0,0,1295.0,34.5,1,0
143.26,30.88,4012.0,3280.0,1,113.0,697.5,0,2
65.93,20.99,1033.0,1887.0,0,2177.0,39.6,1,1
83.83,51.83,1302.0,1467.0,0,1247.0,13.8,1,1
95.7,25.85,1735.0,2237.0,0,876.0,42.9,0,1
30.97,87.8,730.0,38.0,0,1208.0,58.5,1,0
21.84,42.53,141.0,44.0,0,2326.0,8.1,0,0
97.37,17.66,2317.0,1905.0,1,300.0,475.0,0,1
96.75,34.18,3499.0,2642.0,0,3303.0,4.7,0,1
190.24,21.8,2931.0,2628.0,1,92.0,283.1,0,2
89.94,36.89,1901.0,1416.0,0,3566.0,29.7,0,1
197.17,31.05,3882.0,3925.0,1,212.0,855.4,0,2
55.56,16.57,3207.0,2211.0,0,837.0,45.3,1,1
46.57,82.53,1189.0,379.0,0,2811.0,31.1,1,0
52.34,34.31,2724.0,1733.0,1,314.0,502.6,0,1
82.66,51.86,1992.0,1109.0,0,2453.0,57.5,0,1
91.45,15.51,2510.0,1714.0,1,113.0,684.4,1,1
101.46,16.15,2084.0,1789.0,0,2212.0,75.6,0,1
41.22,88.99,1974.0,268.0,0,2679.0,39.7,1,0
29.31,35.32,289.0,222.0,0,3615.0,73.0,1,0
75.52,39.85,2843.0,1698.0,1,87.0,260.2,0,1
59.9,11.21,1816.0,2855.0,0,2847.0,29.6,1,1
118.14,7.71,3304.0,4079.0,1,181.0,754.9,1,2
69.47,22.29,1153.0,1654.0,0,1855.0,34.1,0,1
22.73,43.43,292.0,199.0,0,2831.0,30.0,0,0
168.23,28.62,2915.0,3352.0,1,363.0,565.3,0,2
28.82,79.88,1105.0,309.0,0,1229.0,50.8,1,0
89.81,36.27,1263.0,1820.0,0,1330.0,14.3,1,1
121.23,14.84,3399.0,3296.0,1,162.0,287.1,1,2
36.73,62.81,673.0,181.0,0,1921.0,71.6,1,0
28.24,48.88,150.0,203.0,0,818.0,72.5,0,0
58.3,22.66,1549.0,1677.0,0,2856.0,37.0,1,1
53.43,49.96,861.0,1624.0,0,2139.0,56.1,0,1
89.99,45.56,1443.0,1829.0,0,3365.0,38.3,1,1
78.92,45.83,903.0,1988.0,0,3249.0,44.1,1,1
99.5,16.83,3916.0,3000.0,1,189.0,567.9,0,2
61.32,56.86,1116.0,130.0,0,2662.0,0.3,1,0
18.75,39.76,246.0,355.0,0,909.0,16.3,1,0
83.02,36.58,1563.0,946.0,0,1833.0,12.8,1,1
100.99,18.43,2565.0,2235.0,0,3110.0,9.8,0,1
105.48,27.94,3024.0,2246.0,1,298.0,352.4,1,1
99.79,23.4,2540.0,2071.0,0,1966.0,45.1,0,1
51.12,78.45,2003.0,160.0,0,1206.0,9.5,1,0
88.29,13.47,2569.0,1730.0,0,2280.0,32.7,1,1
130.85,19.95,3859.0,2536.0,1,301.0,289.8,0,2
108.94,9.99,2976.0,3186.0,1,267.0,512.9,1,2
37.47,64.65,2147.0,387.0,0,2060.0,55.6,1,0
95.24,13.42,2364.0,1801.0,1,248.0,899.9,1,1
33.19,81.4,2193.0,114.0,0,1269.0,44.8,1,0
100.19,32.76,2037.0,2436.0,0,940.0,7.9,1,1
27.97,55.89,245.0,312.0,0,3226.0,24.3,0,0
69.99,28.99,2496.0,2187.0,0,1329.0,15.5,0,1
19.81,38.12,125.0,42.0,0,3545.0,15.6,0,0
53.25,38.92,2722.0,2395.0,0,3642.0,65.8,1,1
59.64,77.96,1199.0,434.0,0,1361.0,22.4,1,0
33.7,55.37,2100.0,182.0,0,3262.0,26.9,1,0
91.45,40.89,3094.0,2628.0,0,2948.0,16.2,1,1
74.32,20.82,2428.0,1066.0,1,121.0,389.7,1,1
25.94,41.89,123.0,13.0,0,2871.0,47.7,1,0
174.88,7.81,3635.0,2811.0,1,162.0,426.0,0,2
41.51,21.58,1062.0,1998.0,0,2162.0,0.4,0,1
34.86,89.4,1660.0,355.0,0,1946.0,16.6,1,0
93.33,32.35,3608.0,4016.0,1,265.0,650.2,0,2
81.28,43.29,1617.0,2673.0,1,278.0,610.1,1,1
20.43,35.46,154.0,34.0,0,3701.0,23.0,0,0
25.01,64.9,267.0,330.0,0,3772.0,22.6,0,0
34.83,74.69,921.0,91.0,0,2366.0,72.3,1,0
26.11,36.41,161.0,7.0,0,2141.0,0.6,1,0
109.69,30.01,2777.0,2715.0,0,1612.0,17.0,0,1
83.81,26.34,1068.0,907.0,0,1274.0,59.1,1,1
27.59,38.61,44.0,59.0,0,1615.0,41.4,1,0
84.82,53.47,1442.0,1637.0,0,3217.0,15.6,1,1
70.0,42.19,1740.0,1386.0,0,3038.0,59.2,0,1
72.22,33.57,1342.0,1857.0,0,2490.0,14.7,0,1
164.17,32.16,3096.0,3732.0,1,199.0,301.5,1,2
48.27,44.54,992.0,1473.0,0,3283.0,32.8,1,1
144.57,28.61,2862.0,2512.0,1,58.0,395.6,1,2
48.72,66.68,847.0,323.0,0,3368.0,65.0,1,0
55.98,84.9,1201.0,99.0,0,2346.0,72.9,1,0
46.41,83.49,1030.0,447.0,0,1240.0,33.9,1,0
18.53,64.6,191.0,28.0,0,2198.0,50.4,1,0
187.2,33.49,3980.0,4055.0,1,175.0,316.1,0,2
145.24,28.73,3515.0,3913.0,1,332.0,640.9,0,2
68.2,32.59,3100.0,1946.0,1,287.0,603.8,1,1
43.2,60.28,2072.0,195.0,0,1854.0,31.9,1,0
61.14,64.41,1709.0,494.0,0,3167.0,34.6,1,0
73.29,25.89,1753.0,1478.0,0,3345.0,38.9,0,1
82.03,28.22,1429.0,1112.0,0,2821.0,48.7,0,1
76.47,35.59,2951.0,2908.0,0,907.0,4.3,0,1
65.88,14.05,1928.0,2434.0,0,1689.0,18.7,0,1
56.42,22.64,2810.0,1903.0,0,2690.0,25.3,0,1
78.79,47.88,1434.0,1534.0,1,343.0,707.3,0,1
86.78,50.49,2109.0,1988.0,0,2719.0,11.3,0,1
100.66,26.0,2696.0,2193.0,1,369.0,675.5,0,1
87.04,41.88,1619.0,893.0,1,352.0,308.0,1,1
78.82,13.67,2486.0,2839.0,0,2715.0,40.0,1,1
85.55,25.26,1825.0,920.0,1,387.0,457.7,0,1
81.1,54.21,2351.0,1019.0,0,3331.0,12.7,0,1
27.22,37.7,278.0,254.0,0,2558.0,39.1,1,0
174.81,8.46,3733.0,3102.0,1,239.0,396.0,1,2
60.91,28.72,1814.0,2202.0,0,3023.0,7.0,1,1
34.51,79.48,1315.0,360.0,0,2492.0,24.9,1,0
21.09,64.85,57.0,34.0,0,2917.0,20.4,1,0
43.07,22.01,1730.0,1107.0,0,2188.0,60.4,0,1
90.2,13.36,3567.0,2941.0,1,296.0,526.5,0,2
35.22,55.2,1237.0,384.0,0,1458.0,2.0,1,0
137.58,19.74,3568.0,4004.0,1,312.0,849.4,0,2
42.56,57.2,1391.0,476.0,0,1667.0,73.1,1,0
55.94,51.54,1631.0,1294.0,0,1732.0,4.4,1,1
98.9,29.38,3204.0,3076.0,1,169.0,217.7,1,2
50.17,33.15,2445.0,1573.0,0,3574.0,62.2,1,1
113.62,17.84,3278.0,3310.0,1,75.0,290.1,1,2
34.32,76.22,1816.0,347.0,0,2784.0,49.6,1,0
36.99,84.95,1540.0,316.0,0,2552.0,24.5,1,0
93.59,33.05,3386.0,2625.0,1,95.0,880.3,0,2
78.32,21.81,1163.0,900.0,0,2145.0,19.0,1,1
40.21,40.64,917.0,1545.0,0,1952.0,36.2,0,1
23.02,39.55,25.0,187.0,0,3010.0,45.3,1,0
51.43,19.07,1818.0,1567.0,0,2354.0,7.1,0,1
39.78,55.2,977.0,323.0,0,2412.0,59.0,1,0
68.68,34.24,1689.0,1725.0,1,295.0,887.6,0,1
26.42,59.91,218.0,20.0,0,903.0,40.1,1,0
87.66,23.03,1484.0,890.0,1,250.0,302.8,0,1
152.6,31.01,3736.0,3066.0,1,159.0,238.2,0,2
189.75,22.4,3331.0,3152.0,1,98.0,713.2,1,2
118.52,20.01,3779.0,3358.0,1,255.0,816.3,1,2
89.84,11.19,1867.0,2369.0,0,835.0,65.4,0,1
69.93,48.37,1116.0,1282.0,0,1212.0,3.0,0,1
25.54,59.8,183.0,63.0,0,1645.0,62.7,1,0
60.95,58.07,2178.0,271.0,0,3346.0,78.8,1,0
60.26,58.43,626.0,165.0,0,2175.0,43.9,1,0
78.66,54.71,1854.0,878.0,0,1655.0,20.3,1,1
157.91,33.15,3091.0,3975.0,1,191.0,436.0,1,2
58.87,80.37,927.0,393.0,0,1447.0,38.5,1,0
181.42,21.19,3611.0,2515.0,1,267.0,416.7,1,2
21.64,61.29,180.0,337.0,0,2111.0,32.4,0,0
166.39,29.74,2885.0,3074.0,1,315.0,513.3,1,2
98.54,13.85,2099.0,1735.0,0,2990.0,71.8,0,1
81.88,39.7,828.0,1224.0,0,1923.0,22.1,1,1
84.18,21.95,1662.0,1835.0,0,3670.0,5.6,0,1
29.97,39.97,271.0,287.0,0,2189.0,1.5,0,0
58.3,39.19,1479.0,1633.0,0,962.0,62.9,1,1
35.3,65.76,641.0,204.0,0,2102.0,69.5,1,0
98.72,35.97,2754.0,1727.0,1,239.0,559.7,1,1
58.92,31.41,1709.0,997.0,0,2890.0,62.5,1,1
156.86,20.22,3457.0,2794.0,1,170.0,222.5,1,2
54.35,16.57,2935.0,2190.0,0,1683.0,51.2,1,1
25.36,41.17,208.0,16.0,0,2558.0,7.1,1,0
94.36,23.72,1672.0,2022.0,0,1424.0,35.3,1,1
73.4,43.26,2953.0,2600.0,1,341.0,244.3,1,1
178.06,18.91,3120.0,3847.0,1,315.0,380.4,1,2
68.83,48.84,1050.0,1002.0,0,2390.0,3.2,1,1
18.5,54.31,0.0,384.0,0,1200.0,46.2,0,0
40.03,69.42,1680.0,353.0,0,1202.0,47.4,1,0
28.01,44.7,136.0,333.0,0,2293.0,54.0,1,0
174.51,25.8,4041.0,3236.0,1,93.0,352.0,1,2
47.92,53.22,1898.0,911.0,0,919.0,25.9,0,1
159.98,33.41,3156.0,2579.0,1,186.0,850.6,1,2
48.08,71.8,1546.0,201.0,0,1213.0,36.4,1,0
60.46,41.28,1831.0,1905.0,1,220.0,310.3,0,1
50.2,39.95,1576.0,1890.0,0,1054.0,25.8,0,1
18.19,63.81,295.0,314.0,0,3656.0,5.4,1,0
20.85,55.5,5.0,84.0,0,2841.0,74.1,0,0
78.92,27.73,2354.0,2201.0,0,3325.0,32.4,1,1
53.77,65.62,1826.0,142.0,0,1094.0,32.0,1,0
56.95,58.56,2164.0,399.0,0,3442.0,23.9,1,0
52.7,10.09,2744.0,2144.0,0,2542.0,57.9,0,1
38.01,61.52,1211.0,177.0,0,2607.0,47.3,1,0
18.16,36.83,289.0,206.0,0,1731.0,20.0,0,0
142.65,22.9,3924.0,2635.0,1,393.0,610.1,1,2
84.55,13.42,2421.0,2095.0,1,131.0,896.9,0,1
106.41,32.22,2989.0,2831.0,1,88.0,405.9,0,2
197.91,11.82,3960.0,3993.0,1,56.0,265.4,0,2
52.51,72.19,1131.0,302.0,0,3421.0,38.4,1,0
94.58,6.03,3383.0,3980.0,1,200.0,530.1,1,2
26.72,44.57,82.0,177.0,0,3737.0,1.0,0,0
64.41,81.03,1775.0,22.0,0,3160.0,64.2,1,0
107.93,15.34,2467.0,2317.0,1,344.0,554.9,1,1
61.19,30.7,2090.0,2907.0,0,1115.0,40.8,1,1
199.02,7.48,2947.0,3578.0,1,83.0,758.0,0,2
145.43,28.16,3454.0,3310.0,1,111.0,527.6,1,2
108.1,25.41,3087.0,2489.0,0,2512.0,3.7,1,1
32.31,87.1,2078.0,373.0,0,2291.0,61.1,1,0
146.26,15.37,3327.0,4094.0,1,187.0,891.1,1,2
52.78,44.69,2220.0,1677.0,0,3615.0,1.0,1,1
53.83,73.78,1141.0,295.0,0,3109.0,26.0,1,0
31.37,62.56,1787.0,430.0,0,2360.0,0.7,1,0
136.99,10.49,3389.0,3204.0,1,367.0,587.0,0,2
98.15,25.09,1872.0,1592.0,0,2065.0,45.7,1,1
59.43,89.91,1632.0,394.0,0,943.0,75.4,1,0
49.24,64.78,1153.0,253.0,0,949.0,27.3,1,0
72.04,40.15,2113.0,2107.0,0,3634.0,47.0,0,1
21.53,41.6,238.0,241.0,0,2094.0,14.9,0,0
32.27,84.56,799.0,474.0,0,1513.0,39.6,1,0
37.11,71.12,1926.0,2.0,0,1432.0,34.2,1,0
88.78,20.19,2594.0,2982.0,0,2494.0,27.8,1,1
183.19,27.96,3131.0,3465.0,1,308.0,493.4,0,2
36.8,64.96,1818.0,198.0,0,2936.0,69.7,1,0
37.08,65.12,1872.0,369.0,0,1101.0,4.1,1,0
25.47,55.36,87.0,137.0,0,3137.0,6.6,1,0
171.58,9.54,3155.0,2579.0,1,337.0,293.6,1,2
93.16,12.26,3812.0,3019.0,1,147.0,569.6,1,2
172.56,33.78,3011.0,3907.0,1,107.0,654.8,0,2
99.35,11.91,2867.0,2615.0,1,366.0,890.1,0,2
28.43,39.43,225.0,226.0,0,3312.0,37.9,0,0
56.29,26.76,1704.0,1695.0,1,226.0,512.0,0,1
28.36,62.9,215.0,31.0,0,3456.0,38.8,0,0
25.93,40.68,274.0,220.0,0,3085.0,69.5,0,0
25.91,62.65,228.0,48.0,0,3594.0,22.0,1,0
87.49,41.73,1837.0,1152.0,0,2042.0,56.7,1,1
53.18,70.4,1471.0,254.0,0,3327.0,41.3,1,0
89.23,44.99,1598.0,1258.0,1,273.0,207.6,0,1
60.4,72.49,1613.0,369.0,0,3792.0,14.0,1,0
22.33,60.0,76.0,76.0,0,3511.0,50.0,0,0
83.08,48.52,2469.0,1715.0,0,1061.0,55.4,1,1
96.95,30.11,3914.0,3127.0,1,225.0,466.1,0,2
19.19,35.58,20.0,277.0,0,1420.0,64.9,1,0
45.04,68.1,892.0,384.0,0,1208.0,47.9,1,0
102.15,28.99,2024.0,2100.0,0,1170.0,21.7,0,1
185.64,15.46,3426.0,3138.0,1,346.0,845.1,0,2
158.69,30.62,3614.0,3911.0,1,221.0,672.7,0,2
37.06,57.34,1098.0,478.0,0,2974.0,14.9,1,0
60.6,57.0,2077.0,487.0,0,3024.0,78.8,1,0
68.53,20.23,1183.0,1021.0,1,393.0,787.8,0,1
47.59,77.67,1578.0,276.0,0,1547.0,67.9,1,0
43.88,63.04,1614.0,486.0,0,1031.0,41.4,1,0
63.59,63.1,2109.0,204.0,0,2272.0,77.5,1,0
74.34,27.28,1562.0,1649.0,0,1730.0,32.0,0,1
27.67,35.04,69.0,206.0,0,1480.0,25.6,0,0
25.54,58.98,194.0,383.0,0,1989.0,48.9,0,0
21.57,60.45,151.0,306.0,0,3759.0,22.6,0,0
65.99,17.76,3125.0,1776.0,0,2069.0,75.0,1,1
111.88,7.13,3323.0,3784.0,1,198.0,792.4,0,2
48.04,35.54,1946.0,1515.0,0,2382.0,23.3,0,1
66.62,22.96,1905.0,2793.0,1,177.0,691.5,0,1
180.45,5.65,3170.0,3086.0,1,229.0,345.7,0,2
27.45,60.09,165.0,349.0,0,2451.0,72.0,1,0
46.74,49.94,1126.0,833.0,0,957.0,46.0,1,1
35.86,81.12,2093.0,293.0,0,2780.0,24.0,1,0
87.8,20.14,1219.0,1452.0,0,1107.0,56.3,0,1
71.85,41.5,2210.0,1942.0,0,3537.0,57.9,0,1
25.57,52.34,29.0,90.0,0,2717.0,68.4,0,0
164.15,8.82,3404.0,2715.0,1,394.0,402.3,0,2
84.4,36.17,1850.0,1243.0,0,3408.0,4.3,1,1
49.05,41.94,820.0,1825.0,0,1902.0,18.7,1,1
162.1,19.55,4064.0,3082.0,1,155.0,709.3,1,2
92.04,12.5,2829.0,2621.0,0,3587.0,8.3,0,1
42.84,77.03,1490.0,60.0,0,3402.0,12.5,1,0
77.94,24.33,3380.0,1848.0,0,2574.0,22.5,0,1
64.32,86.59,1625.0,150.0,0,2818.0,25.2,1,0
68.14,31.84,2442.0,1648.0,0,1491.0,42.9,1,1
80.9,24.39,1604.0,1538.0,1,377.0,761.6,0,1
104.7,35.98,2750.0,2895.0,1,165.0,410.0,0,1
98.18,15.72,3218.0,2517.0,1,374.0,827.4,0,2
49.76,77.34,731.0,310.0,0,2300.0,40.0,1,0
84.5,26.88,2453.0,1811.0,0,3237.0,22.7,1,1
72.71,45.66,2048.0,1176.0,0,1779.0,58.8,0,1
98.49,21.35,3477.0,3871.0,1,352.0,618.2,0,2
180.74,28.82,3128.0,3156.0,1,256.0,459.6,1,2
75.62,28.35,3227.0,1518.0,0,2274.0,25.2,1,1
29.35,38.1,119.0,67.0,0,3606.0,33.8,1,0
65.3,51.4,1447.0,1377.0,1,389.0,551.8,0,1
103.47,18.03,2258.0,2445.0,1,376.0,763.8,0,1
58.98,82.78,675.0,166.0,0,1188.0,29.4,1,0
47.57,37.3,1196.0,1609.0,0,3664.0,5.1,1,1
20.42,52.53,184.0,216.0,0,3693.0,11.4,0,0
82.97,34.71,997.0,1928.0,1,57.0,642.7,1,1
55.15,70.64,1279.0,318.0,0,1235.0,52.9,1,0
113.94,5.26,2938.0,2600.0,1,101.0,828.8,0,2
90.81,25.27,2964.0,2742.0,0,2066.0,2.3,1,1
105.77,21.4,2896.0,3243.0,1,102.0,368.1,1,2
184.66,18.31,2976.0,3960.0,1,298.0,203.8,1,2
21.96,52.54,43.0,47.0,0,1599.0,54.1,1,0
42.69,52.41,1095.0,1925.0,0,2560.0,8.1,0,1
102.66,30.91,2632.0,1636.0,0,2315.0,49.7,0,1
19.05,40.72,229.0,344.0,0,1185.0,58.5,1,0
35.25,55.27,1100.0,320.0,0,2716.0,72.9,1,0
26.52,45.46,1.0,165.0,0,2808.0,27.0,1,0
28.62,48.55,52.0,41.0,0,1564.0,21.9,0,0
24.41,53.38,78.0,121.0,0,2511.0,2.7,1,0
32.65,73.74,1341.0,125.0,0,828.0,7.1,1,0
181.46,7.51,2808.0,2505.0,1,314.0,457.0,0,2
144.61,17.24,3603.0,3453.0,1,84.0,898.7,1,2
106.71,5.5,3234.0,4074.0,1,200.0,710.9,0,2
105.03,32.79,3784.0,4077.0,1,58.0,782.2,0,2
20.56,64.23,211.0,240.0,0,1906.0,49.7,0,0
55.17,77.33,942.0,290.0,0,2968.0,35.6,1,0
28.1,60.97,166.0,265.0,0,1907.0,22.7,0,0
41.07,67.43,1652.0,229.0,0,1754.0,70.2,1,0
20.69,47.39,88.0,41.0,0,2950.0,78.3,1,0
27.28,43.29,273.0,25.0,0,1510.0,23.6,0,0
97.77,28.73,2040.0,1929.0,0,3587.0,55.9,1,1
102.91,30.28,3764.0,3251.0,1,182.0,279.9,0,2
120.68,27.72,3917.0,2832.0,1,345.0,501.9,0,2
51.36,16.63,1898.0,2933.0,1,303.0,677.8,1,1
64.96,63.8,1515.0,50.0,0,2912.0,69.7,1,0
18.18,50.3,97.0,120.0,0,3690.0,63.5,0,0
131.81,18.53,3433.0,2981.0,1,63.0,419.5,0,2
20.64,55.43,49.0,159.0,0,2445.0,37.3,1,0
184.66,8.39,3390.0,3842.0,1,334.0,432.0,0,2
71.16,44.77,1741.0,2144.0,0,1332.0,14.3,0,1
64.08,35.35,2744.0,2137.0,0,1207.0,57.9,1,1
135.87,32.44,3693.0,3920.0,1,87.0,549.1,1,2
63.08,37.86,2305.0,1411.0,0,3239.0,19.5,1,1
131.61,26.13,3236.0,3529.0,1,99.0,272.1,0,2
87.84,12.37,3349.0,1891.0,0,2481.0,24.3,0,1
22.39,36.14,218.0,214.0,0,829.0,32.6,0,0
54.07,28.33,1142.0,985.0,0,1752.0,74.2,0,1
111.75,6.7,2804.0,3991.0,1,84.0,245.0,0,2
85.31,45.3,2461.0,1602.0,0,3084.0,7.1,1,1
175.82,9.97,3501.0,4021.0,1,242.0,494.7,0,2
34.63,73.51,1886.0,180.0,0,2126.0,69.7,1,0
129.37,18.44,3738.0,2872.0,1,278.0,750.8,0,2
50.82,41.36,955.0,1053.0,0,3754.0,25.5,1,1
121.25,19.26,3161.0,3691.0,1,160.0,520.7,0,2
41.92,47.38,1101.0,1388.0,0,1889.0,26.7,0,1
22.39,54.24,234.0,292.0,0,2549.0,44.5,0,0
197.75,32.9,3563.0,3442.0,1,123.0,700.7,1,2
62.39,76.66,989.0,122.0,0,1534.0,71.5,1,0
80.18,31.73,1952.0,1807.0,0,1888.0,71.2,1,1
81.14,40.59,1132.0,1688.0,0,1227.0,17.7,0,1
44.99,27.18,1670.0,913.0,0,2798.0,19.6,0,1
62.92,63.21,1445.0,27.0,0,3063.0,19.1,1,0
44.41,61.64,689.0,358.0,0,2266.0,43.2,1,0
104.58,20.57,2854.0,2888.0,1,299.0,209.4,0,2
45.84,27.84,923.0,928.0,0,976.0,5.9,0,1
93.85,23.93,3023.0,3387.0,1,164.0,711.4,1,2
189.65,27.91,4012.0,2783.0,1,111.0,522.0,0,2
51.82,41.4,1969.0,2248.0,0,1534.0,74.8,0,1
97.01,30.64,1667.0,2100.0,0,3694.0,42.7,1,1
48.44,83.59,1843.0,285.0,0,3428.0,19.8,1,0
44.84,85.03,1101.0,5.0,0,1707.0,34.1,1,0
37.51,76.78,1528.0,410.0,0,2748.0,56.8,1,0
24.65,43.74,246.0,14.0,0,3478.0,11.8,1,0
109.24,44.66,2592.0,1558.0,0,1789.0,18.7,0,1
50.97,28.22,1984.0,2477.0,1,371.0,860.3,1,1
71.12,49.66,1458.0,1533.0,0,2585.0,7.4,1,1
30.54,65.51,678.0,312.0,0,1095.0,22.3,1,0
119.78,16.0,3633.0,2876.0,1,334.0,868.5,0,2
89.75,20.01,1369.0,1142.0,0,1734.0,57.0,0,1
109.91,40.95,2940.0,2388.0,1,336.0,343.8,0,1
52.22,63.78,1076.0,391.0,0,3770.0,24.3,1,0
56.87,44.88,1965.0,1706.0,0,3697.0,60.6,0,1
147.31,13.35,3086.0,3047.0,1,191.0,493.2,0,2
19.24,57.91,94.0,336.0,0,2648.0,26.4,0,0
25.52,55.9,176.0,298.0,0,2622.0,40.8,1,0
79.42,21.59,2263.0,1606.0,0,804.0,6.6,1,1
31.86,66.05,1166.0,167.0,0,1020.0,37.0,1,0
19.51,63.99,52.0,274.0,0,3292.0,15.0,1,0
25.08,55.84,232.0,291.0,0,3370.0,70.6,1,0
24.58,43.73,278.0,68.0,0,3639.0,32.3,0,0
58.14,11.64,1899.0,1923.0,0,920.0,51.5,0,1
28.89,36.27,12.0,167.0,0,1724.0,61.9,0,0
26.87,45.05,116.0,202.0,0,1051.0,2.7,0,0
102.23,12.05,3559.0,2827.0,1,297.0,401.5,0,2
22.12,35.23,128.0,130.0,0,1342.0,21.6,0,0
41.28,52.02,1042.0,1189.0,0,1937.0,4.3,0,1
52.89,58.83,1431.0,374.0,0,2699.0,53.7,1,0
42.29,58.84,810.0,41.0,0,1462.0,74.8,1,0
28.88,59.7,72.0,224.0,0,1094.0,63.2,1,0
50.53,71.23,818.0,86.0,0,2980.0,61.0,1,0
103.58,42.46,2058.0,1859.0,0,3456.0,14.9,1,1
59.78,69.48,1609.0,387.0,0,1991.0,30.5,1,0
62.97,85.11,1102.0,90.0,0,806.0,62.7,1,0
55.22,73.35,1979.0,440.0,0,1458.0,55.8,1,0
79.74,53.92,878.0,1986.0,1,266.0,531.0,1,1
98.67,31.1,3416.0,3259.0,1,118.0,679.8,0,2
19.93,49.65,255.0,62.0,0,1728.0,49.7,1,0
18.85,41.3,293.0,391.0,0,1596.0,60.7,1,0
88.98,34.61,1129.0,1680.0,0,1207.0,68.5,1,1
79.05,36.56,3470.0,2667.0,0,1472.0,51.8,0,1
106.62,31.61,2360.0,2541.0,0,2232.0,4.7,0,1
18.13,47.15,73.0,142.0,0,832.0,25.8,0,0
23.23,37.42,138.0,22.0,0,2623.0,74.7,1,0
187.04,17.26,3269.0,3332.0,1,129.0,472.8,1,2
95.29,26.52,2600.0,2197.0,0,3128.0,31.9,0,1
42.82,49.75,1541.0,1595.0,1,231.0,205.7,0,1
22.53,39.37,6.0,370.0,0,3089.0,18.0,1,0
164.61,32.58,4062.0,3244.0,1,293.0,554.7,0,2
19.6,51.16,225.0,356.0,0,3338.0,57.4,1,0
31.78,57.65,1039.0,248.0,0,2298.0,6.6,1,0
24.26,58.35,177.0,260.0,0,1027.0,30.5,0,0
89.98,18.39,3352.0,2464.0,1,324.0,764.7,1,1
109.49,8.52,3319.0,2981.0,1,208.0,380.2,1,2
96.72,7.9,3273.0,4075.0,1,329.0,858.0,0,2
154.32,27.58,3218.0,3723.0,1,89.0,585.6,1,2
145.73,11.18,2873.0,3159.0,1,333.0,786.6,1,2
150.73,15.63,3898.0,2849.0,1,108.0,320.6,0,2
72.26,18.94,2567.0,2532.0,1,305.0,746.8,0,1
24.37,37.95,33.0,37.0,0,2724.0,10.9,1,0
180.02,30.72,2908.0,2673.0,1,261.0,705.6,1,2
63.93,80.99,1920.0,67.0,0,3552.0,17.8,1,0
52.1,34.69,2441.0,1362.0,1,241.0,423.0,0,1
139.88,10.42,3453.0,2619.0,1,109.0,860.7,1,2
164.51,21.58,3248.0,2904.0,1,182.0,613.3,1,2
95.64,18.7,3249.0,1891.0,0,906.0,23.4,1,1
26.56,52.59,150.0,344.0,0,1131.0,16.5,1,0
60.38,56.85,2079.0,306.0,0,3533.0,13.2,1,0
24.49,52.38,208.0,298.0,0,2419.0,33.9,0,0
69.02,38.3,1793.0,1799.0,0,1010.0,21.6,0,1
29.57,43.89,45.0,367.0,0,937.0,61.1,0,0
46.3,79.47,870.0,240.0,0,3643.0,61.1,1,0
100.63,35.26,3004.0,1814.0,0,3361.0,45.5,0,1
23.19,36.41,181.0,70.0,0,1321.0,0.3,1,0
58.17,66.44,1592.0,43.0,0,1447.0,63.7,1,0
58.24,82.59,2090.0,139.0,0,2076.0,40.0,1,0
52.79,43.45,993.0,1602.0,0,1006.0,17.9,0,1
50.19,37.61,2195.0,2459.0,0,1150.0,32.7,0,1
27.01,58.01,167.0,17.0,0,1150.0,9.1,0,0
19.89,44.87,276.0,353.0,0,2452.0,41.8,0,0
47.93,70.32,1946.0,442.0,0,2427.0,47.6,1,0
115.0,26.18,3495.0,2923.0,1,98.0,385.6,1,2
71.55,37.13,2460.0,964.0,0,1259.0,65.6,0,1
24.19,54.51,54.0,94.0,0,2719.0,33.6,1,0
31.86,64.73,2174.0,257.0,0,2719.0,71.0,1,0
44.99,36.6,1328.0,1556.0,0,2119.0,26.9,0,1
63.64,42.22,1040.0,1691.0,0,3381.0,53.6,0,1
23.95,44.68,250.0,360.0,0,1882.0,2.3,1,0
51.15,42.17,3216.0,2145.0,1,204.0,617.6,1,1
39.5,87.7,1504.0,124.0,0,3431.0,14.1,1,0
54.03,86.12,1729.0,45.0,0,2995.0,68.4,1,0
58.22,29.91,2352.0,1945.0,0,986.0,32.9,1,1
57.16,55.08,961.0,250.0,0,3483.0,56.6,1,0
62.15,24.11,1581.0,1439.0,0,2815.0,77.1,0,1
67.07,34.63,2180.0,1737.0,0,2989.0,19.9,0,1
137.6,31.17,4012.0,2998.0,1,336.0,537.6,1,2
48.68,25.08,1191.0,1029.0,0,3413.0,76.4,0,1
106.26,14.08,2121.0,2476.0,0,1060.0,15.3,0,1
95.92,37.69,2609.0,1710.0,0,1920.0,75.6,1,1
97.77,14.9,3324.0,3587.0,1,265.0,230.2,0,2
47.93,40.25,1515.0,1601.0,0,2556.0,58.8,1,1
172.51,23.34,3726.0,2533.0,1,276.0,751.8,1,2
27.5,42.49,70.0,318.0,0,1106.0,64.9,1,0
51.0,15.27,2033.0,2316.0,1,293.0,507.6,0,1
122.22,26.38,3042.0,3248.0,1,231.0,436.3,1,2
65.52,35.05,2511.0,2738.0,0,1721.0,24.4,1,1
193.55,12.79,3974.0,2798.0,1,98.0,471.8,0,2
63.15,44.14,3002.0,2440.0,1,149.0,320.8,0,1
51.07,84.93,1276.0,78.0,0,2503.0,75.2,1,0
21.34,35.89,253.0,155.0,0,3621.0,12.7,0,0
106.49,24.16,1754.0,1530.0,0,3672.0,55.1,0,1
102.51,21.67,3754.0,2626.0,1,381.0,850.2,1,2
105.61,24.19,2854.0,3335.0,1,265.0,843.7,1,2
59.28,27.5,2434.0,1263.0,0,3487.0,19.7,1,1
26.35,53.8,214.0,286.0,0,3693.0,71.9,0,0
22.98,54.16,124.0,91.0,0,3727.0,22.4,0,0
86.49,44.14,1110.0,954.0,1,277.0,417.9,0,1
97.43,8.48,3156.0,3132.0,1,341.0,376.8,0,2
21.25,42.29,297.0,86.0,0,3716.0,62.8,0,0
125.21,24.94,3616.0,3450.0,1,228.0,810.9,1,2
147.11,12.37,3782.0,3640.0,1,268.0,750.8,0,2
91.49,33.68,1742.0,2648.0,1,121.0,357.2,1,1
28.16,71.22,2177.0,420.0,0,1917.0,56.7,1,0
84.88,29.42,2926.0,1980.0,0,2786.0,1.0,0,1
62.99,27.64,2257.0,2982.0,0,3569.0,30.6,0,1
59.24,35.55,2026.0,1394.0,0,1129.0,33.4,0,1
57.83,52.53,2240.0,1153.0,0,1350.0,5.8,1,1
18.9,63.13,101.0,200.0,0,1475.0,26.5,0,0
27.88,42.06,156.0,170.0,0,3496.0,40.2,0,0
18.01,49.72,152.0,383.0,0,1331.0,71.0,1,0
51.56,18.4,2745.0,2081.0,0,2859.0,59.9,1,1
60.84,89.29,701.0,357.0,0,1431.0,15.1,1,0
105.79,34.71,3262.0,1665.0,0,3416.0,60.4,0,1
52.27,79.77,1643.0,443.0,0,2208.0,42.3,1,0
23.88,58.47,94.0,231.0,0,1332.0,50.0,0,0
55.99,24.46,2006.0,1746.0,0,3187.0,77.1,1,1
79.36,38.08,2285.0,1648.0,0,2086.0,10.1,0,1
28.41,59.26,14.0,294.0,0,1315.0,47.1,0,0
58.31,35.62,2306.0,2180.0,0,1538.0,72.3,1,1
26.49,47.25,181.0,7.0,0,1233.0,22.5,1,0
24.21,63.08,98.0,4.0,0,947.0,15.4,0,0
62.26,43.37,3086.0,2746.0,0,2997.0,55.0,1,1
192.71,27.73,3913.0,2825.0,1,151.0,893.0,1,2
41.74,73.33,1391.0,12.0,0,3106.0,62.0,1,0
87.95,38.66,2482.0,1631.0,1,249.0,638.6,1,1
19.78,62.87,156.0,381.0,0,3142.0,43.5,1,0
24.42,47.83,129.0,36.0,0,2634.0,7.2,0,0
70.29,23.95,1221.0,827.0,0,3245.0,67.6,1,1
24.28,37.7,9.0,225.0,0,3407.0,4.8,1,0
68.97,38.34,1834.0,1591.0,0,2819.0,26.4,0,1
19.15,49.56,134.0,19.0,0,1933.0,0.1,1,0
28.62,62.6,119.0,399.0,0,1063.0,18.8,1,0
19.53,35.6,27.0,235.0,0,2413.0,78.1,1,0
44.23,71.41,1091.0,12.0,0,3781.0,61.4,1,0
82.91,39.56,2409.0,2093.0,0,2268.0,16.0,1,1
109.99,32.13,2395.0,2949.0,0,2286.0,51.2,0,1
105.07,15.9,2042.0,2771.0,0,1266.0,52.2,0,1
52.5,60.89,1408.0,180.0,0,1976.0,71.4,1,0
87.55,10.01,1507.0,2800.0,0,3489.0,74.4,1,1
48.71,64.91,1990.0,313.0,0,1362.0,77.6,1,0
97.43,23.76,2911.0,4087.0,1,380.0,640.6,1,2
106.54,24.73,1839.0,2098.0,0,3446.0,22.8,0,1
61.92,52.27,1401.0,1180.0,0,3132.0,6.6,0,1
65.55,20.64,1657.0,1592.0,0,3350.0,13.0,1,1
85.17,34.13,1858.0,1738.0,0,1002.0,10.9,0,1
91.57,32.9,3755.0,2531.0,1,180.0,894.6,1,2
75.62,41.18,1989.0,2159.0,0,3215.0,77.3,0,1
52.52,87.35,2131.0,173.0,0,891.0,2.8,1,0
97.45,14.63,2511.0,1717.0,1,146.0,737.6,1,1
57.85,85.87,658.0,325.0,0,1544.0,74.8,1,0
89.51,37.18,2349.0,1474.0,0,1760.0,53.9,1,1
115.91,19.21,2908.0,3876.0,1,93.0,536.1,1,2
25.26,58.04,285.0,316.0,0,2920.0,46.1,0,0
70.57,47.46,1105.0,1501.0,0,2740.0,50.9,1,1
50.43,61.46,1112.0,330.0,0,1043.0,11.1,1,0
53.38,47.18,1335.0,1186.0,0,3076.0,24.9,0,1
56.06,82.25,1007.0,19.0,0,1891.0,68.6,1,0
84.78,15.62,3145.0,1831.0,0,3042.0,8.8,0,1
34.71,75.5,683.0,386.0,0,3524.0,63.6,1,0
19.68,50.63,81.0,32.0,0,1939.0,25.2,0,0
91.39,41.99,2129.0,2889.0,1,303.0,395.4,1,1
72.45,41.59,1676.0,1738.0,0,3196.0,9.4,1,1
18.7,42.92,7.0,348.0,0,1874.0,66.7,1,0
78.65,21.43,1676.0,1225.0,0,1524.0,53.2,1,1
60.93,69.42,815.0,427.0,0,2922.0,8.1,1,0
85.67,31.28,2313.0,2285.0,0,3170.0,8.0,1,1
20.82,54.09,190.0,71.0,0,1637.0,55.3,1,0
52.5,46.97,1047.0,1468.0,0,3422.0,39.3,0,1
80.23,31.26,2191.0,1587.0,0,1537.0,4.0,0,1
158.13,22.78,4074.0,3751.0,1,225.0,588.2,1,2
106.56,22.54,3100.0,3643.0,1,232.0,701.8,1,2
74.3,34.29,1839.0,1856.0,0,867.0,1.2,1,1
26.97,51.9,138.0,7.0,0,2318.0,32.5,1,0
62.09,62.02,1961.0,194.0,0,2510.0,53.4,1,0
80.06,40.81,1252.0,1739.0,1,93.0,420.5,0,1
79.11,17.13,2298.0,1905.0,1,382.0,607.7,0,1
186.44,25.0,3180.0,3216.0,1,212.0,235.7,0,2
19.76,52.19,271.0,156.0,0,2851.0,67.2,1,0
53.35,67.89,1820.0,297.0,0,2053.0,73.4,1,0
30.02,88.5,1482.0,133.0,0,1683.0,47.8,1,0
119.79,24.38,3112.0,2641.0,1,53.0,863.5,0,2
75.64,26.45,1604.0,917.0,0,1600.0,53.0,0,1
87.75,42.84,1926.0,1120.0,1,356.0,713.7,0,1
27.75,46.36,57.0,203.0,0,1073.0,7.5,0,0
18.26,63.08,124.0,233.0,0,2025.0,32.7,0,0
61.93,11.21,2593.0,2903.0,0,3301.0,28.8,0,1
18.18,51.14,75.0,68.0,0,1540.0,57.9,1,0
20.42,35.14,93.0,390.0,0,1513.0,49.1,1,0
40.27,37.23,1045.0,1919.0,0,2383.0,32.5,0,1
67.09,15.16,1645.0,2797.0,1,307.0,397.3,0,1
78.47,42.44,1533.0,1165.0,0,3079.0,7.5,0,1
50.31,42.01,1629.0,2378.0,1,353.0,342.3,1,1
37.84,89.77,1367.0,162.0,0,3161.0,2.8,1,0
130.54,25.77,3717.0,3709.0,1,119.0,892.4,0,2
115.37,8.46,3286.0,3667.0,1,175.0,875.4,0,2
139.09,33.37,2931.0,2875.0,1,101.0,203.5,1,2
44.45,68.2,722.0,410.0,0,3568.0,33.3,1,0
21.99,50.79,204.0,244.0,0,2778.0,60.9,0,0
24.76,53.95,13.0,72.0,0,2821.0,45.0,0,0
39.45,81.28,2031.0,454.0,0,3327.0,32.4,1,0
28.35,37.81,178.0,66.0,0,2227.0,52.7,1,0
77.54,25.4,2166.0,881.0,0,2478.0,53.1,1,1
61.47,22.27,1580.0,981.0,0,1020.0,68.2,0,1
110.87,21.5,2993.0,3505.0,1,231.0,646.2,0,2
161.92,5.09,2946.0,3616.0,1,359.0,507.8,0,2
92.32,28.98,1583.0,2608.0,1,86.0,585.4,0,1
91.41,41.44,2101.0,1778.0,0,3409.0,43.8,1,1
64.3,37.04,2332.0,1869.0,0,1410.0,29.3,1,1
23.95,43.19,143.0,197.0,0,3742.0,38.4,1,0
22.32,56.39,155.0,380.0,0,1914.0,54.6,0,0
24.23,41.56,184.0,200.0,0,2771.0,13.2,0,0
21.97,46.5,261.0,13.0,0,1711.0,68.0,0,0
78.99,44.05,1911.0,2626.0,0,1644.0,13.1,1,1
84.98,37.41,2009.0,2849.0,0,1964.0,57.4,0,1
52.08,70.14,1789.0,17.0,0,838.0,16.5,1,0
108.24,17.92,3108.0,3540.0,1,172.0,591.1,1,2
169.0,9.29,4012.0,3208.0,1,74.0,364.4,1,2
41.54,36.28,1203.0,1024.0,0,2570.0,72.1,1,1
90.35,19.24,2236.0,2651.0,0,3181.0,48.3,0,1
96.74,38.09,2874.0,2706.0,1,363.0,664.0,1,1
27.67,40.79,177.0,76.0,0,1948.0,78.0,1,0
64.6,30.43,2811.0,1729.0,0,3228.0,31.2,0,1
52.69,31.27,1143.0,927.0,1,267.0,494.2,0,1
70.1,24.37,1743.0,1853.0,0,2156.0,76.1,0,1
54.62,60.11,950.0,1.0,0,1831.0,61.0,1,0
100.84,34.44,3069.0,3027.0,1,247.0,761.0,0,2
181.25,18.21,3504.0,2948.0,1,56.0,751.3,1,2
66.16,29.16,2311.0,2217.0,1,163.0,453.5,0,1
146.62,27.34,3562.0,3324.0,1,167.0,711.2,1,2
102.11,13.13,3807.0,3264.0,1,279.0,657.1,1,2
84.07,29.05,2475.0,1356.0,0,3122.0,28.4,0,1
20.95,63.87,253.0,221.0,0,3025.0,15.8,0,0
93.57,20.08,3467.0,3098.0,1,307.0,421.6,1,2
57.25,26.68,2161.0,1883.0,0,3082.0,66.3,0,1
67.01,44.63,2605.0,1777.0,0,2459.0,18.0,0,1
97.21,43.29,3209.0,2322.0,0,2430.0,44.6,0,1
80.5,12.74,1501.0,2554.0,0,2307.0,0.3,1,1
28.62,69.03,2054.0,440.0,0,2292.0,36.2,1,0
25.63,59.43,4.0,256.0,0,2529.0,0.7,0,0
114.38,25.4,2815.0,3600.0,1,387.0,725.9,1,2
25.99,44.79,72.0,122.0,0,1067.0,73.4,0,0
92.64,28.42,4030.0,2975.0,1,101.0,838.1,1,2
86.19,29.59,3362.0,1537.0,0,3041.0,52.4,0,1
74.44,23.96,2260.0,1413.0,0,2945.0,66.0,0,1
66.1,44.09,1094.0,1575.0,0,3545.0,18.8,1,1
165.88,24.97,3210.0,3745.0,1,291.0,640.6,1,2
56.89,82.31,1255.0,130.0,0,1630.0,54.7,1,0
51.81,66.71,1101.0,40.0,0,2916.0,18.1,1,0
21.3,41.82,235.0,320.0,0,1777.0,65.5,0,0
18.56,55.65,3.0,43.0,0,2911.0,38.0,0,0
100.82,19.83,2023.0,1945.0,0,3794.0,10.3,1,1
41.13,24.09,1356.0,1458.0,0,2175.0,21.6,0,1
90.88,44.78,1891.0,2758.0,1,294.0,871.0,0,1
104.54,28.58,2207.0,2145.0,0,3299.0,63.3,0,1
26.72,60.45,210.0,343.0,0,2201.0,15.6,0,0
22.76,37.61,8.0,38.0,0,2738.0,25.0,1,0
152.92,28.34,3538.0,2565.0,1,382.0,575.1,1,2
90.94,41.12,1829.0,1928.0,0,1754.0,18.5,1,1
24.4,38.41,277.0,361.0,0,2088.0,10.0,0,0
24.71,53.82,233.0,196.0,0,2060.0,17.1,1,0
178.11,17.68,3796.0,2576.0,1,256.0,491.8,0,2
57.79,55.03,1654.0,172.0,0,1091.0,30.8,1,0
66.32,21.55,2585.0,1857.0,0,2961.0,75.1,1,1
107.97,20.06,2006.0,2762.0,0,1474.0,36.8,1,1
22.53,51.47,192.0,65.0,0,2291.0,39.2,0,0
60.96,51.56,1361.0,827.0,0,3672.0,27.2,0,1
22.24,61.67,260.0,149.0,0,2181.0,57.3,0,0
57.96,73.41,2027.0,51.0,0,2162.0,69.4,1,0
32.71,78.35,2043.0,433.0,0,1852.0,41.5,1,0
21.98,50.07,211.0,57.0,0,1642.0,33.6,1,0
178.95,33.99,3170.0,2721.0,1,84.0,624.2,1,2
57.39,68.64,870.0,461.0,0,945.0,39.4,1,0
65.12,43.03,2444.0,1995.0,0,2244.0,52.1,1,1
22.4,64.7,99.0,313.0,0,3397.0,13.7,1,0
165.36,22.92,3982.0,2846.0,1,211.0,782.3,1,2
49.42,71.35,888.0,5.0,0,833.0,5.2,1,0
20.04,54.48,121.0,97.0,0,2285.0,10.6,1,0
40.46,81.18,1937.0,373.0,0,3282.0,64.9,1,0
157.38,13.13,2867.0,3459.0,1,203.0,258.8,0,2
175.81,18.93,2898.0,4090.0,1,177.0,524.4,0,2
48.59,47.1,938.0,1126.0,1,291.0,511.1,1,1
69.0,29.49,1875.0,2694.0,0,2603.0,40.0,0,1
49.71,88.37,953.0,468.0,0,1539.0,18.6,1,0
60.01,80.69,729.0,441.0,0,2929.0,49.1,1,0
43.35,49.6,1403.0,1384.0,1,306.0,861.8,1,1
41.59,56.84,1187.0,123.0,0,2225.0,31.1,1,0
72.68,25.26,2062.0,1434.0,0,3521.0,48.7,1,1
63.85,67.1,803.0,392.0,0,2852.0,60.9,1,0
60.68,52.81,1832.0,1466.0,0,1549.0,35.8,1,1
76.71,23.05,3158.0,2886.0,1,75.0,645.2,1,1
42.7,69.55,1541.0,79.0,0,1071.0,41.5,1,0
115.89,34.24,3948.0,3741.0,1,354.0,445.0,0,2
133.16,15.21,3217.0,3068.0,1,297.0,236.3,1,2
100.81,24.19,2221.0,2874.0,0,3230.0,36.6,1,1
95.02,17.68,1622.0,2171.0,0,2095.0,10.2,1,1
98.82,25.26,3155.0,2771.0,1,53.0,523.8,1,2
29.03,52.25,187.0,306.0,0,3161.0,11.5,0,0
28.46,58.2,297.0,105.0,0,1542.0,77.6,0,0
113.53,34.52,3390.0,3668.0,1,361.0,378.2,1,2
68.15,37.01,2027.0,1188.0,1,227.0,294.8,0,1
48.53,82.58,975.0,125.0,0,1809.0,28.6,1,0
103.05,24.92,2691.0,2530.0,1,58.0,393.6,1,1
59.28,75.12,1313.0,220.0,0,2687.0,73.2,1,0
41.69,33.08,1070.0,911.0,1,365.0,569.6,1,1
28.05,60.98,56.0,173.0,0,3093.0,28.2,1,0
55.2,32.24,1783.0,1866.0,0,3104.0,6.4,1,1
27.93,39.41,153.0,285.0,0,1385.0,69.5,1,0
22.63,62.59,231.0,19.0,0,1267.0,43.9,1,0
87.05,25.91,1748.0,1680.0,1,132.0,714.9,1,1
28.28,73.16,1084.0,498.0,0,3546.0,56.6,1,0
40.78,58.95,1161.0,186.0,0,3195.0,1.4,1,0
58.06,87.66,642.0,469.0,0,3636.0,67.0,1,0
179.12,24.23,3661.0,3149.0,1,208.0,686.9,1,2
23.17,59.12,172.0,306.0,0,2876.0,28.0,0,0
41.84,30.12,1951.0,1841.0,0,3320.0,30.0,0,1
53.37,42.55,2201.0,883.0,0,3226.0,47.2,0,1
143.36,24.6,3019.0,2549.0,1,174.0,296.1,1,2
69.5,10.14,3374.0,2623.0,0,3416.0,9.2,0,1
94.38,20.49,3500.0,2583.0,0,1782.0,59.1,0,1
71.98,30.31,2385.0,1051.0,0,961.0,68.1,1,1
82.95,48.56,939.0,1910.0,0,2502.0,27.7,0,1
23.23,53.54,291.0,78.0,0,3747.0,26.7,1,0
103.39,17.87,3555.0,3518.0,1,234.0,661.9,1,2
77.64,29.86,3028.0,1793.0,1,307.0,759.9,1,1
59.19,85.15,1785.0,287.0,0,928.0,12.9,1,0
35.49,63.45,1312.0,143.0,0,2135.0,48.5,1,0
50.43,72.83,2081.0,190.0,0,3795.0,7.4,1,0
50.58,41.45,2720.0,1557.0,0,996.0,56.9,0,1
66.38,38.35,1637.0,1533.0,0,1137.0,35.6,0,1
20.63,42.14,17.0,182.0,0,3159.0,31.9,1,0
44.89,26.03,1458.0,1151.0,0,1125.0,12.5,0,1
86.26,20.18,1989.0,1381.0,0,1269.0,21.3,0,1
40.7,40.01,1039.0,1583.0,0,2617.0,48.6,0,1
90.29,33.05,3416.0,2121.0,0,2555.0,30.2,1,1
58.36,74.45,1680.0,219.0,0,3608.0,38.8,1,0
76.46,44.36,2287.0,2309.0,0,1096.0,31.6,1,1
87.57,13.06,3083.0,2644.0,0,3413.0,74.1,1,1
33.96,57.94,2135.0,474.0,0,1820.0,15.2,1,0
62.97,16.75,2625.0,2754.0,0,1104.0,10.6,1,1
44.81,27.17,1659.0,1512.0,0,1511.0,66.9,1,1
55.52,86.67,1913.0,30.0,0,1116.0,31.8,1,0
19.94,63.8,157.0,3.0,0,2131.0,60.0,1,0
29.07,42.03,30.0,105.0,0,3551.0,60.1,0,0
72.02,30.12,2468.0,1602.0,0,1573.0,18.2,1,1
39.37,60.19,602.0,474.0,0,1670.0,31.9,1,0
130.48,20.78,3449.0,3321.0,1,387.0,762.0,1,2
63.85,36.41,3243.0,1649.0,0,3289.0,35.3,0,1
66.17,12.59,2525.0,2906.0,1,88.0,879.2,0,1
104.96,32.33,2602.0,1792.0,0,1996.0,55.7,1,1
48.21,86.38,1230.0,482.0,0,1955.0,24.9,1,0
53.99,78.35,1586.0,258.0,0,2287.0,52.7,1,0
62.06,66.43,776.0,157.0,0,2322.0,3.0,1,0
105.9,33.96,3266.0,1765.0,0,2241.0,6.4,0,1
171.15,11.56,3488.0,3942.0,1,199.0,721.4,1,2
20.34,40.57,52.0,34.0,0,2457.0,20.7,0,0
77.23,42.79,2692.0,2400.0,0,3629.0,30.0,0,1
31.04,84.24,793.0,243.0,0,1366.0,15.5,1,0
155.16,16.23,3111.0,3365.0,1,190.0,841.1,1,2
51.66,88.94,790.0,104.0,0,1081.0,29.8,1,0
41.71,32.47,1255.0,926.0,0,2634.0,25.2,1,1
103.78,13.52,1682.0,1843.0,0,2215.0,77.8,1,1
58.92,28.27,3183.0,1909.0,1,322.0,468.3,1,1
49.53,29.26,1995.0,1201.0,0,2627.0,74.9,1,1
63.92,22.49,1666.0,1560.0,0,2207.0,27.1,1,1
51.51,22.47,3313.0,2361.0,1,237.0,438.8,0,1
64.82,48.4,1919.0,1931.0,0,3006.0,61.4,1,1
156.19,9.98,3447.0,2760.0,1,284.0,633.1,1,2
73.68,43.75,2291.0,903.0,0,2444.0,71.4,1,1
77.89,35.32,1488.0,1929.0,0,1837.0,44.7,1,1
24.26,39.81,66.0,198.0,0,2713.0,16.3,1,0
56.8,49.32,1777.0,1930.0,0,2349.0,4.9,1,1
43.23,89.43,1318.0,311.0,0,1880.0,32.5,1,0
44.71,27.9,1792.0,1415.0,0,3566.0,30.4,1,1
71.57,24.66,2502.0,2080.0,1,298.0,455.6,1,1
101.15,9.67,4076.0,3808.0,1,113.0,227.5,1,2
50.27,37.34,1947.0,1295.0,0,3728.0,56.4,1,1
63.36,47.49,982.0,1310.0,0,1634.0,22.3,0,1
114.62,20.52,3724.0,2630.0,1,134.0,577.2,0,2
32.2,73.84,1410.0,1.0,0,2740.0,37.1,1,0
77.7,42.4,1800.0,1335.0,0,1410.0,34.4,0,1
22.64,45.19,215.0,352.0,0,1936.0,55.7,1,0
90.69,27.79,3488.0,3478.0,1,233.0,250.5,1,2
87.71,34.55,2468.0,1800.0,1,87.0,509.9,1,1
106.64,30.41,3986.0,2743.0,1,336.0,390.3,1,2
56.44,50.12,1430.0,1431.0,0,3227.0,57.5,1,1
27.63,36.82,129.0,291.0,0,820.0,20.9,0,0
149.3,22.05,3774.0,3828.0,1,352.0,451.0,1,2
37.75,89.04,2136.0,50.0,0,2583.0,12.9,1,0
144.62,31.54,2966.0,3412.0,1,350.0,887.3,0,2
27.46,55.39,19.0,232.0,0,3289.0,32.4,0,0
62.56,80.94,1047.0,468.0,0,2378.0,68.8,1,0
79.45,28.67,1503.0,1836.0,1,118.0,302.5,1,1
90.92,20.67,1508.0,2618.0,1,351.0,737.1,0,1
70.87,20.69,2111.0,1823.0,0,3203.0,52.6,0,1
30.9,87.63,1537.0,38.0,0,1050.0,1.7,1,0
89.89,13.93,2997.0,2449.0,0,3279.0,58.6,0,1
179.11,17.14,3563.0,2588.0,1,356.0,471.3,0,2
96.98,19.26,2822.0,3835.0,1,303.0,837.2,0,2
140.08,33.98,3084.0,3368.0,1,279.0,388.2,0,2
129.0,26.21,4042.0,2854.0,1,115.0,316.9,0,2
52.56,49.07,1180.0,967.0,0,2588.0,26.2,1,1
53.8,77.55,781.0,267.0,0,1175.0,62.3,1,0
82.81,14.03,1610.0,2328.0,0,852.0,9.8,1,1
29.56,55.7,1027.0,26.0,0,2952.0,28.0,1,0
58.44,72.82,826.0,499.0,0,2441.0,55.4,1,0
29.36,42.46,209.0,158.0,0,2113.0,41.8,0,0
58.28,78.51,642.0,104.0,0,2921.0,34.0,1,0
25.43,64.56,135.0,198.0,0,1413.0,24.6,0,0
45.26,69.77,1778.0,281.0,0,1028.0,29.2,1,0
44.48,21.77,1379.0,1349.0,0,1358.0,49.0,0,1
28.32,57.84,82.0,111.0,0,3770.0,20.3,1,0
163.67,7.71,3068.0,2614.0,1,353.0,510.5,1,2
27.08,60.01,161.0,211.0,0,2841.0,31.0,0,0
48.63,59.38,1611.0,386.0,0,1215.0,37.9,1,0
53.6,29.92,2707.0,2614.0,1,127.0,656.1,0,1
19.63,44.71,233.0,70.0,0,3176.0,17.7,1,0
28.55,49.77,102.0,266.0,0,2438.0,44.3,1,0
84.47,27.35,1586.0,2198.0,0,1170.0,50.9,1,1
46.85,69.19,639.0,253.0,0,1401.0,8.2,1,0
64.63,54.97,918.0,1418.0,0,2420.0,60.2,0,1
90.9,37.68,2533.0,2619.0,0,3176.0,37.5,1,1
26.53,63.56,205.0,367.0,0,952.0,43.1,0,0
36.47,55.25,2005.0,386.0,0,3095.0,26.0,1,0
64.98,25.8,2912.0,1738.0,1,189.0,601.8,0,1
103.77,12.78,4082.0,2674.0,1,253.0,872.0,0,2
70.48,46.28,2140.0,1256.0,1,203.0,354.2,0,1
24.78,37.43,46.0,223.0,0,1221.0,43.2,0,0
87.24,22.15,2100.0,1280.0,0,3460.0,16.3,1,1
93.01,27.36,1616.0,2422.0,1,377.0,699.7,1,1
103.97,12.33,3549.0,3395.0,1,345.0,367.8,1,2
181.51,15.16,3585.0,3829.0,1,282.0,262.9,1,2
60.14,43.85,2026.0,1537.0,0,2896.0,56.1,0,1
181.22,29.8,3247.0,3011.0,1,389.0,532.8,0,2
108.72,11.09,3642.0,2817.0,1,228.0,879.8,1,2
29.15,50.18,217.0,174.0,0,2801.0,77.5,1,0
45.82,89.23,1819.0,287.0,0,2215.0,30.3,1,0
105.6,15.15,3840.0,3138.0,1,127.0,566.3,0,2
96.04,25.05,2233.0,2759.0,0,984.0,52.1,0,1
53.23,37.54,2348.0,1233.0,0,2301.0,36.6,0,1
32.5,88.62,829.0,175.0,0,1464.0,24.8,1,0
60.39,40.96,1773.0,1933.0,0,1258.0,8.4,1,1
105.57,26.12,2037.0,1719.0,0,2996.0,46.3,0,1
86.33,47.34,2377.0,1595.0,0,3235.0,57.7,0,1
25.62,52.64,6.0,232.0,0,2186.0,20.9,0,0
81.23,38.86,2036.0,926.0,1,328.0,486.2,0,1
28.73,38.32,238.0,329.0,0,1936.0,78.0,0,0
20.36,37.93,88.0,24.0,0,3228.0,29.4,0,0
26.95,55.71,120.0,309.0,0,2025.0,77.5,0,0
99.11,35.76,2991.0,1553.0,0,2353.0,32.5,1,1
184.87,11.34,3448.0,3370.0,1,213.0,740.5,0,2
93.35,18.27,2392.0,2618.0,0,1758.0,65.7,1,1
115.23,22.41,2904.0,4074.0,1,384.0,250.1,0,2
55.93,66.12,1736.0,270.0,0,1149.0,36.8,1,0
163.02,6.03,4055.0,2911.0,1,354.0,677.6,1,2
18.76,50.24,275.0,215.0,0,1794.0,28.0,0,0
47.33,82.1,1800.0,185.0,0,1909.0,0.9,1,0
143.12,30.4,3687.0,2761.0,1,70.0,445.5,1,2
105.17,26.08,3781.0,2704.0,1,184.0,701.0,1,2
28.56,54.69,91.0,79.0,0,1820.0,20.5,0,0
56.37,17.64,2056.0,2394.0,0,886.0,31.2,0,1
46.12,75.37,980.0,376.0,0,3534.0,56.7,1,0
145.95,25.99,3283.0,2965.0,1,80.0,475.2,1,2
129.39,19.4,3799.0,3313.0,1,149.0,811.8,0,2
176.17,25.01,3219.0,2641.0,1,152.0,273.8,1,2
57.16,72.53,914.0,5.0,0,1678.0,77.5,1,0
21.26,52.62,137.0,84.0,0,3099.0,57.9,0,0
171.88,10.61,3444.0,3892.0,1,282.0,620.6,1,2
29.05,43.52,118.0,86.0,0,3247.0,5.0,0,0
69.83,32.82,920.0,1029.0,0,1081.0,19.3,1,1
87.22,38.23,1541.0,1277.0,0,1880.0,47.7,0,1
23.26,45.41,279.0,64.0,0,3241.0,9.1,1,0
45.88,72.52,2001.0,418.0,0,2935.0,67.5,1,0
76.61,36.99,1680.0,936.0,0,2516.0,49.8,0,1
36.37,64.66,2026.0,320.0,0,3462.0,24.1,1,0
81.76,20.17,1914.0,856.0,0,3217.0,48.1,1,1
23.8,38.84,105.0,30.0,0,2142.0,73.9,1,0
120.83,34.4,3351.0,2874.0,1,343.0,605.3,1,2
169.34,8.73,3208.0,3043.0,1,155.0,817.5,0,2
56.45,61.11,737.0,398.0,0,1779.0,28.2,1,0
43.91,52.7,1551.0,1644.0,0,2562.0,34.9,1,1
136.89,7.75,3968.0,3699.0,1,323.0,689.2,0,2
53.63,43.41,808.0,1204.0,0,2050.0,73.6,0,1
19.62,57.94,164.0,273.0,0,1787.0,40.7,0,0
23.27,40.96,130.0,217.0,0,2046.0,49.6,0,0
20.8,57.46,158.0,244.0,0,1239.0,30.5,1,0
18.15,56.12,36.0,184.0,0,3676.0,27.3,0,0
45.76,58.36,1576.0,76.0,0,1270.0,72.8,1,0
93.62,19.06,3745.0,3941.0,1,341.0,266.3,0,2
19.47,58.68,233.0,383.0,0,3169.0,41.2,1,0
52.2,71.94,2137.0,174.0,0,3410.0,64.7,1,0
65.69,37.21,1378.0,1061.0,0,2332.0,55.3,0,1
19.86,50.77,40.0,195.0,0,1154.0,53.9,1,0
53.47,86.56,1844.0,161.0,0,2322.0,45.7,1,0
23.83,52.87,249.0,162.0,0,2240.0,35.4,0,0
45.53,43.91,2377.0,829.0,0,3042.0,55.6,0,1
62.62,17.35,2395.0,2133.0,1,297.0,662.1,1,1
63.32,66.35,1473.0,24.0,0,2501.0,1.1,1,0
59.16,46.15,1748.0,1679.0,0,1613.0,38.6,1,1
177.93,25.58,3654.0,3278.0,1,193.0,692.9,0,2
117.9,5.75,3417.0,2727.0,1,306.0,436.3,1,2
42.3,86.39,926.0,296.0,0,1533.0,8.3,1,0
121.63,12.39,3768.0,3272.0,1,360.0,609.4,1,2
60.82,65.9,1982.0,271.0,0,1587.0,36.0,1,0
58.72,23.67,817.0,1365.0,0,3487.0,75.6,1,1
76.95,34.48,2004.0,996.0,0,3728.0,4.6,0,1
63.11,24.58,1035.0,1420.0,0,2388.0,42.1,1,1
175.34,16.6,3364.0,3271.0,1,385.0,568.4,1,2
22.84,36.27,120.0,110.0,0,1757.0,20.2,1,0
18.91,39.89,154.0,45.0,0,1240.0,41.7,1,0
69.85,18.31,1723.0,2867.0,0,3448.0,55.0,1,1
189.63,16.83,3830.0,3537.0,1,145.0,596.6,0,2
37.29,75.64,1301.0,392.0,0,1845.0,74.5,1,0
135.52,9.9,3881.0,3767.0,1,83.0,812.7,0,2
36.7,87.07,1360.0,344.0,0,3102.0,72.6,1,0
25.65,58.9,259.0,74.0,0,1237.0,78.6,0,0
23.14,63.94,140.0,24.0,0,3761.0,19.6,0,0
34.46,59.38,1015.0,126.0,0,2968.0,68.1,1,0
78.49,50.46,1212.0,1638.0,0,2765.0,13.6,0,1
24.59,55.55,93.0,56.0,0,2864.0,14.0,1,0
196.06,33.28,3492.0,3195.0,1,70.0,471.1,1,2
46.81,76.16,1217.0,465.0,0,3167.0,43.7,1,0
83.91,22.84,1171.0,1771.0,0,3713.0,22.7,1,1
28.75,57.72,295.0,62.0,0,1401.0,31.9,0,0
135.82,17.41,3971.0,3742.0,1,296.0,466.6,0,2
60.97,68.83,823.0,476.0,0,3408.0,65.5,1,0
49.66,49.63,2402.0,921.0,0,2722.0,52.1,0,1
29.44,47.5,139.0,264.0,0,1979.0,52.7,1,0
92.91,7.35,3563.0,2680.0,1,83.0,736.9,0,2
117.21,31.31,4093.0,4068.0,1,86.0,755.4,0,2
85.48,35.21,3318.0,2083.0,0,3366.0,21.6,0,1
28.02,62.62,286.0,333.0,0,2399.0,64.6,1,0
58.57,28.74,2468.0,2599.0,0,930.0,34.8,1,1
27.02,48.99,191.0,302.0,0,3652.0,42.8,1,0
32.51,60.42,1379.0,94.0,0,3527.0,7.0,1,0
51.24,14.04,1725.0,1531.0,1,308.0,843.2,0,1
51.47,37.88,1736.0,2386.0,0,2978.0,38.8,1,1
51.49,27.0,2349.0,1844.0,0,3057.0,51.0,0,1
102.86,28.78,3322.0,3215.0,1,327.0,798.3,0,2
50.81,24.1,2230.0,1808.0,1,326.0,212.9,0,1
49.52,67.38,1529.0,342.0,0,3609.0,8.0,1,0
190.23,29.17,2859.0,2837.0,1,286.0,298.0,0,2
21.02,37.05,118.0,219.0,0,2404.0,44.9,0,0
93.14,25.84,3908.0,4093.0,1,77.0,321.3,0,2
136.6,21.84,3913.0,2580.0,1,199.0,801.6,0,2
38.91,62.19,1631.0,324.0,0,1495.0,74.5,1,0
58.61,66.37,1619.0,344.0,0,3459.0,3.9,1,0
51.29,44.59,1881.0,861.0,0,1876.0,6.5,0,1
72.26,34.57,2479.0,1551.0,0,3231.0,64.9,1,1
170.73,31.2,3215.0,2509.0,1,152.0,808.8,1,2
21.17,49.53,287.0,365.0,0,1733.0,61.7,1,0
98.27,16.22,2210.0,2405.0,0,3472.0,44.4,1,1
19.86,37.76,91.0,245.0,0,2015.0,72.5,0,0
31.37,62.55,2168.0,382.0,0,3175.0,53.1,1,0
55.21,83.24,1059.0,229.0,0,2179.0,71.5,1,0
73.94,21.14,1784.0,2489.0,0,1407.0,64.9,1,1
76.31,27.46,2250.0,2625.0,0,2412.0,33.9,1,1
63.58,32.57,1030.0,938.0,0,3493.0,4.1,1,1
45.68,89.77,619.0,8.0,0,1180.0,16.6,1,0
92.66,23.69,3680.0,3210.0,1,200.0,778.4,0,2
49.89,68.16,1485.0,403.0,0,3540.0,46.0,1,0
57.71,41.91,1607.0,1413.0,0,1539.0,16.9,1,1
73.67,25.27,2240.0,1910.0,0,1669.0,74.5,1,1
18.78,59.49,152.0,289.0,0,1899.0,44.1,1,0
26.12,41.97,52.0,238.0,0,3302.0,68.6,1,0
103.66,34.98,1579.0,1856.0,0,1779.0,6.4,1,1
82.21,53.97,1097.0,1571.0,0,1367.0,0.4,1,1
71.78,20.87,2262.0,1843.0,0,3540.0,33.6,1,1
26.0,52.94,130.0,72.0,0,1111.0,78.0,1,0
18.86,49.89,57.0,269.0,0,2202.0,34.3,1,0
94.27,34.95,3467.0,2677.0,1,144.0,475.5,0,1
26.76,58.33,120.0,106.0,0,2878.0,37.1,0,0
58.99,48.32,1759.0,1226.0,1,246.0,486.6,0,1
114.59,24.51,3467.0,3925.0,1,84.0,276.0,1,2
62.98,28.41,1987.0,813.0,0,2053.0,58.3,0,1
199.11,26.59,4017.0,3075.0,1,351.0,357.1,1,2
20.43,38.09,171.0,8.0,0,2638.0,41.3,0,0
30.9,67.47,1210.0,259.0,0,2736.0,26.4,1,0
19.35,55.77,254.0,235.0,0,3601.0,67.4,1,0
54.05,71.12,1671.0,266.0,0,1435.0,27.6,1,0
41.74,27.37,2119.0,1189.0,0,1473.0,4.4,1,1
49.75,50.58,1836.0,1641.0,0,1516.0,41.1,0,1
21.68,49.69,224.0,170.0,0,2434.0,34.1,1,0
45.64,72.16,1007.0,425.0,0,1933.0,76.4,1,0
161.62,7.89,3333.0,3639.0,1,373.0,523.2,1,2
98.11,36.44,2215.0,2425.0,1,124.0,634.2,1,1
23.47,42.16,224.0,54.0,0,3242.0,41.8,0,0
77.36,40.37,1948.0,1726.0,0,3043.0,40.2,1,1
39.48,89.49,1218.0,20.0,0,2298.0,23.8,1,0
50.54,34.15,2177.0,2144.0,1,396.0,873.1,1,1
70.77,54.98,1517.0,906.0,0,2522.0,53.7,1,1
29.34,63.93,114.0,136.0,0,2138.0,46.5,0,0
157.35,22.1,3152.0,3156.0,1,201.0,301.9,1,2
36.38,55.24,670.0,366.0,0,1650.0,52.5,1,0
74.21,38.49,1666.0,2744.0,1,144.0,265.8,1,1
31.2,66.96,1206.0,335.0,0,3039.0,49.5,1,0
63.22,10.95,1862.0,2583.0,0,2957.0,79.7,0,1
27.3,64.31,135.0,52.0,0,1368.0,20.8,0,0
51.61,79.97,828.0,477.0,0,2644.0,30.3,1,0
128.06,26.61,3780.0,2692.0,1,325.0,614.5,0,2
27.8,58.19,219.0,77.0,0,3531.0,30.4,1,0
63.75,26.54,2431.0,2123.0,1,82.0,528.6,0,1
89.42,22.36,2143.0,836.0,0,2306.0,67.5,0,1
19.67,45.84,219.0,208.0,0,921.0,10.7,1,0
26.21,43.37,253.0,150.0,0,3200.0,39.4,1,0
24.17,38.59,183.0,393.0,0,1200.0,35.3,0,0
79.27,40.99,3255.0,2929.0,0,2288.0,70.4,1,1
54.14,35.53,2345.0,1848.0,1,122.0,820.0,0,1
194.12,33.21,3478.0,3118.0,1,93.0,262.9,1,2
64.99,22.48,1837.0,1903.0,1,74.0,811.4,1,1
23.0,45.43,2.0,21.0,0,3371.0,61.9,1,0
82.21,52.95,1442.0,1866.0,0,2977.0,3.6,1,1
95.46,27.13,2926.0,3024.0,1,268.0,468.3,1,2
177.83,32.46,3969.0,3599.0,1,221.0,306.2,0,2
77.1,30.81,2152.0,1773.0,1,343.0,454.4,1,1
51.54,25.5,2400.0,2505.0,1,65.0,359.6,0,1
18.29,38.32,219.0,382.0,0,3609.0,19.2,1,0
21.87,47.44,5.0,31.0,0,1453.0,74.3,1,0
52.89,34.08,1508.0,1817.0,0,2912.0,39.2,1,1
43.65,70.97,1545.0,67.0,0,1388.0,52.0,1,0
51.57,42.77,1725.0,2075.0,0,2056.0,59.9,0,1
175.19,32.95,3756.0,3386.0,1,365.0,667.9,0,2
89.66,40.4,1537.0,1065.0,0,3688.0,68.9,1,1
82.85,30.67,2375.0,1442.0,0,1936.0,2.2,0,1
29.52,37.51,239.0,368.0,0,1394.0,75.6,0,0
54.78,11.61,1875.0,2998.0,0,2968.0,24.6,1,1
80.85,39.87,1764.0,1351.0,0,2097.0,77.2,0,1
21.87,50.75,220.0,36.0,0,3042.0,77.8,0,0
25.22,48.47,274.0,117.0,0,1143.0,18.7,1,0
26.8,49.82,257.0,22.0,0,3611.0,23.8,1,0
75.67,20.62,2387.0,1985.0,0,2431.0,13.6,0,1
43.08,46.14,841.0,1303.0,0,1073.0,8.5,0,1
51.69,46.69,1849.0,1460.0,0,1143.0,19.8,0,1
42.87,76.02,630.0,97.0,0,3176.0,61.7,1,0
108.1,31.36,3599.0,3297.0,1,74.0,317.3,1,2
21.71,46.39,281.0,381.0,0,1181.0,46.1,1,0
100.12,15.46,2849.0,2054.0,0,2140.0,14.0,0,1
57.1,39.31,1803.0,897.0,0,1313.0,61.1,0,1
23.43,63.84,12.0,259.0,0,3698.0,37.3,1,0
118.78,31.34,3050.0,2897.0,1,337.0,219.8,0,2
29.3,62.31,25.0,234.0,0,2903.0,75.6,0,0
40.31,84.7,1807.0,304.0,0,1742.0,29.8,1,0
58.88,69.82,900.0,65.0,0,2281.0,21.2,1,0
68.87,54.1,2397.0,1974.0,0,3507.0,9.3,1,1
21.37,59.97,100.0,391.0,0,3408.0,13.8,1,0
77.94,40.08,1694.0,1909.0,0,1299.0,10.2,1,1
51.23,53.9,1647.0,825.0,1,316.0,465.0,1,1
68.12,26.8,2015.0,1912.0,0,3711.0,52.2,0,1
108.94,13.45,1552.0,1745.0,0,2401.0,55.1,0,1
84.93,35.28,1727.0,1885.0,1,113.0,386.6,0,1
199.09,33.84,3525.0,3657.0,1,385.0,281.9,1,2
70.1,53.45,1018.0,1617.0,0,1568.0,42.5,0,1
26.38,48.52,68.0,278.0,0,3555.0,32.2,0,0
27.43,63.31,27.0,231.0,0,3031.0,36.7,1,0
49.13,69.94,1652.0,476.0,0,3072.0,9.8,1,0
76.97,40.82,2631.0,1523.0,0,1576.0,46.4,0,1
69.33,39.37,2387.0,2078.0,0,2087.0,50.7,0,1
166.09,16.34,3155.0,3718.0,1,305.0,717.8,0,2
18.02,58.65,251.0,280.0,0,2112.0,34.9,1,0
38.67,55.73,1953.0,132.0,0,1629.0,65.2,1,0
27.38,54.22,47.0,132.0,0,3181.0,58.7,1,0
99.81,37.54,3421.0,2077.0,0,2357.0,8.3,0,1
76.63,33.05,1209.0,848.0,1,204.0,845.9,0,1
156.32,20.8,3796.0,3334.0,1,326.0,443.6,0,2
83.31,21.85,2092.0,1788.0,0,2433.0,42.1,1,1
85.62,38.05,3060.0,2018.0,0,1841.0,48.7,0,1
78.42,28.38,1086.0,1135.0,0,3370.0,70.7,1,1
198.83,24.49,3209.0,3878.0,1,179.0,498.9,0,2
84.56,22.65,1865.0,1055.0,0,1027.0,71.8,1,1
51.67,77.79,2087.0,34.0,0,1804.0,34.8,1,0
63.35,57.6,857.0,264.0,0,949.0,20.0,1,0
18.11,59.14,43.0,228.0,0,3532.0,46.6,0,0
25.52,56.71,72.0,204.0,0,3519.0,30.7,0,0
48.07,72.27,1852.0,206.0,0,3543.0,57.0,1,0
53.51,36.17,1733.0,1596.0,1,238.0,827.5,0,1
83.41,29.61,1127.0,1704.0,0,931.0,53.9,0,1
21.66,63.75,129.0,161.0,0,2140.0,58.8,0,0
23.26,64.21,110.0,146.0,0,2404.0,45.7,0,0
66.15,33.85,3316.0,2190.0,0,2656.0,19.2,1,1
87.72,20.19,1679.0,1836.0,0,2021.0,65.2,1,1
87.18,36.38,2961.0,2222.0,1,258.0,341.5,0,1
148.31,17.43,3095.0,2917.0,1,299.0,870.7,0,2
80.46,20.76,2074.0,1985.0,0,2375.0,18.6,1,1
61.61,31.75,1565.0,1588.0,0,1347.0,51.2,0,1
195.56,10.08,2813.0,4030.0,1,89.0,473.8,1,2
167.21,5.16,3893.0,4054.0,1,291.0,857.2,1,2
62.57,25.33,2182.0,807.0,0,2324.0,20.3,0,1
31.25,75.13,1753.0,145.0,0,2979.0,9.0,1,0
46.22,59.92,1827.0,383.0,0,2688.0,28.0,1,0
97.65,33.91,1678.0,1747.0,0,1318.0,57.6,0,1
83.12,10.76,2350.0,1734.0,0,3612.0,47.6,0,1
147.66,32.92,3294.0,3114.0,1,53.0,488.0,1,2
144.65,13.79,3664.0,3996.0,1,227.0,856.9,0,2
32.53,76.72,1308.0,297.0,0,2474.0,43.3,1,0
132.1,7.25,3352.0,3926.0,1,275.0,785.8,1,2
100.93,31.44,2518.0,2774.0,0,1773.0,43.0,0,1
45.58,77.27,1793.0,93.0,0,1270.0,40.4,1,0
76.3,18.76,2600.0,1729.0,0,3529.0,2.3,1,1
54.68,43.54,1407.0,1313.0,0,2657.0,62.7,0,1
62.24,56.1,1049.0,474.0,0,3658.0,12.7,1,0
157.96,22.2,3038.0,3069.0,1,247.0,271.5,1,2
22.77,61.81,241.0,245.0,0,1941.0,68.0,1,0
54.15,25.25,845.0,1477.0,0,2520.0,33.1,1,1
184.03,29.07,3855.0,3478.0,1,282.0,700.0,0,2
31.04,59.08,1585.0,475.0,0,981.0,33.2,1,0
27.07,59.71,7.0,165.0,0,1559.0,21.1,1,0
29.57,56.7,174.0,180.0,0,2808.0,57.2,1,0
73.4,15.38,2388.0,2907.0,0,2143.0,27.7,0,1
70.3,22.61,906.0,1823.0,0,3741.0,69.8,0,1
24.02,36.05,202.0,183.0,0,1902.0,51.0,1,0
43.72,87.5,1469.0,412.0,0,1034.0,28.8,1,0
81.57,46.83,2011.0,1004.0,0,2326.0,47.7,1,1
48.12,60.64,1236.0,37.0,0,3512.0,49.2,1,0
94.74,20.57,3160.0,2586.0,1,114.0,317.3,0,2
68.56,38.0,2246.0,877.0,0,1449.0,19.0,1,1
64.62,59.95,1816.0,468.0,0,840.0,20.0,1,0
176.25,11.76,3980.0,2751.0,1,311.0,691.2,0,2
29.74,58.62,1478.0,109.0,0,2675.0,62.1,1,0
58.63,70.1,863.0,2.0,0,3330.0,71.0,1,0
19.34,62.61,81.0,30.0,0,2249.0,31.5,0,0
57.79,64.69,1012.0,233.0,0,995.0,8.5,1,0
128.03,26.56,2988.0,2855.0,1,144.0,306.0,1,2
29.37,58.03,893.0,229.0,0,3771.0,12.9,1,0
113.38,13.89,2925.0,2677.0,1,267.0,327.2,1,2
29.03,62.92,266.0,152.0,0,813.0,2.8,1,0
23.6,45.23,189.0,273.0,0,1123.0,20.9,0,0
49.2,40.35,2397.0,1245.0,0,1849.0,78.9,1,1
59.42,31.57,2029.0,2103.0,0,1229.0,60.3,1,1
60.74,40.45,811.0,1565.0,0,1848.0,41.4,0,1
64.65,88.43,1852.0,310.0,0,954.0,31.9,1,0
82.72,31.39,2728.0,2254.0,0,1075.0,53.9,0,1
18.02,57.53,294.0,83.0,0,2986.0,7.9,0,0
47.19,51.86,1753.0,1338.0,0,2354.0,48.1,1,1
23.62,64.12,130.0,382.0,0,1675.0,34.6,1,0
105.15,27.65,2300.0,1685.0,0,1693.0,30.8,1,1
40.86,83.46,1739.0,160.0,0,897.0,52.5,1,0
74.32,39.42,2726.0,1658.0,0,3669.0,73.9,0,1
45.2,43.25,1069.0,1740.0,1,92.0,876.4,0,1
30.61,62.44,1478.0,84.0,0,1809.0,63.5,1,0
22.13,45.35,56.0,171.0,0,2371.0,69.2,0,0
24.57,50.82,264.0,175.0,0,3189.0,45.1,0,0
197.78,11.11,3870.0,2581.0,1,389.0,555.1,0,2
36.9,73.78,2058.0,441.0,0,2137.0,1.3,1,0
67.54,44.62,1345.0,1149.0,0,3534.0,53.2,1,1
19.06,61.5,62.0,164.0,0,3077.0,10.9,1,0
46.05,88.35,1779.0,127.0,0,3635.0,8.1,1,0
24.52,56.18,265.0,45.0,0,3256.0,73.8,0,0
80.01,37.91,2318.0,1523.0,0,2740.0,52.7,0,1
94.83,16.95,3539.0,3945.0,1,202.0,278.5,1,2
131.72,24.47,3995.0,3347.0,1,278.0,245.8,1,2
147.42,6.44,3198.0,2847.0,1,150.0,358.2,0,2
91.17,9.53,3790.0,3166.0,1,297.0,258.9,1,2
163.62,25.64,3501.0,3374.0,1,353.0,540.8,0,2
68.28,18.9,3448.0,1558.0,1,355.0,208.6,0,1
84.88,31.01,1182.0,1569.0,0,1532.0,13.1,1,1
52.5,87.18,1210.0,100.0,0,2933.0,71.2,1,0
58.27,34.24,1877.0,958.0,0,1116.0,42.4,0,1
55.94,39.01,1896.0,2745.0,0,2252.0,12.7,1,1
52.25,56.08,671.0,131.0,0,2471.0,70.6,1,0
54.22,33.8,1104.0,1733.0,0,3639.0,32.4,1,1
113.95,6.14,3328.0,3520.0,1,104.0,712.6,1,2
24.3,36.13,204.0,101.0,0,1816.0,60.3,1,0
18.59,50.95,229.0,95.0,0,3346.0,20.4,0,0
21.07,57.75,300.0,92.0,0,1893.0,30.0,0,0
124.31,19.9,3491.0,3204.0,1,379.0,770.4,0,2
22.48,37.77,263.0,149.0,0,3417.0,14.9,0,0
166.67,24.38,3286.0,2956.0,1,390.0,560.9,1,2
63.72,31.68,2936.0,2050.0,0,3698.0,11.1,1,1
111.1,20.96,2990.0,3348.0,1,194.0,475.8,1,2
77.34,28.1,1731.0,2616.0,1,337.0,761.7,1,1
63.84,41.75,2552.0,2792.0,1,254.0,356.4,0,1
80.25,30.99,2269.0,1348.0,0,1711.0,20.6,1,1
59.94,64.27,1812.0,421.0,0,3448.0,63.0,1,0
91.97,39.29,2434.0,2035.0,0,1847.0,19.5,1,1
21.2,59.7,120.0,266.0,0,3412.0,77.7,1,0
50.68,82.4,2012.0,7.0,0,3171.0,22.1,1,0
70.59,46.22,1015.0,1810.0,0,2914.0,17.8,0,1
45.9,40.4,1490.0,1071.0,0,3145.0,9.5,0,1
85.04,23.98,2402.0,852.0,1,330.0,313.4,1,1
169.03,8.32,3067.0,3676.0,1,226.0,727.7,1,2
26.24,55.23,249.0,362.0,0,3736.0,42.7,1,0
72.45,34.91,1029.0,1287.0,0,2835.0,78.3,1,1
37.47,70.05,1008.0,321.0,0,3237.0,2.8,1,0
52.27,60.24,1422.0,250.0,0,2049.0,65.8,1,0
64.56,80.42,1933.0,19.0,0,957.0,71.2,1,0
36.11,87.89,1254.0,77.0,0,1057.0,48.3,1,0
111.77,24.06,3664.0,2722.0,1,393.0,645.1,0,2
34.0,58.49,1493.0,122.0,0,1132.0,79.9,1,0
104.41,11.36,3138.0,2824.0,1,387.0,852.6,0,1
20.39,61.84,106.0,135.0,0,1070.0,61.5,0,0
87.19,28.35,2119.0,917.0,0,1969.0,56.5,0,1
33.76,59.34,1741.0,393.0,0,2394.0,14.5,1,0
20.16,37.04,300.0,180.0,0,2988.0,67.0,0,0
139.27,29.39,4063.0,3070.0,1,339.0,360.0,1,2
20.36,44.95,105.0,356.0,0,3393.0,37.8,0,0
95.55,32.46,3443.0,1593.0,1,164.0,486.0,1,1
94.89,41.78,2881.0,2793.0,0,986.0,23.9,0,1
103.97,14.82,2088.0,1796.0,0,3179.0,74.2,1,1
67.97,44.88,3259.0,2101.0,0,1204.0,20.4,1,1
144.2,23.53,3360.0,3991.0,1,337.0,889.3,1,2
44.78,58.48,637.0,482.0,0,3455.0,3.1,1,0
23.34,42.88,34.0,85.0,0,2976.0,28.9,0,0
81.33,39.57,1535.0,1003.0,0,3455.0,0.5,0,1
160.4,8.06,2952.0,3265.0,1,177.0,691.7,1,2
62.21,77.51,1642.0,281.0,0,3375.0,6.6,1,0
29.27,39.31,291.0,58.0,0,2136.0,3.6,0,0
50.92,74.86,1580.0,19.0,0,2963.0,18.8,1,0
45.72,33.5,2484.0,853.0,0,2547.0,59.2,1,1
52.21,17.22,2741.0,2288.0,0,2070.0,72.7,0,1
18.38,36.8,264.0,143.0,0,1999.0,56.6,1,0
26.78,40.41,6.0,340.0,0,2846.0,79.1,0,0
42.13,62.46,1325.0,433.0,0,3233.0,75.5,1,0
19.8,54.55,202.0,124.0,0,2611.0,69.9,1,0
18.32,49.28,53.0,30.0,0,847.0,77.7,1,0
27.96,51.05,190.0,322.0,0,2373.0,72.1,0,0
19.86,43.58,5.0,396.0,0,2547.0,42.8,1,0
66.79,22.33,2193.0,842.0,0,2680.0,70.5,1,1
22.76,41.97,99.0,256.0,0,1118.0,39.7,1,0
109.38,31.72,3572.0,3761.0,1,110.0,202.6,0,2
80.1,14.38,2457.0,1879.0,1,365.0,576.5,0,1
82.43,15.51,3041.0,1867.0,0,1970.0,73.1,0,1
80.73,37.07,2101.0,1612.0,0,998.0,55.6,0,1
191.99,12.89,2898.0,2557.0,1,153.0,824.9,0,2
26.36,43.07,161.0,201.0,0,1440.0,66.8,0,0
103.04,33.46,2320.0,2206.0,0,1922.0,27.0,1,1
131.73,30.27,3676.0,2795.0,1,111.0,782.7,1,2
87.44,51.12,803.0,1193.0,0,2857.0,8.0,0,1
91.91,29.53,1703.0,1837.0,1,261.0,664.2,1,1
23.26,48.46,298.0,22.0,0,3711.0,38.1,1,0
33.77,75.44,795.0,257.0,0,1780.0,47.1,1,0
22.12,60.66,65.0,38.0,0,2890.0,4.9,1,0
63.43,62.39,915.0,412.0,0,829.0,36.0,1,0
54.59,20.5,1515.0,2855.0,0,3097.0,35.6,1,1
65.58,43.44,2289.0,1615.0,0,3054.0,64.3,0,1
126.6,19.36,3524.0,2703.0,1,146.0,347.4,0,2
102.75,20.47,2971.0,3909.0,1,365.0,669.3,1,2
79.17,53.55,1235.0,1148.0,1,303.0,245.5,0,1
160.2,19.41,3595.0,3184.0,1,136.0,684.9,0,2
115.39,12.16,3426.0,3318.0,1,115.0,803.8,1,2
78.59,34.92,2222.0,1409.0,0,1832.0,51.6,1,1
68.5,43.1,3453.0,2965.0,1,321.0,859.0,1,1
32.05,55.72,775.0,2.0,0,2778.0,67.1,1,0
24.01,38.01,190.0,62.0,0,1225.0,17.1,1,0
179.06,34.23,3298.0,2964.0,1,164.0,803.8,0,2
18.95,63.19,110.0,156.0,0,3507.0,18.1,1,0
59.57,70.91,898.0,467.0,0,3545.0,42.0,1,0
60.39,51.29,2053.0,1687.0,0,1860.0,53.4,1,1
29.35,40.31,135.0,400.0,0,1745.0,52.4,1,0
24.7,47.23,105.0,56.0,0,1350.0,1.7,0,0
48.02,77.55,886.0,158.0,0,1869.0,52.9,1,0
49.15,46.54,1532.0,1849.0,0,2698.0,64.2,0,1
27.05,43.05,164.0,368.0,0,2198.0,15.6,0,0
59.22,30.28,2024.0,2524.0,1,330.0,382.8,0,1
190.79,8.09,2818.0,2928.0,1,249.0,624.3,0,2
46.08,56.99,1931.0,453.0,0,3592.0,65.6,1,0
85.68,25.68,1681.0,1544.0,0,1886.0,71.7,0,1
24.89,55.85,200.0,314.0,0,2491.0,71.1,1,0
32.35,72.74,1158.0,156.0,0,2651.0,65.6,1,0
25.66,35.64,179.0,315.0,0,2266.0,43.1,0,0
48.71,62.04,600.0,23.0,0,3774.0,59.0,1,0
129.48,8.2,2992.0,3863.0,1,171.0,540.3,0,2
23.91,41.85,113.0,77.0,0,2128.0,13.3,1,0
69.73,44.79,1894.0,1087.0,0,971.0,62.2,0,1
63.65,69.37,735.0,449.0,0,1418.0,78.0,1,0
39.42,63.46,1742.0,319.0,0,3232.0,52.7,1,0
42.96,78.96,1276.0,117.0,0,2275.0,70.3,1,0
75.89,25.67,2901.0,2102.0,0,3554.0,29.3,1,1
27.99,62.08,298.0,270.0,0,1673.0,43.2,0,0
101.46,35.02,2297.0,1555.0,0,2407.0,41.2,0,1
84.63,46.52,1577.0,1261.0,0,1578.0,20.4,0,1
55.43,63.45,1107.0,76.0,0,2309.0,45.2,1,0
57.79,21.2,2468.0,1972.0,0,1214.0,74.2,0,1
74.23,30.96,1755.0,1176.0,0,3748.0,78.5,1,1
41.63,53.19,2152.0,1194.0,0,2992.0,25.7,1,1
19.49,55.6,298.0,230.0,0,3414.0,22.7,1,0
50.43,75.73,835.0,157.0,0,1487.0,25.2,1,0
61.06,33.71,1996.0,1770.0,0,2649.0,41.3,1,1
20.64,52.48,19.0,283.0,0,3319.0,71.7,0,0
74.33,46.01,1288.0,1740.0,0,2854.0,3.5,0,1
21.33,40.67,141.0,134.0,0,1836.0,78.2,0,0
46.61,85.98,2025.0,53.0,0,2248.0,27.0,1,0
65.86,35.76,812.0,1961.0,0,1269.0,54.8,0,1
27.98,59.68,89.0,303.0,0,3681.0,70.3,1,0
75.57,46.65,1161.0,810.0,0,2390.0,22.7,0,1
73.67,21.53,2361.0,816.0,0,1696.0,62.7,1,1
65.08,45.66,1894.0,1765.0,0,2635.0,60.7,0,1
19.65,50.24,154.0,352.0,0,3292.0,23.4,0,0
108.05,10.49,3128.0,3923.0,1,253.0,637.8,0,2
42.55,61.08,1354.0,251.0,0,1352.0,53.9,1,0
121.55,18.81,3075.0,3998.0,1,176.0,524.3,0,2
77.62,18.41,2360.0,2144.0,1,171.0,726.3,0,1
27.68,50.41,68.0,355.0,0,2817.0,41.7,1,0
97.22,25.05,2443.0,1517.0,0,1831.0,78.2,0,1
57.44,41.16,2844.0,1731.0,0,3207.0,64.0,0,1
99.57,32.23,2698.0,2834.0,1,116.0,506.6,0,1
71.53,42.41,2416.0,1806.0,0,865.0,60.8,0,1
76.51,17.77,2600.0,2610.0,1,234.0,254.5,0,1
56.81,44.03,1369.0,1219.0,0,3052.0,47.1,0,1
21.31,52.57,213.0,238.0,0,1101.0,56.6,0,0
41.62,61.81,1445.0,483.0,0,1570.0,32.5,1,0
37.7,56.99,657.0,352.0,0,2178.0,35.2,1,0
51.03,22.0,2140.0,1771.0,0,2276.0,18.9,1,1
75.95,39.89,1525.0,1952.0,0,3119.0,75.4,0,1
29.82,56.11,132.0,379.0,0,2956.0,51.2,0,0
34.51,62.23,697.0,134.0,0,2069.0,1.1,1,0
25.01,35.8,211.0,290.0,0,995.0,75.2,0,0
48.79,85.24,1142.0,216.0,0,1532.0,51.3,1,0
75.45,30.15,1607.0,2473.0,1,204.0,514.8,0,1
99.72,30.45,3345.0,2000.0,0,3263.0,60.6,1,1
80.76,31.04,2130.0,2217.0,0,3166.0,20.5,1,1
41.82,57.17,2181.0,179.0,0,2305.0,65.7,1,0
20.1,42.13,87.0,167.0,0,2739.0,29.4,0,0
22.89,61.91,227.0,124.0,0,3102.0,75.0,1,0
135.08,33.68,2982.0,3501.0,1,172.0,803.9,1,2
57.9,39.09,1166.0,1717.0,0,2455.0,10.7,0,1
46.52,39.79,856.0,804.0,0,1016.0,45.9,1,1
51.62,36.04,1776.0,2526.0,0,1196.0,8.9,0,1
21.7,52.19,95.0,342.0,0,1465.0,63.2,0,0
158.86,26.14,2993.0,4076.0,1,262.0,851.2,0,2
28.95,52.05,214.0,45.0,0,2401.0,17.8,0,0
20.54,36.54,265.0,284.0,0,1302.0,47.4,0,0
81.95,25.71,857.0,880.0,0,825.0,77.3,1,1
55.99,38.92,3123.0,1801.0,0,3057.0,42.8,0,1
60.35,44.16,1734.0,1686.0,0,3789.0,36.0,0,1
31.73,80.9,1961.0,129.0,0,1952.0,72.9,1,0
55.92,25.31,3245.0,2933.0,1,53.0,227.5,0,1
54.85,30.47,3248.0,2706.0,1,77.0,382.5,0,1
54.23,55.82,875.0,406.0,0,2317.0,41.4,1,0
61.32,42.08,2987.0,2735.0,0,3314.0,20.2,0,1
65.19,30.3,1302.0,1845.0,0,3418.0,51.4,1,1
147.89,24.25,3884.0,3194.0,1,86.0,262.9,1,2
104.03,7.96,3884.0,4019.0,1,316.0,790.0,0,2
178.16,21.41,2902.0,2981.0,1,81.0,771.9,0,2
126.53,30.31,3137.0,3279.0,1,217.0,664.4,0,2
88.74,32.07,1940.0,2055.0,1,244.0,551.2,1,1
87.25,43.35,1828.0,2825.0,1,223.0,659.1,0,1
38.16,87.82,1983.0,84.0,0,3495.0,39.2,1,0
20.52,60.83,83.0,340.0,0,3220.0,27.8,0,0
94.12,25.69,2600.0,2566.0,1,223.0,477.9,0,1
28.47,56.27,121.0,309.0,0,2333.0,19.0,1,0
28.09,44.71,148.0,128.0,0,1373.0,55.5,0,0
29.43,35.04,94.0,50.0,0,2679.0,68.4,1,0
86.38,45.85,947.0,1309.0,1,211.0,827.0,1,1
108.59,28.99,3643.0,3155.0,1,110.0,623.5,0,2
51.11,39.82,2037.0,2580.0,0,2582.0,57.4,1,1
104.57,12.23,2822.0,2934.0,1,357.0,382.5,0,2
168.43,27.04,4085.0,2686.0,1,374.0,732.3,0,2
49.14,29.87,1208.0,1764.0,0,3022.0,60.9,0,1
20.03,37.26,274.0,184.0,0,1394.0,54.6,1,0
53.63,72.46,1285.0,247.0,0,2084.0,3.9,1,0
164.72,27.6,3834.0,3916.0,1,144.0,451.4,0,2
114.96,7.92,3406.0,3628.0,1,230.0,545.4,1,2
42.19,84.46,1413.0,227.0,0,2404.0,26.1,1,0
30.18,68.11,2180.0,303.0,0,3426.0,59.7,1,0
105.11,44.43,2166.0,2900.0,1,207.0,684.5,0,1
72.79,14.35,3108.0,1639.0,0,2693.0,68.0,0,1
142.52,22.4,3365.0,3747.0,1,117.0,732.0,0,2
84.0,13.37,2987.0,2722.0,0,3395.0,74.5,0,1
87.1,25.0,961.0,1226.0,0,1708.0,66.1,1,1
39.22,71.82,1393.0,411.0,0,952.0,62.4,1,0
53.33,57.46,934.0,491.0,0,3180.0,32.3,1,0
104.07,23.59,1818.0,2444.0,0,2481.0,34.3,1,1
85.15,33.67,815.0,901.0,0,1742.0,13.8,1,1
45.64,21.33,916.0,1080.0,0,1121.0,51.3,0,1
61.92,15.51,3420.0,2927.0,1,56.0,441.5,0,1
63.14,50.73,1777.0,1463.0,0,2930.0,49.1,0,1
84.99,21.89,2022.0,1240.0,0,1092.0,19.8,0,1
24.97,51.69,285.0,160.0,0,2908.0,68.1,1,0
60.25,77.31,1843.0,170.0,0,1373.0,48.4,1,0
26.78,45.43,260.0,277.0,0,2201.0,20.7,1,0
29.9,50.46,243.0,230.0,0,3236.0,69.0,1,0
18.64,54.09,13.0,45.0,0,1448.0,56.4,0,0
99.54,30.31,2923.0,3774.0,1,263.0,560.5,1,2
193.08,14.2,3405.0,3749.0,1,303.0,552.4,0,2
137.24,5.18,3626.0,2881.0,1,356.0,683.5,0,2
55.39,75.11,1409.0,208.0,0,2300.0,32.5,1,0
56.64,38.25,1705.0,853.0,0,2918.0,14.6,1,1
84.51,26.4,2145.0,1156.0,0,2439.0,24.7,0,1
39.51,59.87,957.0,324.0,0,1954.0,76.2,1,0
182.22,13.23,3779.0,2622.0,1,350.0,444.0,1,2
27.57,62.59,73.0,146.0,0,3468.0,39.4,0,0
57.58,60.19,778.0,93.0,0,2005.0,43.9,1,0
23.22,48.27,17.0,332.0,0,1398.0,17.8,0,0
67.55,53.74,1359.0,1911.0,0,2797.0,40.4,0,1
45.01,85.23,789.0,191.0,0,2345.0,32.3,1,0
88.95,53.54,2472.0,1556.0,0,2160.0,33.3,1,1
25.87,50.34,178.0,198.0,0,863.0,56.8,0,0
25.83,63.08,236.0,221.0,0,1761.0,22.4,0,0
58.36,36.13,1026.0,882.0,0,972.0,5.0,0,1
18.5,62.78,13.0,61.0,0,2929.0,21.8,1,0
60.1,16.11,3261.0,2004.0,0,2487.0,42.9,1,1
26.11,53.42,105.0,52.0,0,3077.0,65.5,0,0
160.0,17.98,3463.0,3408.0,1,167.0,610.8,1,2
199.99,7.7,3724.0,3366.0,1,59.0,600.6,1,2
126.47,11.24,3325.0,2633.0,1,258.0,536.5,0,2
190.28,13.39,3059.0,3276.0,1,101.0,595.3,0,2
49.96,59.68,1026.0,66.0,0,3239.0,53.6,1,0
61.0,57.87,1760.0,476.0,0,1412.0,27.5,1,0
158.74,10.16,3190.0,3865.0,1,180.0,272.6,1,2
104.05,25.87,3040.0,3234.0,1,277.0,202.2,1,2
137.54,12.81,4034.0,3073.0,1,82.0,583.9,0,2
52.64,33.91,2223.0,1734.0,0,1501.0,65.3,0,1
85.31,14.77,1865.0,2685.0,0,805.0,12.6,1,1
180.78,11.26,3186.0,3735.0,1,70.0,738.1,0,2
65.98,28.53,2662.0,2508.0,0,3311.0,17.3,0,1
25.11,58.35,91.0,346.0,0,3665.0,27.0,1,0
93.79,5.93,3310.0,3286.0,1,248.0,471.0,1,2
63.81,89.61,1725.0,419.0,0,1387.0,17.5,1,0
93.68,8.41,3453.0,3668.0,1,351.0,231.0,0,2
64.13,48.02,2152.0,1261.0,0,3373.0,57.2,0,1
23.68,43.65,123.0,359.0,0,1790.0,25.2,0,0
61.52,78.34,2031.0,27.0,0,1309.0,68.6,1,0
42.46,37.07,1875.0,1821.0,0,3013.0,10.4,1,1
39.06,82.05,1510.0,375.0,0,2889.0,70.6,1,0
61.1,41.49,2041.0,2223.0,1,167.0,819.6,0,1
167.78,18.97,3542.0,3382.0,1,338.0,717.0,1,2
91.38,28.89,3318.0,2377.0,0,2149.0,40.9,0,1
33.21,80.62,1584.0,112.0,0,1880.0,80.0,1,0
21.91,64.92,284.0,297.0,0,2013.0,48.5,1,0
30.88,69.88,702.0,149.0,0,1310.0,27.3,1,0
52.75,66.94,1301.0,398.0,0,3293.0,41.2,1,0
91.63,24.1,3701.0,3512.0,1,182.0,762.0,0,2
115.75,7.71,3059.0,4017.0,1,86.0,329.1,0,2
24.07,52.42,8.0,217.0,0,1136.0,32.1,0,0
96.34,16.49,3337.0,3441.0,1,200.0,471.6,0,2
30.79,59.44,616.0,289.0,0,3355.0,78.6,1,0
87.88,24.02,2320.0,1982.0,0,1233.0,57.5,0,1
95.43,39.44,3165.0,2622.0,1,185.0,519.2,0,1
19.55,49.42,214.0,228.0,0,3029.0,15.5,1,0
115.3,14.87,2939.0,3524.0,1,206.0,534.3,1,2
19.6,55.09,168.0,383.0,0,2985.0,31.9,0,0
97.82,27.14,2465.0,1653.0,0,2995.0,16.6,1,1
52.44,27.0,3102.0,1595.0,1,106.0,858.0,0,1
18.08,52.08,101.0,348.0,0,3217.0,37.6,1,0
98.8,33.43,2639.0,2011.0,0,995.0,77.6,0,1
79.54,15.64,2266.0,1570.0,0,1009.0,63.4,1,1
58.41,53.67,1928.0,1844.0,0,3233.0,70.5,0,1
20.68,61.48,201.0,146.0,0,1773.0,31.4,0,0
71.43,30.46,2328.0,875.0,0,2810.0,36.7,1,1
118.87,32.72,3417.0,3730.0,1,206.0,624.4,1,2
27.49,48.03,30.0,44.0,0,1638.0,68.4,0,0
187.62,27.4,3648.0,3759.0,1,70.0,517.1,0,2
54.68,46.17,1760.0,912.0,0,3155.0,65.9,1,1
60.05,89.02,1151.0,255.0,0,1083.0,29.3,1,0
35.13,66.0,1792.0,432.0,0,1707.0,28.7,1,0
22.8,61.01,65.0,69.0,0,3508.0,42.2,0,0
49.42,57.13,2053.0,312.0,0,1262.0,1.8,1,0
86.87,27.0,1196.0,1131.0,0,2859.0,24.8,0,1
69.15,37.52,1735.0,981.0,0,2048.0,54.8,0,1
80.28,48.15,1246.0,1149.0,0,1420.0,1.6,0,1
106.63,17.27,4063.0,3528.0,1,376.0,606.2,1,2
27.92,45.66,103.0,157.0,0,3028.0,43.0,1,0
29.27,67.19,687.0,104.0,0,2647.0,76.6,1,0
33.91,89.61,2024.0,454.0,0,929.0,7.6,1,0
29.9,89.74,1013.0,420.0,0,2782.0,25.9,1,0
19.36,47.32,292.0,50.0,0,3762.0,2.8,0,0
61.67,20.26,881.0,1925.0,1,309.0,407.0,1,1
52.79,32.14,2133.0,2989.0,0,2682.0,37.0,1,1
185.76,22.67,3814.0,3380.0,1,291.0,428.3,0,2
132.12,26.35,3277.0,2623.0,1,343.0,824.3,1,2
93.35,41.37,2844.0,2683.0,0,1405.0,74.8,0,1
121.61,16.83,3612.0,3239.0,1,137.0,878.3,1,2
49.34,76.91,705.0,461.0,0,904.0,69.4,1,0
33.16,68.66,1719.0,177.0,0,825.0,12.4,1,0
69.41,52.47,2388.0,1903.0,0,946.0,15.0,1,1
97.24,27.93,1625.0,1583.0,0,2892.0,0.4,0,1
51.89,26.69,2425.0,1798.0,0,2316.0,35.7,0,1
34.03,61.31,1572.0,167.0,0,2204.0,65.3,1,0
45.01,43.35,1742.0,1749.0,1,104.0,735.5,0,1
192.26,30.74,3744.0,3471.0,1,297.0,312.3,0,2
28.84,41.48,86.0,212.0,0,3522.0,76.3,0,0
85.39,20.62,1994.0,2373.0,0,2074.0,73.6,0,1
18.42,44.83,142.0,68.0,0,2748.0,0.3,0,0
104.97,28.3,3769.0,4043.0,1,387.0,457.6,0,2
32.91,86.36,1912.0,15.0,0,1908.0,56.2,1,0
97.23,24.55,1790.0,2770.0,1,247.0,318.9,1,1
58.34,16.36,2060.0,1619.0,0,1584.0,72.7,0,1
25.02,40.36,5.0,84.0,0,3251.0,40.7,1,0
23.17,61.82,172.0,96.0,0,3253.0,74.4,0,0
81.6,46.0,2255.0,1664.0,1,148.0,781.2,1,1
69.9,52.18,1634.0,889.0,0,2151.0,17.4,1,1
102.0,35.66,2227.0,1578.0,1,182.0,851.1,1,1
89.55,40.56,3188.0,2724.0,1,387.0,767.6,0,1
176.08,16.98,3819.0,3855.0,1,236.0,452.1,1,2
63.2,41.88,3140.0,2691.0,1,346.0,204.2,0,1
18.9,44.11,215.0,273.0,0,1170.0,6.5,0,0
50.06,46.27,1439.0,1952.0,0,3201.0,49.6,0,1
172.88,11.47,3975.0,3751.0,1,319.0,371.9,0,2
175.9,22.34,3490.0,3723.0,1,273.0,476.4,1,2
19.83,56.49,105.0,221.0,0,950.0,2.5,0,0
133.67,5.53,3535.0,3350.0,1,141.0,482.1,1,2
53.65,45.62,1730.0,1790.0,0,1067.0,63.6,1,1
34.59,65.76,900.0,137.0,0,1133.0,62.9,1,0
94.03,33.23,4060.0,3343.0,1,51.0,380.5,1,2
51.45,57.6,717.0,284.0,0,2665.0,52.1,1,0
134.47,31.39,3490.0,3904.0,1,229.0,676.4,1,2
24.7,62.71,68.0,30.0,0,1850.0,43.4,1,0
75.8,33.03,2855.0,2929.0,1,129.0,498.0,0,1
61.29,89.27,1882.0,9.0,0,1367.0,20.1,1,0
59.23,20.03,1778.0,1591.0,0,2491.0,53.2,0,1
65.95,31.36,3219.0,2579.0,1,307.0,814.0,1,1
57.37,77.98,780.0,72.0,0,2134.0,79.7,1,0
170.94,33.63,3487.0,2885.0,1,306.0,377.1,1,2
104.59,44.0,2695.0,1880.0,0,2567.0,19.3,1,1
20.77,59.08,107.0,101.0,0,3475.0,75.3,1,0
53.8,70.3,946.0,424.0,0,2202.0,17.2,1,0
61.28,59.91,618.0,432.0,0,2312.0,58.7,1,0
21.17,50.85,22.0,282.0,0,3777.0,15.2,1,0
84.92,30.21,2021.0,1916.0,0,3440.0,56.2,1,1
47.7,75.83,1551.0,166.0,0,1153.0,15.9,1,0
179.18,25.64,3787.0,3716.0,1,342.0,778.6,1,2
42.24,29.26,1218.0,1183.0,0,3661.0,66.6,1,1
29.99,46.65,99.0,78.0,0,3202.0,56.1,0,0
21.08,54.31,269.0,308.0,0,2996.0,55.7,0,0
51.54,22.44,2136.0,2865.0,0,2171.0,4.3,0,1
64.85,11.87,2565.0,2412.0,0,1595.0,28.8,0,1
69.32,29.07,2487.0,1130.0,0,3652.0,60.5,1,1
137.49,27.26,3952.0,2501.0,1,390.0,881.7,0,2
183.29,13.62,2878.0,2721.0,1,357.0,876.0,1,2
47.16,64.11,628.0,282.0,0,1390.0,1.3,1,0
18.11,57.9,58.0,165.0,0,3561.0,58.0,1,0
80.6,34.9,2056.0,1501.0,0,2642.0,13.7,0,1
70.69,15.16,1975.0,1980.0,0,1930.0,54.3,1,1
66.43,29.54,1953.0,2328.0,1,290.0,798.1,1,1
58.71,34.9,2875.0,2948.0,1,128.0,226.4,1,1
22.57,54.37,33.0,309.0,0,2485.0,29.5,0,0
154.32,9.06,3327.0,2779.0,1,287.0,886.1,0,2
76.68,38.26,1149.0,1552.0,0,1058.0,56.8,0,1
134.87,21.65,3425.0,3776.0,1,139.0,651.4,1,2
24.4,42.46,10.0,317.0,0,1990.0,26.0,1,0
82.28,33.9,2346.0,2384.0,0,3465.0,40.8,0,1
79.33,16.08,2439.0,1837.0,1,92.0,624.4,1,1
19.47,51.84,292.0,106.0,0,1287.0,7.2,1,0
71.15,36.1,2561.0,2156.0,0,1205.0,5.8,0,1
193.43,11.24,2857.0,2519.0,1,376.0,816.9,0,2
24.09,57.87,119.0,260.0,0,3512.0,1.8,0,0
95.81,13.44,2851.0,2878.0,0,3188.0,75.0,1,1
107.81,17.3,3817.0,3192.0,1,298.0,490.3,0,2
48.65,56.38,1648.0,491.0,0,2592.0,66.8,1,0
163.2,26.68,3338.0,3300.0,1,289.0,394.9,1,2
59.7,14.76,3361.0,2218.0,0,2470.0,10.0,0,1
187.42,32.52,2916.0,3437.0,1,299.0,834.7,0,2
73.69,26.77,1945.0,2572.0,0,1743.0,32.4,1,1
32.57,68.03,610.0,372.0,0,2250.0,29.9,1,0
151.71,16.27,3609.0,3335.0,1,251.0,259.2,1,2
124.08,21.82,3783.0,2701.0,1,363.0,242.5,1,2
52.39,36.7,1558.0,1318.0,0,3076.0,51.8,0,1
64.64,25.34,1281.0,1918.0,1,299.0,346.9,1,1
52.88,37.99,888.0,1929.0,0,3617.0,33.8,0,1
62.14,26.89,2195.0,2008.0,0,3105.0,29.2,1,1
89.3,31.21,1346.0,1777.0,0,3361.0,63.9,0,1
19.3,35.01,141.0,39.0,0,1679.0,50.8,1,0
64.21,53.61,1631.0,1161.0,1,63.0,836.8,0,1
18.08,61.86,275.0,290.0,0,3381.0,26.0,0,0
35.99,83.11,2103.0,86.0,0,929.0,44.7,1,0
42.83,26.4,2223.0,1503.0,0,3670.0,75.7,0,1
20.66,61.06,16.0,68.0,0,2297.0,34.8,0,0
182.83,33.7,3587.0,2952.0,1,58.0,454.8,0,2
38.12,58.11,1555.0,90.0,0,1716.0,72.5,1,0
45.18,71.55,1376.0,28.0,0,1984.0,39.3,1,0
56.83,35.94,2715.0,2122.0,0,2891.0,13.1,1,1
25.23,46.6,272.0,370.0,0,2476.0,0.6,1,0
78.6,46.74,1378.0,1230.0,0,3116.0,50.8,1,1
81.02,36.02,1341.0,1983.0,0,1162.0,62.2,1,1
150.47,26.86,3814.0,2697.0,1,185.0,693.9,0,2
63.96,37.75,2358.0,2382.0,0,932.0,28.4,1,1
83.71,30.93,2154.0,1672.0,1,321.0,586.1,0,1
54.33,40.97,1433.0,1419.0,0,1359.0,58.3,1,1
27.22,56.86,52.0,371.0,0,1249.0,16.6,0,0
58.36,43.31,3145.0,1763.0,1,324.0,737.6,0,1
48.63,82.93,1812.0,216.0,0,2695.0,55.1,1,0
25.37,41.0,185.0,336.0,0,3742.0,55.9,0,0
69.97,44.18,2303.0,2944.0,0,3669.0,54.3,0,1
26.86,61.22,99.0,32.0,0,943.0,48.1,0,0
68.88,33.66,2621.0,2396.0,1,195.0,346.3,1,1
62.58,15.99,2173.0,1626.0,1,303.0,242.7,0,1
80.0,24.68,1744.0,813.0,0,2298.0,19.9,1,1
50.44,88.25,720.0,201.0,0,2410.0,26.4,1,0
152.31,26.82,2857.0,3617.0,1,170.0,295.6,1,2
25.69,48.79,134.0,12.0,0,2750.0,15.0,0,0
47.58,85.39,1052.0,374.0,0,1308.0,67.5,1,0
46.7,39.17,2137.0,1445.0,0,3493.0,45.5,0,1
87.97,31.07,2244.0,2918.0,1,336.0,751.5,0,1
107.13,12.24,1509.0,2603.0,1,386.0,813.5,1,1
54.22,33.88,1910.0,2606.0,0,1494.0,17.6,0,1
38.43,68.32,1587.0,294.0,0,3311.0,45.6,1,0
124.91,33.0,3005.0,3762.0,1,247.0,864.5,1,2
109.17,20.64,3089.0,2889.0,1,159.0,272.0,1,2
54.09,11.05,3376.0,2029.0,0,3258.0,51.2,0,1
31.01,72.98,949.0,307.0,0,1513.0,21.4,1,0
71.08,23.53,1902.0,2204.0,0,987.0,53.2,1,1
64.33,37.28,1280.0,969.0,0,3798.0,52.5,1,1
37.63,64.48,1584.0,95.0,0,1656.0,31.5,1,0
24.69,39.23,99.0,65.0,0,1594.0,18.5,0,0
40.14,82.35,1197.0,113.0,0,3710.0,62.6,1,0
47.14,78.92,1366.0,319.0,0,1584.0,31.0,1,0
21.13,40.43,214.0,255.0,0,2308.0,61.2,1,0
48.83,26.51,1463.0,1222.0,0,1881.0,5.3,1,1
44.0,62.56,955.0,261.0,0,2745.0,25.0,1,0
78.86,42.0,1971.0,2488.0,0,2671.0,19.4,1,1
19.28,41.96,218.0,286.0,0,1581.0,24.3,0,0
49.57,76.58,1877.0,120.0,0,1874.0,52.4,1,0
125.51,11.3,3042.0,3314.0,1,70.0,245.8,0,2
54.08,75.34,637.0,464.0,0,2988.0,65.8,1,0
94.21,16.64,1867.0,2655.0,1,262.0,390.4,0,1
55.62,19.13,2353.0,1793.0,0,1969.0,75.0,1,1
56.62,27.99,1687.0,898.0,0,1231.0,37.9,0,1
94.34,20.18,2791.0,2467.0,1,160.0,607.8,1,1
48.92,28.21,2253.0,1788.0,0,2486.0,7.4,0,1
28.32,67.11,1171.0,297.0,0,2244.0,65.9,1,0
35.32,65.35,733.0,73.0,0,1259.0,1.8,1,0
49.61,81.65,1871.0,18.0,0,3672.0,75.6,1,0
54.12,21.38,875.0,1194.0,0,1844.0,35.2,0,1
109.41,27.65,3117.0,1978.0,0,3629.0,77.8,1,1
57.64,60.39,822.0,491.0,0,1571.0,17.1,1,0
19.83,62.67,280.0,384.0,0,2313.0,16.5,1,0
24.45,36.16,290.0,14.0,0,2827.0,5.1,1,0
43.79,80.75,1472.0,432.0,0,1148.0,42.1,1,0
57.73,19.83,3093.0,2328.0,1,207.0,223.5,0,1
41.11,84.41,2047.0,39.0,0,811.0,3.9,1,0
168.67,20.65,3475.0,2610.0,1,65.0,766.8,1,2
95.01,31.67,3075.0,2845.0,1,174.0,339.4,0,2
172.88,26.04,3448.0,2980.0,1,54.0,707.5,0,2
29.24,46.26,99.0,98.0,0,2970.0,45.3,1,0
68.84,40.18,1651.0,1579.0,1,158.0,520.2,1,1
80.27,24.72,3328.0,2480.0,0,2266.0,34.5,1,1
61.47,74.92,1579.0,198.0,0,1142.0,47.4,1,0
45.55,28.72,1808.0,1437.0,0,2068.0,15.0,1,1
21.88,64.45,57.0,77.0,0,2326.0,42.9,1,0
78.95,37.97,1356.0,1604.0,0,2021.0,48.0,0,1
28.9,89.35,1895.0,267.0,0,1954.0,8.9,1,0
88.15,51.16,1311.0,1986.0,0,1020.0,44.3,0,1
29.43,57.62,1548.0,225.0,0,2040.0,61.9,1,0
136.02,7.04,3075.0,2800.0,1,97.0,836.0,1,2
177.27,25.02,3419.0,3777.0,1,340.0,489.6,1,2
49.68,83.41,1295.0,320.0,0,3520.0,47.3,1,0
57.01,86.61,1777.0,264.0,0,1198.0,10.7,1,0
68.51,32.7,1043.0,1453.0,0,3370.0,46.3,1,1
72.58,29.45,1729.0,1765.0,1,292.0,861.1,1,1
58.55,48.58,1923.0,874.0,0,1389.0,20.1,0,1
58.86,26.75,1756.0,2807.0,0,2237.0,55.3,1,1
26.4,61.21,16.0,215.0,0,1744.0,20.9,0,0
27.85,58.09,198.0,70.0,0,1660.0,55.6,0,0
71.01,33.72,1960.0,1521.0,0,1672.0,76.3,0,1
26.42,45.84,196.0,66.0,0,2799.0,43.9,1,0
194.86,6.73,3170.0,2881.0,1,370.0,713.0,1,2
176.04,31.64,4014.0,2967.0,1,275.0,770.4,1,2
35.89,86.22,1098.0,496.0,0,1663.0,75.7,1,0
19.55,51.66,279.0,393.0,0,2528.0,64.2,0,0
108.18,17.37,3171.0,3395.0,1,267.0,707.4,1,2
55.54,74.35,1468.0,410.0,0,2896.0,3.1,1,0
50.48,59.96,737.0,348.0,0,3269.0,11.3,1,0
29.74,38.79,80.0,28.0,0,958.0,67.6,1,0
67.24,21.2,1476.0,1902.0,0,1256.0,64.3,0,1
79.84,14.58,3176.0,2440.0,0,2408.0,41.8,0,1
28.8,50.74,123.0,92.0,0,1585.0,25.0,0,0
88.75,41.75,1347.0,1447.0,0,2794.0,45.2,0,1
44.99,42.76,1319.0,1228.0,1,347.0,413.4,1,1
28.27,46.52,194.0,150.0,0,1314.0,73.8,0,0
95.03,29.44,3896.0,3858.0,1,270.0,460.9,1,2
66.74,44.1,1614.0,1987.0,0,2020.0,9.1,1,1
56.78,43.6,1792.0,1831.0,0,3671.0,3.3,1,1
41.43,62.63,1273.0,310.0,0,2507.0,27.8,1,0
45.11,63.4,1769.0,495.0,0,3536.0,78.7,1,0
111.02,24.42,2897.0,2720.0,1,348.0,429.4,0,2
28.08,72.22,1751.0,284.0,0,1932.0,66.4,1,0
32.63,72.27,1856.0,67.0,0,2981.0,41.5,1,0
103.5,24.04,2993.0,2511.0,0,2708.0,47.0,0,1
46.06,63.21,1305.0,196.0,0,3658.0,43.2,1,0
26.19,44.25,218.0,279.0,0,2175.0,15.3,0,0
89.35,37.47,1622.0,1496.0,0,2918.0,16.9,0,1
177.53,18.24,3543.0,3696.0,1,124.0,227.4,0,2
58.1,39.89,1286.0,1324.0,0,1486.0,19.2,1,1
93.99,33.27,1638.0,2500.0,0,3788.0,60.0,0,1
165.45,19.37,3650.0,3460.0,1,208.0,769.6,0,2
175.38,28.09,2892.0,2987.0,1,373.0,830.0,0,2
127.65,19.8,3338.0,2721.0,1,227.0,491.2,0,2
23.82,53.34,201.0,285.0,0,3373.0,40.0,1,0
56.75,31.89,2459.0,1547.0,0,3245.0,46.5,1,1
107.3,19.34,2107.0,1659.0,0,2887.0,22.3,0,1
69.05,44.83,1633.0,926.0,0,2339.0,8.2,1,1
66.1,27.15,1722.0,1816.0,0,2389.0,49.5,0,1
29.48,58.31,34.0,268.0,0,1523.0,0.8,0,0
192.14,10.1,3063.0,2698.0,1,186.0,458.4,1,2
21.83,55.63,77.0,144.0,0,1261.0,73.6,1,0
29.51,57.92,40.0,117.0,0,3788.0,21.7,0,0
125.34,32.93,3945.0,3326.0,1,381.0,862.4,0,2
89.07,30.0,3267.0,2465.0,0,1148.0,38.3,1,1
30.54,66.64,1579.0,262.0,0,1048.0,6.8,1,0
150.82,22.59,3317.0,3099.0,1,388.0,824.4,0,2
86.57,54.51,853.0,1412.0,0,2223.0,48.4,0,1
82.63,27.76,3166.0,2633.0,0,1713.0,58.8,1,1
59.22,74.83,1401.0,348.0,0,3669.0,28.0,1,0
99.29,22.71,2978.0,2144.0,0,2677.0,57.5,0,1
54.33,72.43,1902.0,488.0,0,1832.0,35.8,1,0
87.61,24.59,1270.0,1532.0,1,135.0,393.5,0,1
110.86,22.47,3519.0,2807.0,1,57.0,811.7,0,2
128.18,8.89,3458.0,3693.0,1,152.0,482.0,0,2
28.71,41.23,73.0,353.0,0,2617.0,53.6,1,0
44.04,50.35,1137.0,1314.0,0,1737.0,76.4,1,1
62.58,83.8,697.0,254.0,0,3053.0,78.1,1,0
88.64,24.81,3035.0,2900.0,1,253.0,776.5,0,1
36.16,83.93,1805.0,242.0,0,2477.0,1.0,1,0
91.33,20.89,2973.0,3591.0,1,273.0,598.5,1,2
37.38,59.73,1815.0,9.0,0,2794.0,44.2,1,0
115.69,10.78,3909.0,2610.0,1,178.0,788.4,0,2
22.37,52.6,123.0,7.0,0,2482.0,32.9,1,0
55.5,44.97,1633.0,1601.0,0,2346.0,48.7,1,1
21.09,62.2,161.0,172.0,0,2637.0,56.6,0,0
34.51,74.02,1172.0,6.0,0,3102.0,24.6,1,0
113.2,5.27,3012.0,3399.0,1,384.0,766.0,0,2
68.31,38.18,2481.0,1403.0,0,1129.0,32.8,1,1
82.38,53.36,2355.0,897.0,0,1228.0,2.7,0,1
21.03,61.33,119.0,231.0,0,1676.0,77.0,1,0
139.17,24.81,3453.0,3689.0,1,302.0,865.3,1,2
64.45,28.59,2276.0,2888.0,0,3024.0,71.6,0,1
81.45,39.9,3248.0,1525.0,0,2913.0,36.3,1,1
86.34,38.08,3296.0,2593.0,0,3528.0,60.8,0,1
97.24,32.99,3431.0,2781.0,1,288.0,578.3,0,2
171.62,28.13,3667.0,3683.0,1,264.0,705.6,1,2
74.88,54.38,1714.0,1590.0,0,3422.0,17.2,1,1
27.39,52.0,151.0,257.0,0,3164.0,67.5,0,0
113.64,12.6,3841.0,3059.0,1,321.0,330.5,1,2
91.5,20.26,3127.0,2843.0,0,3662.0,58.6,1,1
84.54,29.26,2032.0,1621.0,0,1521.0,15.5,1,1
26.74,54.74,22.0,323.0,0,2831.0,57.2,1,0
52.25,80.65,1315.0,471.0,0,2170.0,21.3,1,0
99.72,31.87,2086.0,1795.0,0,2925.0,74.2,0,1
70.99,40.44,1890.0,2283.0,0,1439.0,73.0,1,1
43.92,23.43,954.0,1117.0,0,2077.0,0.6,0,1
36.92,78.17,1452.0,205.0,0,2654.0,19.5,1,0
135.62,14.72,3781.0,3334.0,1,61.0,858.2,1,2
45.53,52.27,1212.0,1967.0,0,1179.0,12.1,0,1
27.72,40.71,114.0,105.0,0,982.0,52.7,1,0
48.06,71.44,1772.0,103.0,0,1951.0,59.4,1,0
186.18,7.84,3615.0,3677.0,1,109.0,732.8,1,2
18.66,53.72,33.0,86.0,0,1465.0,30.4,1,0
161.2,8.94,3602.0,2955.0,1,376.0,280.8,0,2
182.59,13.97,3331.0,2618.0,1,342.0,785.7,1,2
52.48,21.16,2230.0,1198.0,0,1866.0,55.1,0,1
69.52,28.98,1220.0,821.0,1,216.0,270.1,1,1
150.76,29.17,2955.0,2860.0,1,187.0,614.7,0,2
186.14,23.24,3645.0,3749.0,1,285.0,685.7,1,2
121.5,23.32,3054.0,3996.0,1,75.0,316.3,0,2
30.38,70.56,1743.0,250.0,0,2000.0,8.7,1,0
30.49,56.35,2153.0,262.0,0,1667.0,43.1,1,0
172.65,27.55,3375.0,3992.0,1,302.0,411.5,1,2
166.51,33.43,3485.0,2976.0,1,111.0,832.8,0,2
40.48,56.39,1605.0,439.0,0,2053.0,48.7,1,0
96.75,44.06,2738.0,2407.0,0,3329.0,24.6,1,1
76.68,11.06,1873.0,2100.0,0,881.0,1.9,1,1
191.26,5.79,3827.0,3061.0,1,327.0,744.3,1,2
52.83,35.54,2381.0,888.0,0,2277.0,57.1,1,1
95.27,21.06,2681.0,2267.0,1,53.0,561.7,0,1
36.21,64.55,990.0,476.0,0,1088.0,73.0,1,0
24.18,39.02,110.0,195.0,0,1529.0,8.1,1,0
76.64,17.19,2278.0,2120.0,0,2914.0,45.6,1,1
98.69,29.94,2604.0,1647.0,0,1220.0,49.1,0,1
57.1,87.21,1534.0,60.0,0,3620.0,64.6,1,0
59.12,28.63,2986.0,1696.0,0,3377.0,50.6,1,1
94.35,13.21,1836.0,1949.0,1,236.0,574.2,0,1
23.65,41.59,22.0,28.0,0,1593.0,53.1,0,0
28.84,64.94,683.0,370.0,0,3097.0,74.6,1,0
97.91,13.67,3421.0,1632.0,1,234.0,480.6,0,1
24.48,38.03,284.0,376.0,0,957.0,44.7,0,0
86.81,20.69,1980.0,1518.0,0,1931.0,59.3,0,1
32.14,87.18,1263.0,193.0,0,2225.0,23.9,1,0
61.15,53.3,2438.0,1969.0,0,3422.0,42.7,0,1
30.48,84.54,1812.0,184.0,0,1582.0,9.5,1,0
176.63,18.69,3699.0,3801.0,1,74.0,228.9,0,2
20.3,52.74,150.0,281.0,0,1625.0,75.4,1,0
74.54,30.29,2621.0,2163.0,0,2548.0,37.6,1,1
170.85,5.76,3099.0,4089.0,1,72.0,655.1,0,2
28.1,40.16,85.0,117.0,0,3125.0,55.2,0,0
84.63,22.02,2961.0,2110.0,1,79.0,415.8,0,1
64.87,61.4,1172.0,311.0,0,3088.0,67.1,1,0
77.52,52.03,1363.0,1414.0,0,1801.0,33.4,0,1
63.63,60.33,909.0,240.0,0,1903.0,65.5,1,0
53.5,51.88,1740.0,1724.0,0,1403.0,79.9,0,1
85.6,34.48,2981.0,2712.0,0,2452.0,34.3,1,1
59.99,53.79,2394.0,1752.0,0,2502.0,23.2,0,1
67.48,19.03,1835.0,1729.0,0,1354.0,0.6,1,1
173.71,28.65,3626.0,2962.0,1,55.0,365.9,1,2
80.48,52.98,2158.0,1954.0,1,255.0,801.9,1,1
64.09,73.56,1059.0,435.0,0,2372.0,57.4,1,0
53.09,21.26,1654.0,2334.0,0,1792.0,6.3,0,1
18.26,53.65,72.0,247.0,0,2691.0,34.5,0,0
48.04,75.43,1352.0,142.0,0,2404.0,42.7,1,0
22.68,60.95,252.0,328.0,0,1299.0,55.8,0,0
28.94,55.11,30.0,309.0,0,2529.0,1.1,0,0
174.09,5.45,3075.0,3290.0,1,296.0,623.3,1,2
61.97,17.23,2977.0,2940.0,0,980.0,37.4,0,1
49.68,37.63,2426.0,1961.0,0,3707.0,48.2,1,1
89.62,31.59,1612.0,1849.0,1,87.0,740.5,1,1
66.93,37.22,2152.0,1357.0,0,1776.0,16.1,1,1
52.12,46.11,2475.0,1313.0,0,2764.0,41.3,1,1
101.27,40.18,3045.0,2449.0,1,196.0,542.4,0,1
26.68,49.76,203.0,108.0,0,3703.0,45.0,0,0
24.69,52.59,153.0,394.0,0,2852.0,29.6,1,0
62.37,43.06,1207.0,1701.0,0,998.0,24.3,1,1
63.77,73.01,1390.0,484.0,0,1025.0,67.4,1,0
175.2,5.68,3658.0,2892.0,1,163.0,276.6,0,2
66.1,32.32,1031.0,1517.0,0,3281.0,58.9,0,1
54.53,37.35,1159.0,1972.0,0,2666.0,7.3,0,1
64.28,37.8,1390.0,894.0,0,1284.0,47.0,1,1
166.6,28.3,3252.0,3299.0,1,170.0,514.8,0,2
99.3,14.3,2964.0,2967.0,0,2347.0,30.7,0,1
44.0,72.02,664.0,292.0,0,1044.0,45.6,1,0
177.75,24.03,2899.0,2788.0,1,116.0,330.7,1,2
86.09,16.98,1661.0,2774.0,0,3609.0,13.0,0,1
51.45,63.24,1706.0,467.0,0,927.0,74.0,1,0
84.99,39.09,1697.0,1762.0,0,2056.0,20.5,1,1
46.38,66.77,1889.0,282.0,0,2175.0,16.1,1,0
33.89,81.46,602.0,292.0,0,1347.0,0.6,1,0
22.34,44.87,253.0,145.0,0,2891.0,73.7,1,0
78.61,35.72,1152.0,1161.0,0,3491.0,29.0,0,1
56.06,44.83,1148.0,1593.0,0,2515.0,63.3,1,1
151.54,8.25,3738.0,3241.0,1,142.0,264.8,1,2
89.57,32.32,982.0,1536.0,0,2619.0,7.3,0,1
64.46,54.15,2074.0,1572.0,0,3117.0,1.7,1,1
25.96,61.26,27.0,276.0,0,2275.0,47.0,1,0
49.78,89.44,969.0,1.0,0,3323.0,11.9,1,0
166.54,14.78,3701.0,2781.0,1,202.0,830.3,1,2
52.94,38.16,1553.0,1947.0,0,900.0,13.8,0,1
132.73,18.07,3605.0,2990.0,1,388.0,591.9,1,2
136.96,12.14,3006.0,3332.0,1,172.0,309.5,1,2
179.49,13.08,3758.0,2679.0,1,360.0,887.5,1,2
185.14,13.78,3138.0,3802.0,1,102.0,336.2,0,2
180.22,22.52,3159.0,3162.0,1,380.0,868.2,0,2
112.2,5.15,3867.0,2980.0,1,331.0,731.2,0,2
30.85,56.44,1582.0,328.0,0,2434.0,68.7,1,0
108.8,33.19,2665.0,1599.0,0,1615.0,41.2,0,1
40.19,23.03,1105.0,923.0,0,2492.0,8.4,0,1
23.86,43.66,207.0,362.0,0,2962.0,39.1,0,0
23.81,51.82,158.0,389.0,0,3541.0,45.6,0,0
68.96,30.31,3158.0,2200.0,0,827.0,78.5,1,1
87.95,28.12,1844.0,1738.0,0,886.0,22.5,1,1
149.12,27.19,3420.0,2840.0,1,368.0,501.4,1,2
36.15,65.3,1600.0,270.0,0,3113.0,2.1,1,0
76.76,31.67,2759.0,2652.0,0,3717.0,32.8,1,1
85.83,40.92,2086.0,1911.0,0,3050.0,12.0,0,1
58.57,59.49,837.0,102.0,0,844.0,53.4,1,0
19.7,53.53,297.0,363.0,0,3072.0,22.7,1,0
56.72,59.87,1563.0,29.0,0,2893.0,33.0,1,0
51.09,35.26,1700.0,1428.0,0,3655.0,67.7,0,1
52.91,30.05,2447.0,1515.0,0,2120.0,25.3,1,1
69.12,53.88,2478.0,1924.0,0,1476.0,27.1,1,1
62.58,52.32,1017.0,1453.0,0,1221.0,30.3,1,1
32.51,66.98,1641.0,213.0,0,1997.0,19.0,1,0
60.07,76.87,1833.0,67.0,0,1606.0,56.6,1,0
47.64,62.81,1130.0,42.0,0,3096.0,15.2,1,0
27.5,48.32,41.0,269.0,0,967.0,24.5,0,0
174.02,20.9,3056.0,2881.0,1,376.0,529.3,1,2
30.69,64.0,1945.0,144.0,0,3736.0,3.5,1,0
29.74,41.41,36.0,295.0,0,3259.0,37.8,0,0
136.77,5.53,2864.0,4049.0,1,236.0,639.1,1,2
188.41,11.03,3168.0,2728.0,1,300.0,823.9,1,2
186.08,26.22,3779.0,2649.0,1,318.0,594.7,1,2
29.99,40.87,59.0,134.0,0,904.0,5.5,0,0
184.11,22.25,3681.0,3551.0,1,239.0,575.2,1,2
47.37,53.78,1834.0,1369.0,0,3526.0,62.8,1,1
72.08,20.18,2854.0,2671.0,0,1346.0,20.6,0,1
117.84,21.64,3919.0,3858.0,1,208.0,731.4,1,2
102.54,35.83,1740.0,1603.0,0,3098.0,25.3,1,1
50.86,44.63,2149.0,1734.0,1,311.0,847.4,0,1
39.84,84.26,1057.0,189.0,0,3284.0,48.0,1,0
26.41,54.67,169.0,258.0,0,1784.0,55.7,1,0
195.73,26.3,3571.0,3869.0,1,109.0,822.5,0,2
56.3,60.02,1967.0,24.0,0,3133.0,47.7,1,0
31.65,71.81,2195.0,332.0,0,3352.0,5.1,1,0
108.86,26.43,3670.0,3570.0,1,359.0,595.6,1,2
102.63,28.16,2822.0,3580.0,1,125.0,287.0,0,2
75.43,29.98,2038.0,870.0,0,3154.0,38.8,0,1
23.93,43.73,57.0,158.0,0,1775.0,33.5,1,0
105.41,20.69,2521.0,1505.0,0,1347.0,73.4,0,1
23.26,64.45,118.0,23.0,0,2601.0,20.3,1,0
26.95,63.42,139.0,146.0,0,1393.0,40.9,0,0
59.05,12.87,2326.0,2052.0,1,88.0,425.0,1,1
119.29,23.26,3367.0,3162.0,1,303.0,550.4,1,2
41.94,81.6,819.0,118.0,0,1664.0,77.4,1,0
41.94,59.01,1281.0,328.0,0,1220.0,29.6,1,0
37.3,87.37,1205.0,430.0,0,1343.0,40.8,1,0
109.92,26.24,1629.0,2314.0,0,1290.0,17.4,1,1
111.25,23.23,3145.0,2877.0,1,207.0,325.5,0,2
29.21,48.61,137.0,151.0,0,3681.0,25.5,1,0
36.82,70.21,835.0,265.0,0,1687.0,35.5,1,0
53.11,15.42,2741.0,1557.0,0,1441.0,43.7,0,1
38.67,82.1,946.0,215.0,0,3792.0,62.9,1,0
26.16,64.85,205.0,20.0,0,3424.0,73.0,0,0
19.1,36.83,96.0,31.0,0,1590.0,29.4,0,0
26.73,39.52,261.0,281.0,0,1680.0,54.4,1,0
69.38,40.39,2358.0,2814.0,0,834.0,20.6,0,1
47.59,71.62,1566.0,329.0,0,2963.0,20.7,1,0
72.13,16.65,3436.0,2083.0,0,3273.0,74.3,1,1
47.45,44.98,2334.0,1051.0,0,912.0,52.4,0,1
45.27,29.53,1193.0,1285.0,0,1476.0,34.1,0,1
33.98,81.73,1985.0,4.0,0,3575.0,23.7,1,0
103.52,30.29,1562.0,2627.0,0,3433.0,24.3,1,1
165.39,34.72,3384.0,2719.0,1,347.0,858.1,0,2
28.16,84.74,1535.0,55.0,0,1688.0,50.4,1,0
40.6,57.11,1277.0,141.0,0,3714.0,76.9,1,0
151.62,22.42,3715.0,3531.0,1,336.0,653.8,1,2
84.69,15.18,2472.0,2808.0,0,1716.0,72.9,1,1
24.97,37.55,74.0,180.0,0,3268.0,68.6,0,0
29.72,58.1,86.0,76.0,0,2275.0,23.6,1,0
120.31,11.81,3097.0,3516.0,1,211.0,542.7,1,2
197.21,7.8,3909.0,3530.0,1,84.0,827.1,0,2
51.05,23.38,1732.0,1622.0,0,1618.0,21.4,0,1
42.29,40.15,1626.0,1548.0,1,398.0,316.2,0,1
136.23,24.84,2925.0,3085.0,1,271.0,753.4,1,2
85.69,21.1,1611.0,2133.0,0,1038.0,6.0,0,1
89.36,53.39,1678.0,1449.0,0,1862.0,68.7,0,1
63.46,69.37,1131.0,308.0,0,3556.0,7.5,1,0
165.42,5.19,3882.0,3197.0,1,139.0,360.6,0,2
19.6,44.9,103.0,337.0,0,2800.0,43.2,1,0
102.32,19.75,2081.0,2141.0,0,3574.0,28.4,1,1
84.19,28.71,1109.0,1527.0,0,2463.0,49.5,0,1
98.31,26.44,3172.0,4095.0,1,165.0,652.6,1,2
81.89,34.25,1290.0,895.0,0,3771.0,56.1,1,1
29.08,69.81,1215.0,159.0,0,2201.0,57.6,1,0
166.96,17.2,3292.0,4074.0,1,208.0,217.6,1,2
194.53,19.24,2952.0,4010.0,1,235.0,360.9,1,2
96.08,30.79,2834.0,2767.0,1,331.0,699.3,1,1
59.46,46.99,1618.0,1679.0,0,3243.0,37.8,0,1
80.26,26.74,1845.0,1562.0,0,1387.0,60.0,1,1
70.19,11.35,2421.0,2689.0,1,339.0,335.5,0,1
120.72,27.6,3302.0,4076.0,1,334.0,796.1,1,2
42.74,76.9,1865.0,147.0,0,3568.0,43.7,1,0
82.33,20.49,1073.0,1928.0,0,2284.0,7.1,0,1
188.88,19.16,3043.0,3807.0,1,325.0,525.9,0,2
87.42,33.37,2069.0,1603.0,0,1330.0,58.1,0,1
24.25,52.54,274.0,381.0,0,3465.0,12.3,1,0
106.44,10.17,1841.0,2072.0,0,1997.0,72.5,0,1
141.89,8.06,3678.0,3151.0,1,216.0,503.3,0,2
145.61,29.46,3593.0,3538.0,1,152.0,299.6,1,2
19.5,55.01,172.0,343.0,0,1827.0,48.0,1,0
56.52,30.24,920.0,1602.0,1,66.0,811.8,0,1
65.95,45.33,1051.0,887.0,0,3660.0,47.9,0,1
62.44,83.73,2148.0,321.0,0,2738.0,17.4,1,0
43.39,49.5,2349.0,1428.0,0,1491.0,10.1,0,1
101.83,18.66,3414.0,2601.0,0,3066.0,6.8,0,1
60.35,77.71,2015.0,338.0,0,2321.0,33.7,1,0
23.01,50.16,134.0,315.0,0,3664.0,1.3,1,0
47.99,22.57,2448.0,1501.0,0,1703.0,69.1,1,1
55.36,68.52,1286.0,160.0,0,3599.0,62.5,1,0
176.8,8.45,3353.0,4092.0,1,200.0,647.1,1,2
51.07,40.89,1813.0,1542.0,1,73.0,825.4,1,1
24.44,46.1,150.0,233.0,0,1279.0,73.5,0,0
22.01,55.67,91.0,348.0,0,1146.0,21.9,0,0
63.28,78.86,1866.0,356.0,0,845.0,35.0,1,0
19.17,42.59,36.0,398.0,0,1269.0,23.6,1,0
48.68,71.23,1401.0,125.0,0,1682.0,62.7,1,0
133.68,26.71,3401.0,3585.0,1,334.0,586.7,0,2
26.63,46.53,176.0,212.0,0,2058.0,6.7,0,0
60.98,55.09,759.0,7.0,0,1845.0,57.8,1,0
107.22,32.4,2804.0,2223.0,0,898.0,66.2,1,1
82.14,31.05,1178.0,1586.0,0,2557.0,39.2,1,1
142.33,17.5,3149.0,3692.0,1,295.0,865.2,1,2
28.41,56.73,274.0,270.0,0,2895.0,18.8,1,0
105.82,26.92,2488.0,2655.0,0,3697.0,11.0,0,1
59.04,18.41,2332.0,2029.0,0,1426.0,56.8,0,1
46.2,83.55,1831.0,434.0,0,3452.0,74.7,1,0
29.68,63.19,36.0,117.0,0,1158.0,8.6,0,0
107.49,17.58,1788.0,2209.0,0,1518.0,47.4,1,1
51.79,83.58,1645.0,86.0,0,1070.0,37.3,1,0
28.86,60.85,63.0,158.0,0,2876.0,24.0,0,0
58.5,23.93,916.0,1823.0,0,1929.0,5.2,0,1
54.34,77.65,948.0,423.0,0,2573.0,38.7,1,0
179.91,14.43,2999.0,3473.0,1,259.0,658.1,1,2
70.52,43.31,2222.0,1491.0,0,1286.0,78.9,1,1
21.4,53.31,171.0,211.0,0,999.0,32.3,1,0
99.53,43.57,2128.0,2823.0,0,1046.0,71.4,0,1
24.67,36.87,249.0,60.0,0,1184.0,26.0,1,0
47.75,84.05,1936.0,208.0,0,2108.0,5.5,1,0
99.25,33.31,2598.0,2704.0,1,288.0,200.9,1,1
34.98,82.48,1198.0,202.0,0,2262.0,69.6,1,0
57.38,22.38,2402.0,1537.0,1,148.0,892.8,1,1
76.36,26.27,1766.0,2768.0,0,1305.0,58.2,0,1
54.35,41.6,3213.0,2336.0,0,3252.0,18.2,1,1
30.41,79.7,1156.0,218.0,0,1546.0,23.2,1,0
85.78,49.96,957.0,939.0,0,2227.0,72.1,1,1
26.51,57.77,113.0,326.0,0,2665.0,52.8,1,0
22.01,51.14,20.0,181.0,0,2400.0,2.5,0,0
55.7,20.94,2096.0,2532.0,1,231.0,463.7,0,1
126.76,31.93,3542.0,2711.0,1,233.0,789.6,0,2
42.76,77.0,753.0,493.0,0,1980.0,77.9,1,0
42.66,87.82,1508.0,457.0,0,1165.0,67.6,1,0
38.35,87.35,2117.0,199.0,0,2059.0,20.3,1,0
18.87,51.19,155.0,42.0,0,3382.0,63.4,0,0
91.45,30.42,2968.0,2046.0,0,2889.0,48.7,0,1
80.57,37.03,2725.0,2779.0,1,60.0,886.2,0,1
27.66,47.06,254.0,159.0,0,2839.0,36.3,0,0
96.61,41.61,3023.0,2544.0,0,1979.0,3.6,0,1
192.39,25.03,3399.0,3134.0,1,116.0,553.7,0,2
192.01,10.24,3971.0,3839.0,1,332.0,726.2,1,2
40.07,35.09,1276.0,1071.0,0,2623.0,33.5,0,1
55.13,28.33,2314.0,1971.0,0,1164.0,57.2,1,1
81.7,24.61,1721.0,1402.0,0,3022.0,7.8,0,1
41.71,81.74,1248.0,293.0,0,2133.0,33.1,1,0
47.52,59.89,2038.0,304.0,0,2526.0,40.1,1,0
57.84,26.99,2398.0,2316.0,0,2554.0,4.8,1,1
19.12,38.3,199.0,339.0,0,2024.0,73.7,0,0
62.49,66.97,699.0,397.0,0,1852.0,17.3,1,0
51.89,17.4,2437.0,1634.0,1,391.0,408.7,0,1
23.13,42.78,34.0,274.0,0,1106.0,7.5,0,0
103.87,8.53,3633.0,3552.0,1,128.0,519.1,0,2
25.64,41.65,87.0,105.0,0,1432.0,14.5,1,0
133.31,19.29,3388.0,2645.0,1,298.0,512.2,1,2
83.98,44.44,3291.0,2350.0,0,3144.0,21.0,1,1
29.5,64.27,219.0,7.0,0,2041.0,24.4,1,0
109.98,41.76,1912.0,2683.0,0,3350.0,72.5,1,1
56.8,15.66,1995.0,2629.0,0,1475.0,14.4,0,1
170.72,30.49,3572.0,3637.0,1,191.0,391.6,1,2
59.69,31.27,979.0,1514.0,0,3651.0,17.2,1,1
47.25,36.22,1341.0,1806.0,0,1560.0,10.5,1,1
105.4,20.26,2326.0,2511.0,0,1705.0,9.7,0,1
29.98,52.05,60.0,354.0,0,1554.0,23.0,1,0
92.89,42.58,2426.0,2936.0,1,328.0,627.7,1,1
62.62,24.78,1779.0,1483.0,0,2578.0,64.8,1,1
48.21,85.35,1074.0,42.0,0,804.0,14.7,1,0
25.94,61.4,85.0,277.0,0,2753.0,55.3,0,0
35.11,81.64,702.0,203.0,0,2485.0,20.7,1,0
93.28,23.58,2325.0,2028.0,0,2868.0,43.1,1,1
70.87,13.97,2715.0,2095.0,1,53.0,413.7,1,1
107.04,13.07,3854.0,2943.0,1,74.0,487.6,0,2
60.03,20.84,1424.0,985.0,0,3645.0,17.2,1,1
48.18,66.9,1557.0,468.0,0,890.0,0.9,1,0
153.85,5.2,3399.0,3044.0,1,238.0,361.3,1,2
127.42,24.14,3727.0,3813.0,1,125.0,720.2,1,2
21.68,53.09,291.0,225.0,0,3656.0,76.5,0,0
37.84,63.2,1227.0,466.0,0,3758.0,12.8,1,0
24.49,53.53,259.0,91.0,0,2968.0,0.7,0,0
30.33,56.23,1099.0,215.0,0,2681.0,48.2,1,0
18.88,48.7,263.0,335.0,0,2071.0,59.1,0,0
22.78,35.94,245.0,117.0,0,1404.0,30.3,0,0
100.16,28.72,3368.0,2592.0,1,321.0,652.2,0,2
105.76,27.62,2174.0,2228.0,0,1610.0,60.5,0,1
20.18,37.15,295.0,151.0,0,3070.0,36.6,1,0
18.43,50.87,161.0,248.0,0,2449.0,67.9,1,0
26.09,50.87,156.0,201.0,0,1329.0,79.3,1,0
44.64,25.91,1740.0,1446.0,0,1012.0,26.1,1,1
95.59,22.45,3427.0,2526.0,0,2883.0,31.2,1,1
82.95,26.46,1774.0,1344.0,0,3150.0,33.5,1,1
188.81,7.48,3542.0,3166.0,1,207.0,840.0,1,2
44.3,48.06,2444.0,1444.0,0,1094.0,62.2,1,1
38.9,76.82,1633.0,270.0,0,3572.0,70.8,1,0
138.09,25.67,2834.0,3556.0,1,284.0,315.5,1,2
29.71,63.15,296.0,356.0,0,3601.0,51.5,0,0
46.78,70.63,1095.0,283.0,0,2605.0,8.0,1,0
128.7,18.26,2932.0,2611.0,1,244.0,607.5,0,2
57.0,28.52,3366.0,2873.0,0,2740.0,1.9,1,1
50.06,87.68,2067.0,324.0,0,1613.0,12.6,1,0
71.87,10.06,1575.0,2462.0,0,2711.0,28.0,0,1
19.96,54.8,155.0,8.0,0,1054.0,44.2,0,0
67.8,28.11,3141.0,2583.0,0,1458.0,45.6,0,1
167.38,8.66,3698.0,3454.0,1,275.0,768.6,0,2
75.72,45.53,1180.0,1679.0,0,1325.0,43.8,1,1
54.03,86.6,1111.0,351.0,0,3572.0,33.2,1,0
23.35,59.06,293.0,396.0,0,927.0,68.9,1,0
57.41,74.28,1847.0,240.0,0,1928.0,47.9,1,0
63.38,54.93,2436.0,1556.0,0,1695.0,64.3,0,1
56.41,57.71,2115.0,497.0,0,2718.0,16.4,1,0
71.17,45.48,1507.0,1745.0,1,269.0,642.7,0,1
145.28,8.87,3863.0,2818.0,1,299.0,648.3,0,2
58.82,12.77,1663.0,2811.0,1,137.0,855.6,1,1
53.24,88.01,944.0,357.0,0,1707.0,56.5,1,0
80.39,51.06,2166.0,1189.0,0,2614.0,8.2,1,1
74.3,14.22,2970.0,1556.0,0,2353.0,41.2,1,1
63.08,31.07,1413.0,1506.0,1,54.0,817.0,0,1
89.34,34.14,2346.0,1775.0,0,1868.0,37.5,0,1
53.17,67.13,2001.0,231.0,0,2059.0,18.1,1,0
26.82,57.14,162.0,366.0,0,2655.0,5.6,0,0
18.68,39.05,267.0,118.0,0,2606.0,14.5,1,0
155.17,34.52,3181.0,2605.0,1,130.0,240.4,1,2
68.75,29.1,2301.0,2563.0,1,88.0,848.4,0,1
77.12,21.58,1533.0,2038.0,1,281.0,304.6,0,1
29.98,70.66,940.0,199.0,0,1685.0,24.5,1,0
36.49,77.52,2025.0,160.0,0,2726.0,49.7,1,0
76.64,39.58,2390.0,1623.0,0,1294.0,53.4,1,1
59.25,56.34,876.0,94.0,0,1288.0,7.6,1,0
50.22,37.22,2186.0,2360.0,0,1878.0,47.9,1,1
86.77,45.94,910.0,1469.0,0,3068.0,29.4,1,1
58.71,50.38,1531.0,1183.0,0,1116.0,35.6,1,1
52.8,44.09,2045.0,1379.0,0,1035.0,10.0,1,1
97.0,29.88,3080.0,4020.0,1,85.0,280.7,1,2
73.17,31.47,2230.0,1468.0,0,2354.0,30.9,0,1
66.05,12.29,2120.0,1949.0,0,3572.0,67.3,1,1
20.35,37.91,61.0,29.0,0,3113.0,69.1,1,0
29.79,49.4,105.0,197.0,0,3058.0,79.5,1,0
46.51,58.63,865.0,258.0,0,2529.0,20.5,1,0
166.97,28.54,3634.0,3336.0,1,199.0,685.4,0,2
86.54,28.52,1954.0,2123.0,0,2772.0,6.4,0,1
40.35,66.92,888.0,193.0,0,3138.0,76.7,1,0
75.13,18.95,2659.0,2183.0,1,378.0,440.7,0,1
64.85,84.63,1880.0,362.0,0,1355.0,15.1,1,0
40.63,21.92,1909.0,1241.0,0,3438.0,67.7,1,1
24.69,40.71,75.0,62.0,0,990.0,62.0,1,0
64.04,36.73,2895.0,2647.0,1,132.0,827.8,0,1
74.05,42.11,2536.0,2436.0,1,342.0,469.8,0,1
21.53,38.98,174.0,233.0,0,2385.0,42.3,0,0
70.72,27.19,2151.0,2630.0,1,223.0,801.7,1,1
51.42,43.92,2704.0,1636.0,1,202.0,353.5,1,1
75.97,29.29,1441.0,1775.0,0,3118.0,15.4,1,1
55.6,76.28,1397.0,462.0,0,2471.0,15.0,1,0
54.67,20.62,2002.0,1308.0,0,3240.0,23.7,0,1
44.54,86.26,1407.0,462.0,0,2117.0,32.7,1,0
126.84,18.98,4005.0,3664.0,1,99.0,749.9,0,2
85.09,34.19,2040.0,1502.0,0,3309.0,78.7,1,1
59.58,35.62,1790.0,1183.0,0,2049.0,26.7,0,1
158.74,7.92,3725.0,3229.0,1,133.0,772.5,0,2
61.51,39.86,2264.0,1870.0,0,2263.0,46.2,0,1
21.73,36.73,298.0,370.0,0,3769.0,49.7,1,0
66.94,39.51,1788.0,1410.0,0,1445.0,8.7,0,1
25.55,41.93,172.0,71.0,0,1536.0,2.1,0,0
51.4,86.62,654.0,455.0,0,1027.0,32.5,1,0
84.84,24.5,1994.0,1658.0,0,1070.0,29.0,1,1
20.46,52.97,294.0,311.0,0,1370.0,16.4,0,0
56.02,70.34,1950.0,271.0,0,1113.0,33.1,1,0
70.01,25.95,2205.0,911.0,0,3586.0,22.5,1,1
41.46,20.92,1682.0,832.0,0,1638.0,8.0,0,1
65.87,29.73,1448.0,1051.0,0,2917.0,51.0,0,1
23.29,64.58,114.0,187.0,0,3679.0,36.7,0,0
24.45,42.73,40.0,77.0,0,3351.0,72.0,0,0
63.52,41.22,1649.0,2916.0,1,91.0,873.2,0,1
94.83,32.99,2532.0,1909.0,0,1488.0,2.8,1,1
160.41,17.22,3642.0,3844.0,1,221.0,888.8,0,2
98.03,11.47,3264.0,2533.0,1,236.0,249.3,0,2
148.22,15.58,4074.0,2631.0,1,152.0,484.4,0,2
21.19,40.25,166.0,70.0,0,3392.0,12.5,1,0
90.19,13.01,3144.0,2124.0,0,1113.0,9.5,1,1
56.67,36.83,2535.0,2620.0,1,332.0,672.3,1,1
53.17,83.3,722.0,364.0,0,3607.0,68.4,1,0
187.79,34.42,3139.0,4044.0,1,143.0,888.2,1,2
20.54,59.23,108.0,88.0,0,2128.0,56.8,0,0
20.56,49.54,190.0,91.0,0,1617.0,42.6,1,0
49.86,59.84,2117.0,410.0,0,3651.0,2.0,1,0
119.9,8.06,3222.0,2707.0,1,320.0,575.0,0,2
28.75,52.83,103.0,238.0,0,3452.0,4.2,1,0
18.96,37.8,244.0,332.0,0,2095.0,37.9,0,0
54.17,10.69,2609.0,2751.0,0,3657.0,23.9,0,1
78.65,50.38,2002.0,869.0,1,90.0,394.2,0,1
117.53,31.45,3972.0,3757.0,1,58.0,538.5,1,2
55.59,75.81,1093.0,127.0,0,3296.0,78.8,1,0
120.07,12.78,3277.0,3075.0,1,308.0,304.0,1,2
182.35,10.5,3247.0,3095.0,1,341.0,290.3,1,2
164.3,22.04,2842.0,2683.0,1,380.0,464.7,0,2
26.18,40.71,175.0,143.0,0,2377.0,34.0,1,0
25.97,52.65,199.0,127.0,0,1555.0,9.6,0,0
73.92,38.2,1405.0,1475.0,0,2634.0,60.5,0,1
33.99,69.97,1948.0,495.0,0,1838.0,61.0,1,0
91.52,40.43,3127.0,2516.0,1,124.0,331.7,1,1
70.58,40.21,2172.0,2002.0,0,1740.0,28.4,1,1
68.85,17.14,2898.0,2387.0,1,332.0,678.9,1,1
98.45,10.03,1971.0,2720.0,1,182.0,489.0,1,1
28.35,39.73,31.0,29.0,0,970.0,9.7,1,0
50.66,26.46,1370.0,1986.0,0,1133.0,39.8,1,1
29.41,46.62,131.0,70.0,0,2094.0,14.1,1,0
72.04,32.67,2213.0,1723.0,0,876.0,77.5,0,1
43.8,65.66,1170.0,189.0,0,1915.0,10.9,1,0
23.69,46.0,78.0,298.0,0,1922.0,20.3,0,0
60.97,51.23,1107.0,1638.0,0,3240.0,18.1,0,1
81.03,39.13,1045.0,1997.0,1,228.0,453.1,1,1
47.98,45.98,1003.0,1866.0,1,55.0,404.0,1,1
26.64,54.99,265.0,268.0,0,3169.0,23.0,0,0
63.73,61.73,1562.0,286.0,0,3403.0,30.3,1,0
148.59,24.46,3146.0,2860.0,1,64.0,739.8,0,2
82.03,38.49,994.0,1569.0,0,3009.0,48.5,0,1
88.24,19.66,2582.0,2470.0,1,209.0,889.7,0,1
78.55,31.79,2096.0,1011.0,0,955.0,10.4,1,1
43.1,30.81,1163.0,1075.0,1,68.0,822.8,1,1
95.32,37.54,2446.0,2309.0,0,1662.0,79.4,0,1
26.81,52.58,33.0,318.0,0,1653.0,60.1,0,0
193.14,28.85,4042.0,2915.0,1,331.0,483.9,0,2
74.84,14.55,1727.0,2630.0,0,3314.0,26.0,0,1
32.53,69.51,1451.0,246.0,0,1046.0,48.8,1,0
106.93,17.84,1936.0,2398.0,1,328.0,550.8,0,1
21.09,43.64,41.0,80.0,0,2618.0,62.9,0,0
22.96,63.76,159.0,266.0,0,2180.0,53.2,1,0
42.53,76.56,988.0,150.0,0,1437.0,71.2,1,0
55.86,55.55,1456.0,256.0,0,3003.0,42.8,1,0
98.7,28.65,2177.0,1705.0,0,3261.0,78.2,0,1
73.44,41.17,805.0,1235.0,0,2957.0,30.8,0,1
24.84,46.5,55.0,340.0,0,2342.0,73.3,0,0
172.83,20.17,3645.0,3478.0,1,266.0,421.6,1,2
44.29,26.22,2323.0,1360.0,0,3003.0,10.6,1,1
43.16,85.9,1537.0,88.0,0,824.0,29.5,1,0
119.08,21.26,3999.0,3480.0,1,278.0,491.4,0,2
53.76,56.89,2080.0,406.0,0,1282.0,38.3,1,0
61.79,81.4,635.0,425.0,0,3420.0,79.0,1,0
88.84,27.96,970.0,880.0,0,3522.0,43.6,0,1
19.66,46.5,21.0,10.0,0,1281.0,50.3,0,0
58.4,56.53,2101.0,280.0,0,3552.0,4.0,1,0
21.35,60.87,37.0,89.0,0,1726.0,21.2,1,0
55.84,36.08,1879.0,1515.0,0,1817.0,42.3,1,1
114.71,18.71,3662.0,3127.0,1,147.0,611.0,1,2
18.92,60.6,253.0,43.0,0,2853.0,5.7,1,0
41.06,71.39,1713.0,324.0,0,1920.0,28.0,1,0
76.44,29.52,1871.0,1859.0,0,2159.0,38.4,1,1
21.45,60.7,11.0,210.0,0,2739.0,61.3,1,0
99.18,19.5,3325.0,3304.0,1,91.0,299.5,0,2
87.54,25.21,1577.0,1526.0,0,2696.0,74.6,1,1
21.86,54.86,3.0,190.0,0,1998.0,24.8,1,0
57.91,23.94,3441.0,2915.0,0,1359.0,28.1,0,1
28.42,62.33,199.0,132.0,0,2445.0,76.6,0,0
28.32,46.8,278.0,272.0,0,2429.0,10.7,1,0
20.18,63.63,299.0,315.0,0,832.0,19.8,1,0
58.0,59.19,1194.0,308.0,0,2873.0,2.9,1,0
105.06,12.67,3841.0,2777.0,1,254.0,380.0,1,2
62.04,23.92,3351.0,2245.0,0,1757.0,65.3,1,1
108.13,19.39,3840.0,3356.0,1,288.0,279.8,0,2
175.6,24.81,2841.0,3791.0,1,199.0,639.9,0,2
32.74,59.63,672.0,102.0,0,1691.0,2.6,1,0
87.0,20.71,1493.0,1504.0,0,2328.0,18.0,1,1
49.12,70.68,1882.0,486.0,0,2366.0,75.4,1,0
19.14,38.61,66.0,150.0,0,2859.0,41.4,0,0
24.8,43.26,171.0,383.0,0,1687.0,26.2,1,0
68.65,34.1,2737.0,2092.0,0,2530.0,71.3,0,1
156.87,9.39,3488.0,3366.0,1,58.0,304.5,1,2
34.19,84.25,1452.0,390.0,0,1549.0,41.1,1,0
76.47,42.52,2236.0,1078.0,1,124.0,333.6,1,1
109.76,15.78,2475.0,2165.0,1,186.0,570.5,0,1
20.75,63.19,195.0,222.0,0,3213.0,16.4,1,0
43.87,77.86,1113.0,189.0,0,1116.0,28.3,1,0
64.04,17.26,3217.0,2096.0,0,1405.0,4.2,1,1
82.2,22.42,2497.0,887.0,0,1851.0,71.4,0,1
47.27,36.95,987.0,1091.0,0,2163.0,56.7,0,1
111.34,28.58,2999.0,3442.0,1,244.0,789.9,0,2
31.38,64.56,1284.0,279.0,0,3308.0,3.5,1,0
26.55,39.6,259.0,375.0,0,1474.0,62.8,0,0
24.76,54.37,192.0,302.0,0,1786.0,19.6,1,0
42.04,66.5,1072.0,12.0,0,2503.0,27.1,1,0
41.2,85.61,710.0,315.0,0,1495.0,5.4,1,0
55.67,28.99,2370.0,1781.0,0,1383.0,37.3,1,1
126.91,33.7,3784.0,3914.0,1,198.0,291.2,0,2
72.93,23.87,2514.0,1847.0,1,336.0,225.3,1,1
133.08,34.9,3004.0,3502.0,1,162.0,593.1,0,2
64.91,16.88,2627.0,1680.0,0,2564.0,0.6,1,1
103.91,13.83,2720.0,2221.0,0,1059.0,47.4,0,1
56.42,65.61,710.0,10.0,0,2873.0,5.9,1,0
100.95,27.14,3080.0,1830.0,1,157.0,338.6,1,1
104.33,10.41,2298.0,2806.0,1,400.0,494.3,0,1
56.1,68.16,930.0,191.0,0,2257.0,10.5,1,0
128.31,33.69,2975.0,3789.0,1,322.0,230.4,1,2
62.01,54.5,2215.0,1516.0,0,869.0,55.7,0,1
21.23,52.17,282.0,254.0,0,892.0,74.2,0,0
41.51,77.24,908.0,429.0,0,1231.0,55.9,1,0
18.44,47.85,41.0,20.0,0,3148.0,6.5,1,0
183.71,28.5,3778.0,2635.0,1,361.0,469.2,1,2
20.12,51.7,207.0,124.0,0,2319.0,6.7,1,0
24.74,51.68,154.0,28.0,0,2458.0,17.9,0,0
52.58,33.14,2489.0,1434.0,0,2492.0,16.5,0,1
102.86,30.22,2337.0,1877.0,0,2483.0,79.8,0,1
48.33,75.3,1195.0,398.0,0,2735.0,10.7,1,0
37.48,60.83,1449.0,119.0,0,1458.0,55.2,1,0
149.15,6.11,3021.0,2911.0,1,147.0,696.6,1,2
51.57,78.63,609.0,124.0,0,2783.0,57.1,1,0
62.81,78.46,1729.0,236.0,0,3363.0,16.1,1,0
57.48,23.54,1154.0,1712.0,0,969.0,1.5,1,1
109.45,26.99,2150.0,2008.0,0,2231.0,33.9,1,1
111.15,25.57,3808.0,2941.0,1,348.0,734.6,0,2
192.88,31.59,2857.0,3538.0,1,95.0,437.6,0,2
72.03,33.51,1829.0,1336.0,0,2478.0,13.2,0,1
181.58,23.52,3842.0,3886.0,1,94.0,608.8,0,2
47.23,68.93,936.0,16.0,0,2657.0,26.1,1,0
132.31,22.1,3185.0,3027.0,1,230.0,464.9,1,2
122.96,34.58,3731.0,3885.0,1,255.0,665.3,0,2
110.32,21.22,3447.0,3898.0,1,368.0,888.7,0,2
85.96,40.59,928.0,1274.0,1,120.0,212.5,0,1
79.09,41.82,2962.0,1710.0,0,3353.0,58.3,1,1
98.32,21.14,3344.0,2664.0,1,229.0,580.5,1,2
46.99,28.7,2101.0,969.0,0,2179.0,23.0,0,1
93.83,27.43,3713.0,3586.0,1,200.0,780.3,1,2
81.28,25.46,1310.0,1120.0,0,1862.0,6.2,1,1
98.36,38.66,1528.0,2290.0,0,1164.0,78.6,0,1
119.29,31.46,3849.0,3429.0,1,223.0,338.1,1,2
80.39,16.48,1637.0,2101.0,0,3550.0,37.6,0,1
54.89,37.39,1730.0,1358.0,0,2403.0,41.7,0,1
79.24,29.06,1478.0,855.0,0,2623.0,19.8,0,1
75.81,44.26,2194.0,1514.0,0,1818.0,41.1,1,1
81.59,44.29,1033.0,1725.0,0,3772.0,18.2,1,1
74.54,42.15,800.0,1217.0,0,3487.0,36.5,1,1
57.89,54.71,1529.0,832.0,0,3485.0,0.2,0,1
19.37,50.21,287.0,237.0,0,1399.0,66.5,0,0
131.36,27.77,3156.0,2608.0,1,341.0,731.2,1,2
21.68,56.01,135.0,178.0,0,3439.0,37.7,0,0
22.42,60.94,70.0,359.0,0,3108.0,32.2,0,0
107.82,32.17,2173.0,1536.0,0,1563.0,11.8,0,1
48.89,80.98,1993.0,114.0,0,1250.0,8.5,1,0
63.93,24.44,2220.0,2841.0,0,2000.0,19.9,0,1
37.08,58.34,1643.0,117.0,0,1184.0,25.8,1,0
62.36,35.27,1643.0,2185.0,0,2591.0,54.0,0,1
141.05,32.78,3816.0,3002.0,1,91.0,461.9,1,2
37.91,80.93,1753.0,243.0,0,1280.0,40.0,1,0
142.44,31.08,3539.0,4045.0,1,366.0,773.0,1,2
35.66,84.84,1222.0,360.0,0,1395.0,16.1,1,0
23.67,59.11,243.0,168.0,0,1588.0,40.4,0,0
24.19,43.74,57.0,304.0,0,822.0,39.2,1,0
192.59,29.54,3104.0,3782.0,1,133.0,870.0,1,2
58.61,54.75,1034.0,860.0,0,2549.0,42.2,1,1
26.58,43.44,121.0,319.0,0,2397.0,59.2,1,0
122.06,13.61,3724.0,2953.0,1,139.0,836.7,1,2
28.84,77.0,1344.0,125.0,0,1650.0,21.4,1,0
135.4,26.51,3457.0,2739.0,1,226.0,786.9,1,2
168.37,18.21,3128.0,3176.0,1,261.0,886.6,0,2
26.61,45.84,252.0,209.0,0,3563.0,61.7,0,0
64.96,55.72,783.0,24.0,0,3767.0,47.8,1,0
97.6,32.92,3025.0,2799.0,1,311.0,653.9,0,2
63.73,48.37,1832.0,1621.0,1,61.0,416.2,0,1
63.59,36.6,2456.0,1861.0,0,3015.0,41.9,1,1
108.39,23.8,2412.0,2585.0,0,1359.0,54.2,1,1
84.92,42.37,2375.0,1206.0,0,1658.0,13.6,0,1
20.5,38.93,242.0,356.0,0,3183.0,23.1,0,0
25.05,54.45,50.0,364.0,0,2985.0,51.8,1,0
18.61,40.04,179.0,215.0,0,854.0,36.5,1,0
52.95,26.35,2261.0,1948.0,0,1239.0,59.6,0,1
90.03,13.37,3759.0,2810.0,1,67.0,804.9,1,2
57.87,89.76,616.0,310.0,0,1923.0,55.4,1,0
48.42,58.17,1054.0,239.0,0,2797.0,50.1,1,0
29.5,45.65,60.0,225.0,0,1256.0,15.1,1,0
37.73,58.62,1764.0,343.0,0,2736.0,64.8,1,0
21.35,50.83,14.0,106.0,0,1965.0,77.1,1,0
42.39,63.18,1796.0,108.0,0,3268.0,5.2,1,0
95.65,26.49,2246.0,1949.0,0,2238.0,31.6,1,1
78.46,41.87,972.0,1823.0,0,1455.0,79.9,0,1
190.59,34.57,2857.0,2808.0,1,107.0,665.3,1,2
48.81,82.55,1078.0,155.0,0,3492.0,20.2,1,0
62.89,47.8,1980.0,1653.0,1,267.0,397.9,1,1
45.93,71.74,907.0,72.0,0,1366.0,26.7,1,0
170.62,6.99,3164.0,2644.0,1,204.0,848.6,1,2
178.16,17.1,3260.0,3924.0,1,117.0,378.2,0,2
166.47,13.61,3060.0,3421.0,1,288.0,202.3,1,2
29.95,84.33,2007.0,250.0,0,3790.0,37.2,1,0
29.09,46.29,42.0,296.0,0,988.0,10.6,1,0
85.03,26.19,1763.0,1631.0,0,2708.0,50.5,0,1
24.26,61.99,77.0,47.0,0,3544.0,53.7,0,0
46.13,23.99,1332.0,1272.0,1,106.0,359.3,0,1
29.22,63.45,273.0,295.0,0,3264.0,5.4,1,0
74.49,52.21,1206.0,1856.0,0,2630.0,68.9,0,1
50.09,43.55,1435.0,1449.0,0,2322.0,73.1,1,1
128.68,24.53,3165.0,3954.0,1,161.0,517.1,0,2
85.75,35.48,2114.0,1919.0,0,1705.0,52.1,0,1
67.88,37.79,1043.0,1729.0,0,1648.0,40.1,0,1
42.64,56.96,1462.0,168.0,0,1235.0,50.3,1,0
103.02,25.06,2743.0,1918.0,0,2161.0,53.0,1,1
28.09,54.31,257.0,79.0,0,2419.0,22.7,0,0
67.43,31.66,2249.0,976.0,0,2640.0,22.0,1,1
51.59,43.0,1189.0,1337.0,0,2879.0,48.1,1,1
182.56,21.53,4084.0,3194.0,1,282.0,616.2,0,2
20.48,37.62,120.0,387.0,0,2035.0,41.4,1,0
28.7,60.09,34.0,320.0,0,1403.0,28.8,1,0
55.04,15.03,2446.0,2584.0,0,2843.0,17.4,0,1
54.88,14.53,3495.0,1844.0,0,1453.0,79.1,1,1
173.1,23.18,3175.0,3712.0,1,137.0,671.8,0,2
19.14,44.08,82.0,220.0,0,1420.0,3.0,0,0
57.03,71.28,1089.0,465.0,0,3736.0,18.7,1,0
185.63,20.37,3030.0,4049.0,1,51.0,839.1,0,2
50.04,73.86,1359.0,492.0,0,3755.0,59.0,1,0
29.45,38.81,273.0,201.0,0,2510.0,53.7,0,0
23.1,47.55,292.0,225.0,0,2042.0,75.0,1,0
28.17,54.48,116.0,155.0,0,2241.0,9.3,0,0
139.1,29.28,3189.0,3323.0,1,277.0,226.5,0,2
85.91,30.15,2702.0,2692.0,0,1467.0,45.3,1,1
107.54,23.91,2780.0,2951.0,0,2659.0,41.7,1,1
54.27,23.29,1488.0,1226.0,1,370.0,232.4,1,1
27.82,62.87,285.0,36.0,0,1108.0,31.2,1,0
50.51,48.96,1105.0,1547.0,0,998.0,49.8,1,1
62.15,36.12,3088.0,2907.0,1,206.0,426.7,1,1
81.57,35.92,1900.0,2399.0,0,3538.0,55.0,0,1
50.2,73.7,2169.0,315.0,0,1386.0,36.1,1,0
88.97,28.67,1839.0,967.0,0,1083.0,27.4,0,1
154.77,17.82,3478.0,3216.0,1,268.0,681.3,1,2
39.87,88.53,2068.0,261.0,0,2154.0,30.9,1,0
20.43,44.74,160.0,324.0,0,3438.0,29.6,1,0
48.49,27.73,997.0,1724.0,0,1643.0,46.0,0,1
195.42,23.21,3133.0,3197.0,1,52.0,410.4,1,2
73.73,44.49,1099.0,981.0,0,3029.0,46.3,0,1
57.46,70.83,702.0,63.0,0,2848.0,22.1,1,0
168.85,18.72,2866.0,2863.0,1,289.0,679.9,0,2
70.09,42.38,3145.0,2388.0,0,3270.0,25.9,0,1
84.65,51.36,1589.0,1782.0,0,3653.0,66.1,0,1
155.99,9.22,3418.0,3930.0,1,182.0,472.7,1,2
18.74,50.09,205.0,49.0,0,3630.0,14.3,0,0
142.71,22.54,3894.0,3513.0,1,259.0,359.2,0,2
58.49,16.79,3175.0,2394.0,0,3664.0,15.9,1,1
75.29,34.32,2408.0,1938.0,0,3421.0,34.1,1,1
28.31,86.83,1289.0,284.0,0,1847.0,19.5,1,0
81.78,32.97,1975.0,1080.0,1,241.0,495.4,1,1
21.26,46.01,159.0,162.0,0,922.0,36.3,0,0
59.81,35.18,2586.0,2724.0,0,3081.0,5.9,1,1
62.88,87.03,614.0,329.0,0,3429.0,1.9,1,0
53.12,36.94,2176.0,1247.0,1,257.0,668.9,1,1
23.74,40.29,163.0,153.0,0,1597.0,64.0,0,0
124.26,20.67,3458.0,3953.0,1,59.0,829.0,0,2
91.36,42.72,3144.0,2221.0,0,1408.0,9.9,0,1
20.94,36.71,136.0,291.0,0,3300.0,46.4,0,0
24.32,47.39,40.0,11.0,0,1204.0,27.7,1,0
29.87,72.62,1617.0,98.0,0,3381.0,34.4,1,0
29.03,59.19,187.0,245.0,0,3215.0,36.3,0,0
51.85,63.42,2078.0,337.0,0,3228.0,36.3,1,0
22.01,51.46,256.0,143.0,0,2042.0,55.2,0,0
36.04,63.39,1282.0,186.0,0,3342.0,11.5,1,0
169.43,15.23,2977.0,2742.0,1,244.0,238.0,0,2
153.57,7.53,2867.0,2741.0,1,109.0,555.9,1,2
67.65,53.86,1824.0,1372.0,0,1129.0,35.4,1,1
58.57,85.88,786.0,16.0,0,1839.0,66.3,1,0
20.7,56.74,68.0,269.0,0,3015.0,7.9,0,0
19.34,61.47,151.0,36.0,0,1965.0,27.5,0,0
67.28,19.57,1942.0,2058.0,1,238.0,431.3,1,1
105.34,11.67,1977.0,2193.0,1,370.0,414.0,0,1
165.42,10.62,3556.0,3181.0,1,285.0,733.3,0,2
43.52,55.39,1507.0,32.0,0,2722.0,57.6,1,0
33.4,69.24,764.0,190.0,0,3165.0,77.9,1,0
51.49,80.29,2145.0,475.0,0,2973.0,76.2,1,0
77.99,26.85,1330.0,1773.0,1,240.0,746.8,0,1
24.68,51.26,28.0,125.0,0,2809.0,53.1,0,0
185.55,18.79,2867.0,3936.0,1,248.0,522.8,0,2
77.98,13.07,2326.0,1567.0,0,3543.0,14.9,1,1
45.03,52.7,1127.0,1993.0,0,3027.0,14.4,0,1
41.05,40.36,1888.0,1286.0,0,1919.0,41.3,0,1
67.74,21.77,2409.0,2269.0,1,229.0,496.3,1,1
72.23,11.1,2210.0,2589.0,1,185.0,640.2,0,1
95.28,42.47,3000.0,1534.0,1,101.0,443.9,1,1
29.81,38.28,82.0,268.0,0,3200.0,78.6,1,0
65.32,37.18,2523.0,2125.0,0,2750.0,41.5,0,1
72.6,51.14,1473.0,1232.0,0,1938.0,10.8,0,1
20.86,42.17,149.0,345.0,0,1671.0,30.7,0,0
59.2,44.61,2285.0,1449.0,0,1591.0,49.6,1,1
92.39,12.45,1998.0,2344.0,0,3638.0,24.4,1,1
169.13,34.64,3648.0,2780.0,1,142.0,812.4,0,2
48.93,57.43,629.0,115.0,0,1373.0,46.7,1,0
109.43,12.29,2691.0,1748.0,0,2687.0,9.4,1,1
89.32,30.64,2064.0,1640.0,0,2070.0,62.0,0,1
21.47,37.52,24.0,133.0,0,2669.0,26.7,1,0
64.97,21.61,1367.0,1965.0,0,3267.0,78.0,1,1
97.67,30.51,2009.0,2228.0,0,3508.0,10.8,0,1
34.21,62.78,1258.0,280.0,0,3024.0,38.0,1,0
20.15,64.81,114.0,243.0,0,3100.0,58.4,0,0
83.13,20.88,3145.0,2328.0,0,2919.0,30.6,1,1
73.02,41.69,1433.0,1998.0,0,2235.0,32.7,0,1
49.03,51.57,1339.0,1078.0,0,877.0,8.6,0,1
73.4,40.65,2124.0,1205.0,0,3653.0,62.6,1,1
76.7,40.84,1301.0,1824.0,0,2673.0,44.4,0,1
73.28,16.0,2856.0,2185.0,1,106.0,847.6,1,1
59.86,89.34,1456.0,101.0,0,2158.0,18.7,1,0
28.19,71.74,2158.0,481.0,0,1114.0,49.0,1,0
43.13,68.4,736.0,485.0,0,3151.0,17.4,1,0
111.12,13.91,2977.0,4029.0,1,129.0,412.9,0,2
69.1,21.86,2284.0,1656.0,0,989.0,8.6,1,1
23.97,60.95,296.0,310.0,0,2808.0,75.7,1,0
30.29,78.24,1125.0,474.0,0,1265.0,62.6,1,0
81.33,42.9,999.0,1542.0,0,867.0,26.0,0,1
69.07,54.71,2468.0,1128.0,1,162.0,784.0,1,1
62.92,85.14,1846.0,174.0,0,1179.0,9.3,1,0
80.91,23.13,1812.0,1551.0,0,981.0,61.6,0,1
105.26,44.02,3071.0,2093.0,0,996.0,55.8,1,1
82.93,48.25,972.0,1360.0,0,2996.0,29.1,1,1
87.59,54.52,2072.0,1580.0,0,1276.0,10.9,1,1
111.23,19.58,4010.0,3584.0,1,219.0,524.8,0,2
62.51,83.45,1714.0,235.0,0,1541.0,72.3,1,0
24.34,58.42,67.0,256.0,0,2060.0,0.5,1,0
184.8,11.5,3711.0,3014.0,1,354.0,352.8,1,2
116.68,24.61,3959.0,4069.0,1,215.0,470.7,1,2
146.23,31.18,3934.0,2847.0,1,298.0,500.1,0,2
50.1,51.34,2221.0,1700.0,0,2827.0,46.5,0,1
67.44,19.68,1554.0,2403.0,0,3577.0,24.7,1,1
48.87,52.94,2247.0,1468.0,0,3159.0,1.9,0,1
90.91,30.58,2048.0,1585.0,0,2872.0,22.0,1,1
158.45,18.83,3983.0,3104.0,1,106.0,529.9,1,2
106.35,11.54,3979.0,4055.0,1,337.0,849.5,1,2
62.57,30.78,2435.0,1761.0,0,2474.0,13.9,0,1
184.64,30.37,2909.0,2652.0,1,291.0,371.2,0,2
24.83,48.28,182.0,185.0,0,2447.0,34.7,0,0
79.01,21.66,2041.0,2443.0,0,2836.0,74.1,0,1
28.93,58.5,12.0,206.0,0,2057.0,35.3,1,0
46.58,76.96,1700.0,91.0,0,3320.0,77.9,1,0
104.63,5.36,3902.0,3005.0,1,352.0,630.0,1,2
26.7,43.48,233.0,361.0,0,3154.0,60.1,0,0
31.47,63.53,679.0,361.0,0,3260.0,75.2,1,0
175.36,18.63,2946.0,3262.0,1,80.0,583.5,0,2
49.82,87.28,1585.0,112.0,0,3460.0,12.7,1,0
39.31,82.05,1043.0,304.0,0,1767.0,29.3,1,0
94.66,16.31,2673.0,1737.0,1,287.0,226.2,0,1
37.52,63.99,933.0,252.0,0,2966.0,6.6,1,0
27.93,37.84,153.0,322.0,0,2272.0,63.9,1,0
63.08,21.04,1842.0,1332.0,0,3501.0,75.8,1,1
85.77,47.82,1890.0,1360.0,0,1353.0,19.6,0,1
194.07,18.03,2833.0,3996.0,1,242.0,559.8,1,2
60.72,26.68,1811.0,1329.0,1,98.0,293.4,1,1
44.19,52.44,2440.0,840.0,0,1221.0,24.2,0,1
146.95,17.42,3988.0,3700.0,1,299.0,393.6,0,2
43.38,75.37,1275.0,146.0,0,1134.0,17.2,1,0
25.69,57.98,197.0,19.0,0,2239.0,10.8,1,0
52.24,34.68,1602.0,2442.0,1,245.0,379.5,0,1
110.1,11.89,3488.0,3803.0,1,172.0,327.8,1,2
27.91,40.37,219.0,378.0,0,3319.0,22.0,1,0
55.66,56.42,1284.0,405.0,0,3746.0,67.0,1,0
95.49,17.58,1519.0,2064.0,0,1679.0,55.9,1,1
75.45,49.91,1944.0,1493.0,1,373.0,330.4,0,1
118.15,13.54,3422.0,3423.0,1,99.0,630.6,1,2
56.74,44.86,1922.0,2659.0,0,3357.0,4.6,0,1
58.58,52.23,2230.0,1880.0,0,2146.0,48.7,0,1
98.55,15.31,3239.0,2624.0,1,184.0,431.3,0,2
58.15,89.89,1278.0,440.0,0,2970.0,43.9,1,0
99.49,23.62,2616.0,2955.0,0,2576.0,28.9,1,1
168.06,18.41,3503.0,3431.0,1,201.0,636.4,1,2
26.99,43.01,204.0,70.0,0,3627.0,21.6,0,0
78.71,27.45,2367.0,1991.0,0,3281.0,67.3,0,1
40.92,34.07,2277.0,1371.0,0,1414.0,17.7,0,1
64.46,55.02,830.0,67.0,0,1030.0,72.9,1,0
21.0,61.88,176.0,159.0,0,3493.0,39.3,0,0
129.49,14.57,3471.0,3074.0,1,71.0,521.1,0,2
161.06,24.42,3138.0,3807.0,1,375.0,362.0,1,2
31.36,81.27,825.0,236.0,0,3204.0,60.5,1,0
77.86,14.82,1595.0,2778.0,0,1156.0,50.6,0,1
194.14,6.31,3909.0,2774.0,1,194.0,335.8,0,2
98.73,26.67,3822.0,3920.0,1,63.0,247.7,1,2
60.72,37.34,3382.0,2221.0,1,267.0,245.8,0,1
156.81,26.6,3191.0,2859.0,1,161.0,484.5,1,2
64.99,41.81,2908.0,1788.0,0,900.0,32.2,0,1
47.82,44.74,1869.0,1954.0,0,3060.0,25.1,0,1
27.2,57.54,106.0,202.0,0,1253.0,13.1,0,0
69.01,33.59,1780.0,1113.0,0,2913.0,27.4,0,1
80.18,50.27,1425.0,835.0,0,1049.0,30.0,0,1
86.56,24.74,1220.0,1695.0,0,997.0,77.5,0,1
111.07,14.13,3295.0,4024.0,1,390.0,564.7,0,2
26.57,50.31,297.0,45.0,0,995.0,66.7,1,0
167.6,15.43,3517.0,3629.0,1,252.0,214.1,0,2
136.04,30.57,3297.0,3783.0,1,250.0,478.9,1,2
161.83,33.26,3259.0,3933.0,1,394.0,377.7,0,2
179.73,20.97,3056.0,3063.0,1,276.0,594.6,0,2
80.08,33.89,1219.0,965.0,0,3767.0,19.5,1,1
67.76,22.23,2500.0,1785.0,0,1442.0,8.3,1,1
97.57,44.91,2816.0,2376.0,0,1827.0,65.1,1,1
154.68,5.88,3347.0,2707.0,1,275.0,792.5,0,2
55.65,21.19,965.0,1609.0,0,3552.0,31.8,1,1
68.37,18.61,2823.0,2340.0,0,1303.0,34.3,1,1
23.69,42.81,9.0,165.0,0,1405.0,78.8,1,0
18.36,54.6,84.0,136.0,0,1992.0,71.5,1,0
24.55,47.72,19.0,127.0,0,3008.0,76.2,1,0
18.11,43.75,152.0,388.0,0,3692.0,20.2,0,0
135.47,34.8,3698.0,3334.0,1,400.0,297.6,1,2
66.54,31.15,2987.0,2803.0,0,2249.0,8.3,0,1
32.29,72.8,1108.0,300.0,0,3779.0,8.6,1,0
101.25,21.12,2905.0,2002.0,1,55.0,221.2,1,1
20.08,46.87,80.0,205.0,0,2850.0,28.5,1,0
24.9,61.2,117.0,319.0,0,2624.0,60.8,0,0
51.05,22.11,2792.0,1626.0,0,2083.0,18.2,1,1
25.07,38.4,56.0,62.0,0,1609.0,8.9,1,0
24.38,40.15,81.0,164.0,0,1841.0,24.3,0,0
85.03,17.39,1851.0,2023.0,0,1565.0,67.5,1,1
58.91,82.36,660.0,113.0,0,2927.0,25.6,1,0
82.36,27.43,3179.0,2215.0,0,1960.0,35.6,0,1
18.26,64.61,259.0,249.0,0,2303.0,78.9,1,0
87.47,38.47,2485.0,2296.0,0,1707.0,23.9,0,1
24.69,43.08,123.0,251.0,0,1100.0,26.3,1,0
31.28,58.67,1809.0,174.0,0,2990.0,35.2,1,0
137.16,24.53,3232.0,4045.0,1,242.0,476.5,0,2
24.96,51.94,27.0,256.0,0,1168.0,5.4,1,0
29.14,36.34,260.0,17.0,0,3145.0,37.0,0,0
176.74,30.37,3853.0,3524.0,1,290.0,322.0,0,2
101.2,22.07,2276.0,1885.0,0,1180.0,2.1,0,1
46.84,80.7,1202.0,154.0,0,1024.0,71.3,1,0
141.72,29.3,3425.0,2878.0,1,201.0,776.0,0,2
24.74,63.29,3.0,375.0,0,1005.0,19.2,0,0
58.3,36.48,1752.0,1685.0,1,264.0,808.4,1,1
79.07,50.19,2240.0,1210.0,0,2289.0,78.2,0,1
93.34,31.69,2388.0,2027.0,0,2886.0,33.4,1,1
75.28,33.43,1011.0,841.0,1,281.0,840.1,1,1
18.4,57.84,35.0,351.0,0,1765.0,6.8,0,0
28.99,45.07,239.0,286.0,0,2016.0,32.9,1,0
186.41,17.35,3585.0,2957.0,1,242.0,872.2,1,2
21.04,52.54,267.0,96.0,0,2780.0,51.6,0,0
112.78,30.39,3862.0,3756.0,1,85.0,294.1,1,2
40.66,43.11,2120.0,1392.0,0,3657.0,63.5,1,1
63.14,76.88,1869.0,478.0,0,881.0,45.6,1,0
22.03,62.58,207.0,150.0,0,1756.0,44.4,0,0
87.89,53.09,1925.0,1784.0,1,193.0,862.1,1,1
181.3,16.89,3077.0,3242.0,1,382.0,608.5,1,2
59.47,80.86,663.0,173.0,0,2350.0,51.9,1,0
111.15,10.78,3104.0,4060.0,1,123.0,685.7,0,2
45.79,30.13,1025.0,930.0,0,2866.0,22.5,1,1
108.13,24.69,2031.0,1716.0,0,3127.0,73.0,1,1
58.77,13.86,2169.0,2970.0,0,2249.0,3.8,1,1
52.5,70.95,1510.0,394.0,0,881.0,38.0,1,0
57.3,88.86,2028.0,167.0,0,2379.0,22.1,1,0
153.36,11.6,3667.0,3115.0,1,115.0,499.0,0,2
93.12,5.88,2889.0,3082.0,1,145.0,488.2,0,2
180.64,15.35,3706.0,2849.0,1,250.0,869.3,1,2
159.95,31.54,3624.0,3403.0,1,356.0,662.4,1,2
18.74,63.98,117.0,238.0,0,1472.0,32.9,1,0
103.58,32.01,3208.0,2602.0,1,86.0,272.4,0,2
75.18,24.26,1618.0,1017.0,0,2366.0,7.6,1,1
80.38,30.06,2145.0,1569.0,1,82.0,655.1,1,1
79.27,32.38,1017.0,989.0,0,1384.0,65.7,0,1
75.89,12.83,3431.0,2704.0,0,1530.0,71.8,0,1
69.38,49.42,928.0,1288.0,0,2261.0,36.8,1,1
48.65,60.87,2112.0,236.0,0,2624.0,57.5,1,0
89.24,33.81,2389.0,1572.0,1,155.0,618.7,0,1
45.44,50.24,1846.0,1945.0,0,1503.0,50.8,0,1
57.04,59.05,1373.0,223.0,0,2865.0,39.7,1,0
22.03,60.85,239.0,367.0,0,3116.0,3.3,0,0
35.81,81.34,1572.0,35.0,0,2986.0,62.7,1,0
80.58,39.15,1999.0,969.0,0,1009.0,58.5,1,1
199.52,19.21,3951.0,3844.0,1,104.0,259.0,1,2
29.88,64.91,203.0,353.0,0,1304.0,18.1,0,0
61.6,68.99,1199.0,116.0,0,852.0,53.9,1,0
46.34,35.05,1781.0,806.0,0,2477.0,75.8,1,1
80.91,32.64,2007.0,2336.0,0,2688.0,70.5,0,1
61.38,51.25,1915.0,1276.0,0,3313.0,63.6,1,1
106.78,37.47,2192.0,2165.0,0,1406.0,51.1,1,1
44.1,39.01,1600.0,1026.0,0,1659.0,26.5,1,1
85.38,44.22,2201.0,1048.0,0,2407.0,61.4,1,1
20.58,57.39,59.0,297.0,0,3780.0,57.8,1,0
96.52,36.44,1774.0,2201.0,1,281.0,204.3,1,1
22.33,43.83,205.0,383.0,0,1102.0,26.0,1,0
160.61,5.94,4090.0,3933.0,1,55.0,562.0,0,2
62.29,74.01,2145.0,24.0,0,3077.0,16.6,1,0
41.25,45.4,1368.0,810.0,0,3478.0,45.7,0,1
150.22,5.85,3250.0,2889.0,1,248.0,553.0,0,2
153.0,34.81,2820.0,2920.0,1,365.0,745.0,0,2
82.37,16.98,1615.0,2188.0,0,911.0,44.9,1,1
132.58,10.53,3398.0,2527.0,1,259.0,569.5,0,2
38.13,68.88,1122.0,142.0,0,1367.0,8.8,1,0
116.62,27.45,3464.0,3056.0,1,261.0,386.5,1,2
90.58,22.92,3519.0,2704.0,1,180.0,677.4,1,2
57.21,28.06,2348.0,1303.0,0,1311.0,1.6,1,1
26.85,59.44,172.0,156.0,0,2951.0,17.9,1,0
171.58,9.05,3916.0,2740.0,1,349.0,601.1,0,2
63.87,20.02,2445.0,1838.0,1,137.0,448.8,0,1
25.76,63.37,284.0,398.0,0,2861.0,36.6,1,0
50.35,79.32,1734.0,31.0,0,1890.0,12.3,1,0
29.38,38.09,288.0,140.0,0,2382.0,27.8,0,0
20.01,63.58,289.0,61.0,0,2530.0,49.3,0,0
85.65,46.38,1539.0,1876.0,0,2812.0,28.1,1,1
103.9,34.21,1641.0,1992.0,0,987.0,38.2,1,1
29.81,84.2,1761.0,223.0,0,3328.0,41.4,1,0
97.88,29.05,3163.0,2355.0,0,1399.0,12.7,0,1
117.82,6.68,4045.0,3495.0,1,137.0,817.3,0,2
96.71,35.64,2247.0,2427.0,0,3037.0,47.6,0,1
71.12,22.09,3417.0,2969.0,0,1076.0,11.7,1,1
64.36,86.59,1564.0,99.0,0,2135.0,40.3,1,0
68.52,54.39,2281.0,1496.0,0,1023.0,24.4,0,1
99.49,37.48,2549.0,2564.0,0,2271.0,71.7,0,1
69.1,42.24,2220.0,1681.0,0,1868.0,72.4,1,1
68.68,40.21,1611.0,1694.0,0,1065.0,15.2,0,1
29.45,39.74,21.0,340.0,0,3222.0,11.8,0,0
25.13,39.91,122.0,122.0,0,3717.0,64.5,1,0
69.49,44.94,3192.0,2773.0,1,331.0,894.0,1,1
45.35,70.84,993.0,292.0,0,1591.0,21.4,1,0
46.96,54.58,2015.0,1810.0,1,197.0,771.5,1,1
183.83,28.4,3082.0,2531.0,1,271.0,670.6,0,2
59.09,35.73,3243.0,2756.0,1,65.0,337.2,0,1
19.06,57.54,249.0,20.0,0,3726.0,73.2,1,0
76.98,52.05,869.0,1067.0,0,2053.0,44.4,0,1
25.7,43.34,216.0,143.0,0,1190.0,69.6,1,0
45.61,21.71,1411.0,1587.0,0,3005.0,69.4,0,1
48.27,76.72,2012.0,225.0,0,2515.0,77.2,1,0
52.34,31.27,1859.0,1437.0,0,1139.0,64.9,0,1
28.81,50.94,167.0,163.0,0,2379.0,5.3,0,0
22.22,42.16,246.0,270.0,0,904.0,29.9,1,0
22.83,43.9,252.0,28.0,0,2733.0,70.2,0,0
28.87,44.23,75.0,157.0,0,1601.0,77.8,0,0
44.09,37.4,1727.0,1090.0,0,1217.0,27.5,0,1
184.74,16.69,3845.0,3214.0,1,189.0,769.7,1,2
61.51,22.81,2726.0,2291.0,0,1823.0,68.8,0,1
104.28,31.55,2623.0,2088.0,1,292.0,606.2,1,1
47.37,37.98,1293.0,1352.0,0,1376.0,63.3,0,1
26.26,63.96,21.0,263.0,0,1061.0,29.6,0,0
47.35,80.27,994.0,147.0,0,1864.0,40.4,1,0
169.73,28.35,3056.0,3443.0,1,385.0,220.5,1,2
158.81,9.16,3607.0,3775.0,1,318.0,255.7,0,2
61.67,19.35,2843.0,2520.0,0,2151.0,28.8,1,1
114.62,31.88,3472.0,2554.0,1,132.0,331.1,1,2
24.1,60.29,264.0,327.0,0,1889.0,71.8,1,0
45.81,70.91,1492.0,117.0,0,2331.0,34.0,1,0
25.5,61.62,264.0,316.0,0,1223.0,56.5,0,0
80.68,43.66,2194.0,1819.0,1,163.0,810.5,1,1
66.62,24.08,1410.0,917.0,0,3564.0,44.0,0,1
55.03,43.56,2911.0,2298.0,1,253.0,500.0,1,1
78.04,31.69,1559.0,953.0,1,327.0,728.7,1,1
25.93,55.7,115.0,387.0,0,2580.0,13.9,1,0
108.04,28.56,2484.0,1737.0,0,2942.0,64.7,0,1
59.38,81.91,1770.0,126.0,0,1406.0,3.8,1,0
112.08,9.57,4057.0,2677.0,1,196.0,437.7,1,2
70.64,29.61,1872.0,2073.0,0,1897.0,49.4,1,1
155.73,17.65,3757.0,3057.0,1,220.0,562.2,0,2
28.99,58.09,59.0,119.0,0,871.0,72.8,0,0
189.88,18.25,3033.0,2800.0,1,102.0,784.3,0,2
88.81,27.09,3456.0,2158.0,1,305.0,448.0,1,1
99.14,24.4,3014.0,2784.0,1,51.0,851.2,0,2
21.98,36.66,154.0,199.0,0,885.0,74.6,1,0
108.47,43.06,3137.0,2886.0,0,1444.0,19.0,1,1
48.02,52.42,1998.0,1049.0,0,835.0,66.2,0,1
42.95,59.67,1089.0,228.0,0,1114.0,39.0,1,0
34.96,74.75,1786.0,121.0,0,1565.0,63.2,1,0
61.81,27.16,956.0,1689.0,0,1077.0,15.9,1,1
82.13,35.62,2283.0,1635.0,0,1500.0,12.1,1,1
117.05,10.19,2832.0,3176.0,1,67.0,683.2,0,2
31.73,56.6,2146.0,8.0,0,2962.0,51.9,1,0
50.58,32.49,2187.0,1703.0,0,3796.0,65.9,0,1
42.15,61.26,1459.0,194.0,0,1120.0,62.8,1,0
72.43,31.87,2372.0,977.0,0,3293.0,24.6,0,1
31.71,85.14,1589.0,409.0,0,2056.0,16.2,1,0
43.85,72.04,1545.0,172.0,0,3519.0,61.6,1,0
155.27,31.96,3778.0,3849.0,1,272.0,468.9,1,2
189.78,13.14,3350.0,3226.0,1,248.0,564.5,1,2
37.86,56.04,1972.0,96.0,0,2643.0,53.2,1,0
62.88,43.07,2825.0,2715.0,0,2121.0,22.0,0,1
99.44,8.15,3935.0,2698.0,1,251.0,862.7,0,2
62.46,62.29,940.0,298.0,0,2618.0,72.6,1,0
50.84,31.34,2337.0,1307.0,0,3746.0,71.3,0,1
28.85,87.52,1318.0,466.0,0,1764.0,25.2,1,0
80.32,30.58,2175.0,1523.0,0,1228.0,61.9,1,1
162.04,11.57,4075.0,3841.0,1,328.0,702.7,0,2
61.49,37.64,1146.0,1654.0,1,380.0,653.9,0,1
132.28,16.3,3288.0,3630.0,1,357.0,236.9,0,2
119.28,5.4,3357.0,3182.0,1,249.0,207.5,0,2
62.78,32.83,3162.0,2808.0,1,298.0,411.2,1,1
54.56,62.23,1664.0,205.0,0,3131.0,25.4,1,0
30.94,82.69,2109.0,200.0,0,3553.0,55.7,1,0
25.59,51.06,170.0,241.0,0,1118.0,50.2,0,0
107.15,15.38,3253.0,3252.0,1,59.0,894.3,0,2
25.17,40.96,275.0,94.0,0,3046.0,28.7,1,0
78.68,12.89,2046.0,2160.0,1,211.0,563.1,1,1
87.52,28.73,2742.0,1941.0,0,1274.0,20.2,1,1
64.91,38.78,1766.0,1954.0,0,2971.0,45.1,0,1
56.71,78.82,1854.0,280.0,0,3587.0,40.9,1,0
69.35,41.6,2249.0,1988.0,0,3002.0,12.7,1,1
23.85,41.88,235.0,196.0,0,1057.0,12.4,0,0
69.41,29.52,2190.0,2358.0,0,3195.0,73.8,0,1
78.66,10.53,2890.0,2868.0,0,1021.0,71.4,1,1
91.93,32.23,3140.0,3936.0,1,189.0,223.9,1,2
27.28,59.47,79.0,22.0,0,1464.0,3.2,1,0
49.21,75.72,808.0,117.0,0,3298.0,17.1,1,0
23.08,49.86,101.0,20.0,0,941.0,29.6,1,0
60.51,46.63,1190.0,1195.0,0,1826.0,8.9,0,1
55.88,68.07,743.0,403.0,0,869.0,25.9,1,0
48.91,60.09,1468.0,56.0,0,2711.0,35.6,1,0
37.3,89.65,1566.0,180.0,0,2127.0,11.6,1,0
62.91,39.12,2008.0,1693.0,0,2543.0,44.2,1,1
69.49,37.42,3055.0,2651.0,1,329.0,688.0,1,1
177.18,5.24,3209.0,3357.0,1,314.0,555.5,0,2
63.05,17.12,1805.0,1996.0,0,2339.0,73.1,1,1
71.96,20.34,1614.0,2408.0,0,3280.0,25.2,1,1
42.95,88.24,1458.0,268.0,0,3206.0,27.8,1,0
61.67,31.43,2533.0,2899.0,0,3446.0,1.6,0,1
42.94,81.7,909.0,50.0,0,2944.0,50.6,1,0
50.02,12.46,3455.0,2946.0,0,1598.0,37.4,1,1
62.43,30.68,1192.0,906.0,0,3741.0,34.5,1,1
58.75,38.77,2897.0,2409.0,0,1345.0,57.7,0,1
25.74,41.93,219.0,352.0,0,1002.0,16.7,0,0
45.84,36.8,2262.0,1637.0,0,2882.0,15.9,1,1
78.27,46.36,1624.0,1012.0,0,3149.0,75.8,0,1
50.98,87.63,1871.0,394.0,0,2036.0,45.3,1,0
29.37,87.84,983.0,444.0,0,1151.0,72.5,1,0
68.07,23.42,1582.0,1964.0,1,119.0,745.7,1,1
85.9,21.87,3060.0,2046.0,0,1052.0,12.9,1,1
67.17,34.93,1151.0,1344.0,1,111.0,720.0,0,1
84.0,34.82,2357.0,2249.0,1,123.0,835.3,1,1
79.92,45.34,1628.0,1379.0,0,1357.0,31.5,0,1
45.68,26.32,1126.0,1433.0,1,259.0,669.5,1,1
106.27,26.86,2376.0,1867.0,1,333.0,266.3,1,1
72.97,47.7,879.0,1711.0,0,1393.0,69.2,1,1
18.97,53.97,276.0,97.0,0,1920.0,80.0,1,0
19.14,42.69,49.0,334.0,0,3411.0,69.8,0,0
20.07,40.86,226.0,284.0,0,2776.0,73.8,1,0
19.89,48.52,285.0,217.0,0,3720.0,26.1,0,0
20.97,44.12,4.0,86.0,0,2815.0,40.1,1,0
22.69,57.09,55.0,280.0,0,2649.0,46.4,1,0
99.51,15.85,3826.0,3509.0,1,367.0,458.2,0,2
26.95,57.17,284.0,53.0,0,987.0,32.5,0,0
111.6,34.71,3484.0,4075.0,1,386.0,323.4,0,2
131.03,24.11,3899.0,3126.0,1,109.0,310.4,1,2
59.65,44.75,2433.0,848.0,0,3438.0,46.2,0,1
24.2,64.62,219.0,368.0,0,3318.0,21.7,0,0
49.31,65.95,685.0,338.0,0,3039.0,62.8,1,0
32.31,68.72,1234.0,423.0,0,3334.0,49.1,1,0
59.97,79.09,1058.0,27.0,0,1328.0,25.6,1,0
37.21,56.35,2120.0,476.0,0,1700.0,77.2,1,0
48.26,71.65,2037.0,377.0,0,3452.0,28.3,1,0
98.05,11.93,2516.0,2179.0,0,2088.0,69.3,1,1
33.89,74.15,1462.0,438.0,0,982.0,10.5,1,0
101.07,23.25,2947.0,1616.0,0,2755.0,60.1,1,1
94.15,7.62,2938.0,3945.0,1,234.0,382.7,0,2
121.91,27.02,3583.0,3937.0,1,252.0,417.0,0,2
29.28,42.26,23.0,182.0,0,2703.0,22.7,1,0
18.75,59.61,258.0,292.0,0,1906.0,0.9,0,0
56.54,32.1,1697.0,1225.0,1,200.0,780.3,1,1
187.93,6.82,3353.0,3328.0,1,228.0,455.6,0,2
178.99,12.24,4008.0,2994.0,1,216.0,900.0,0,2
68.7,30.89,2188.0,1516.0,0,2824.0,12.5,1,1
157.98,34.37,3675.0,3121.0,1,190.0,842.7,1,2
69.34,53.24,1257.0,1731.0,0,2741.0,23.3,0,1
88.68,16.76,3469.0,2275.0,0,803.0,24.6,1,1
52.58,45.24,1985.0,1674.0,0,2374.0,34.8,0,1
44.86,74.37,1212.0,137.0,0,1067.0,37.1,1,0
54.84,47.23,2267.0,1102.0,0,2261.0,26.5,1,1
27.11,46.58,76.0,212.0,0,2833.0,19.2,1,0
18.27,39.12,150.0,250.0,0,1954.0,45.2,0,0
43.21,60.86,1247.0,86.0,0,1069.0,22.7,1,0
51.51,77.8,1216.0,225.0,0,3154.0,22.8,1,0
56.38,24.88,1305.0,1679.0,0,3386.0,53.8,1,1
42.33,80.36,1285.0,131.0,0,1179.0,37.2,1,0
26.27,37.4,252.0,187.0,0,1776.0,50.3,1,0
87.07,21.61,2597.0,2111.0,0,2929.0,18.3,0,1
108.94,27.82,3900.0,3478.0,1,172.0,785.8,1,2
75.42,29.14,1351.0,1796.0,0,1821.0,20.6,1,1
19.82,45.02,258.0,152.0,0,2452.0,63.0,1,0
62.87,65.0,1332.0,214.0,0,2835.0,61.4,1,0
47.19,33.4,1717.0,1380.0,0,3664.0,31.5,1,1
26.59,51.13,28.0,126.0,0,1547.0,29.7,0,0
185.24,20.63,3666.0,3745.0,1,59.0,210.5,1,2
152.13,24.91,3241.0,3056.0,1,234.0,335.3,1,2
93.03,25.51,2068.0,2075.0,0,2457.0,56.5,1,1
68.46,50.2,1246.0,1802.0,1,150.0,796.0,1,1
24.84,42.13,102.0,379.0,0,3474.0,73.9,1,0
88.15,54.79,1290.0,909.0,1,276.0,419.6,1,1
131.81,5.2,3888.0,3933.0,1,344.0,571.2,0,2
23.61,60.86,270.0,92.0,0,1246.0,9.6,0,0
25.54,51.83,167.0,309.0,0,3787.0,55.6,0,0
50.52,42.53,835.0,1118.0,0,1458.0,34.5,1,1
63.07,55.84,1589.0,412.0,0,1132.0,11.9,1,0
19.9,53.14,153.0,340.0,0,2817.0,14.2,1,0
26.42,59.25,213.0,384.0,0,1749.0,2.5,0,0
37.77,73.59,628.0,398.0,0,1563.0,21.6,1,0
24.39,53.88,72.0,260.0,0,2245.0,74.3,0,0
59.28,81.7,1617.0,392.0,0,2956.0,6.5,1,0
62.57,72.45,1078.0,309.0,0,1597.0,55.6,1,0
67.58,14.3,1527.0,1764.0,0,3475.0,18.0,0,1
77.7,26.99,2123.0,873.0,0,2884.0,38.8,0,1
28.96,55.03,1124.0,181.0,0,1742.0,46.4,1,0
20.18,52.73,201.0,76.0,0,2953.0,27.9,1,0
73.3,37.57,1765.0,1657.0,0,2046.0,70.2,1,1
44.58,59.91,2126.0,179.0,0,3499.0,58.7,1,0
21.72,42.23,74.0,340.0,0,1818.0,41.2,0,0
20.98,47.81,181.0,287.0,0,2185.0,9.6,1,0
31.02,76.91,1047.0,167.0,0,1720.0,45.3,1,0
50.08,64.48,1515.0,359.0,0,1885.0,16.9,1,0
20.41,58.48,242.0,303.0,0,1972.0,54.6,1,0
31.67,67.62,1607.0,137.0,0,2175.0,73.8,1,0
42.28,26.11,1301.0,911.0,0,2087.0,74.7,1,1
160.12,31.82,4020.0,3045.0,1,118.0,585.8,1,2
64.99,42.14,2258.0,1579.0,0,1111.0,45.8,0,1
62.99,78.0,1525.0,326.0,0,1102.0,51.2,1,0
49.27,27.24,1186.0,963.0,0,2359.0,30.9,0,1
87.5,23.29,1709.0,1970.0,0,2678.0,75.0,0,1
199.38,33.57,3745.0,3566.0,1,72.0,444.5,0,2
99.88,13.0,3167.0,1787.0,0,2304.0,38.0,0,1
52.32,20.99,2936.0,1667.0,0,945.0,66.3,1,1
129.97,10.74,3234.0,2708.0,1,126.0,557.8,0,2
172.98,21.62,3900.0,3296.0,1,199.0,551.3,1,2
46.0,71.14,690.0,146.0,0,1639.0,78.5,1,0
29.02,39.88,164.0,308.0,0,961.0,57.3,0,0
69.06,44.49,1580.0,2571.0,0,2411.0,76.2,1,1
72.07,37.65,1259.0,1132.0,0,2249.0,79.9,1,1
18.54,53.78,143.0,144.0,0,1219.0,3.6,0,0
63.7,48.62,2291.0,868.0,0,1620.0,3.0,1,1
23.09,47.38,135.0,19.0,0,2611.0,7.4,1,0
150.96,7.44,3570.0,2688.0,1,295.0,738.0,1,2
148.87,12.11,3894.0,3590.0,1,220.0,637.3,0,2
57.82,42.62,2710.0,2060.0,0,3010.0,21.1,1,1
25.11,49.42,267.0,126.0,0,1735.0,27.3,1,0
53.78,39.31,1882.0,981.0,0,3355.0,34.0,1,1
84.46,37.25,2475.0,1990.0,0,1449.0,50.6,0,1
66.37,22.57,3044.0,1872.0,0,3710.0,16.7,0,1
70.73,33.28,979.0,1886.0,0,2131.0,27.7,0,1
52.14,41.06,2222.0,919.0,0,2329.0,64.6,0,1
62.43,71.3,1504.0,218.0,0,2900.0,4.3,1,0
70.93,36.58,2055.0,1390.0,0,3195.0,18.4,0,1
29.55,55.87,1110.0,441.0,0,1389.0,78.9,1,0
59.06,75.61,1134.0,374.0,0,2730.0,28.1,1,0
74.77,25.37,2252.0,1679.0,1,142.0,215.4,1,1
45.57,21.53,1001.0,1069.0,0,2271.0,37.3,1,1
100.53,21.85,2267.0,2659.0,0,1352.0,12.3,0,1
19.08,56.28,73.0,34.0,0,2484.0,13.2,1,0
63.8,81.04,1057.0,422.0,0,1169.0,60.3,1,0
75.47,21.57,1934.0,2709.0,0,3772.0,31.0,0,1
91.84,26.8,2892.0,2762.0,1,310.0,826.9,0,2
65.92,24.2,2115.0,1923.0,0,3064.0,73.3,1,1
106.66,11.84,2624.0,2973.0,1,271.0,820.9,1,1
51.74,77.23,859.0,64.0,0,2805.0,2.8,1,0
100.41,44.23,2995.0,1528.0,1,219.0,361.1,0,1
130.3,9.69,3530.0,2707.0,1,162.0,552.0,0,2
18.84,40.72,110.0,273.0,0,940.0,63.0,0,0
40.63,89.85,1298.0,261.0,0,2395.0,2.2,1,0
28.7,53.44,195.0,357.0,0,3786.0,70.6,0,0
68.2,33.92,1959.0,877.0,0,3580.0,35.9,0,1
127.0,14.49,2931.0,2800.0,1,127.0,587.7,1,2
26.89,48.83,80.0,367.0,0,2681.0,2.1,0,0
75.61,40.22,1264.0,1692.0,0,2862.0,79.0,1,1
43.47,77.46,1858.0,463.0,0,3064.0,55.1,1,0
97.42,17.12,1588.0,1596.0,1,360.0,398.5,0,1
142.83,29.45,3667.0,2559.0,1,284.0,397.2,1,2
83.24,52.76,970.0,1702.0,1,272.0,491.5,1,1
189.06,20.1,2810.0,3089.0,1,149.0,892.1,1,2
58.72,36.64,2266.0,1845.0,0,3603.0,4.2,0,1
29.8,64.91,126.0,250.0,0,3662.0,58.8,0,0
99.06,10.7,3521.0,2886.0,1,155.0,517.7,0,2
46.99,59.41,1538.0,232.0,0,2351.0,25.9,1,0
53.62,30.13,2720.0,2065.0,1,238.0,844.6,1,1
51.94,68.24,1857.0,286.0,0,2428.0,16.3,1,0
57.85,46.01,1724.0,1273.0,0,3741.0,26.6,0,1
81.12,15.59,3232.0,2635.0,1,230.0,230.0,0,1
25.26,51.31,8.0,306.0,0,2633.0,19.8,0,0
74.94,32.95,1744.0,2264.0,1,260.0,320.3,1,1
102.53,16.79,3115.0,2553.0,1,218.0,604.0,0,1
56.41,64.25,1500.0,381.0,0,2647.0,73.2,1,0
27.75,61.28,139.0,6.0,0,3249.0,43.8,0,0
22.47,64.31,9.0,168.0,0,1269.0,70.9,1,0
36.82,82.18,731.0,331.0,0,2521.0,62.5,1,0
54.04,81.99,922.0,191.0,0,2966.0,58.3,1,0
29.76,59.8,238.0,84.0,0,3513.0,42.8,1,0
64.78,85.96,1426.0,234.0,0,2606.0,13.1,1,0
88.1,22.07,1918.0,1024.0,0,2189.0,36.7,0,1
40.83,62.34,1060.0,72.0,0,3116.0,37.4,1,0
103.47,16.03,2418.0,1595.0,1,182.0,358.1,1,1
19.9,51.69,245.0,297.0,0,1693.0,22.0,0,0
90.47,40.15,3388.0,1676.0,0,2921.0,33.3,1,1
20.77,35.89,125.0,138.0,0,2259.0,59.2,1,0
65.81,28.46,2041.0,2506.0,0,2658.0,55.3,0,1
83.11,41.46,3441.0,2714.0,0,2316.0,2.3,1,1
46.2,79.53,966.0,50.0,0,1013.0,64.2,1,0
36.56,60.84,749.0,429.0,0,972.0,0.1,1,0
44.52,58.81,1493.0,367.0,0,1850.0,77.6,1,0
59.71,65.41,1824.0,92.0,0,3429.0,34.3,1,0
63.17,41.26,1668.0,2110.0,0,3682.0,78.6,0,1
131.8,15.71,3314.0,2992.0,1,52.0,810.1,0,2
41.46,75.61,827.0,91.0,0,3549.0,71.3,1,0
79.98,33.84,2469.0,957.0,0,2131.0,3.8,0,1
46.6,34.57,1832.0,1499.0,0,3439.0,79.5,0,1
24.43,61.94,266.0,322.0,0,2259.0,71.2,1,0
72.35,21.24,1587.0,1534.0,0,1042.0,8.0,1,1
152.38,29.61,3432.0,3900.0,1,262.0,548.2,1,2
64.93,55.89,1404.0,90.0,0,3378.0,36.8,1,0
52.9,29.7,1858.0,918.0,0,1677.0,44.7,1,1
71.55,41.01,3262.0,2612.0,0,1138.0,10.2,0,1
107.69,14.27,1592.0,2133.0,0,2502.0,59.5,1,1
24.83,59.53,93.0,310.0,0,1560.0,4.3,0,0
108.94,41.47,1612.0,1689.0,0,1002.0,10.6,1,1
56.81,57.04,1132.0,207.0,0,3392.0,21.2,1,0
19.85,55.71,290.0,309.0,0,3704.0,50.9,1,0
148.34,24.07,3685.0,3353.0,1,261.0,742.2,1,2
182.53,23.28,3041.0,2941.0,1,318.0,292.9,0,2
189.62,34.53,2997.0,3156.0,1,237.0,696.5,0,2
106.24,38.38,2897.0,2813.0,0,1350.0,24.0,0,1
57.24,11.51,3109.0,1566.0,1,370.0,623.5,0,1
28.86,46.01,132.0,210.0,0,1077.0,54.6,1,0
89.85,25.78,1198.0,1038.0,0,2789.0,47.4,0,1
93.33,17.43,2119.0,1571.0,1,113.0,698.4,0,1
91.32,30.75,3871.0,3438.0,1,309.0,564.0,0,2
30.74,66.94,1084.0,463.0,0,3438.0,14.9,1,0
65.21,39.32,1990.0,2519.0,1,67.0,686.6,1,1
19.46,63.43,253.0,221.0,0,3655.0,76.6,1,0
35.27,72.57,825.0,68.0,0,3304.0,27.6,1,0
29.23,42.38,299.0,243.0,0,2389.0,56.8,0,0
63.76,64.73,1302.0,377.0,0,1064.0,5.9,1,0
53.87,42.19,2903.0,2265.0,0,3280.0,41.7,0,1
22.42,57.83,48.0,208.0,0,3713.0,8.8,0,0
99.22,42.4,2556.0,2405.0,0,3114.0,17.6,1,1
171.94,5.72,3736.0,3848.0,1,275.0,584.4,1,2
178.9,13.12,3124.0,2998.0,1,122.0,228.5,0,2
83.86,25.98,3125.0,2206.0,0,3196.0,12.0,0,1
64.5,21.9,2202.0,1553.0,1,142.0,309.8,0,1
38.58,73.14,1429.0,85.0,0,2569.0,5.8,1,0
29.59,52.28,24.0,33.0,0,1354.0,18.7,1,0
26.46,41.75,262.0,272.0,0,3526.0,29.3,0,0
91.23,43.45,1636.0,2530.0,0,1502.0,57.9,1,1
79.73,31.94,2964.0,1551.0,0,816.0,39.5,0,1
128.83,31.4,3973.0,3461.0,1,270.0,304.8,1,2
63.66,60.9,773.0,9.0,0,2907.0,66.8,1,0
128.54,27.71,2870.0,4023.0,1,50.0,855.9,1,2
65.09,21.21,2393.0,1524.0,0,3018.0,0.5,1,1
21.71,42.58,27.0,107.0,0,2022.0,43.6,1,0
48.63,72.6,1345.0,208.0,0,2558.0,13.0,1,0
42.36,20.9,1853.0,1591.0,1,66.0,639.9,1,1
92.48,23.67,2545.0,2764.0,0,2230.0,26.3,1,1
109.96,40.05,2908.0,2861.0,0,3550.0,41.7,1,1
185.73,24.26,3840.0,3237.0,1,244.0,356.3,0,2
56.24,83.28,1613.0,29.0,0,1709.0,1.9,1,0
95.86,27.36,3081.0,3668.0,1,337.0,307.5,1,2
24.21,40.03,63.0,22.0,0,2916.0,54.3,0,0
27.37,35.13,133.0,134.0,0,3181.0,21.3,0,0
65.61,16.71,2450.0,2118.0,0,2793.0,74.0,0,1
62.77,60.0,1917.0,262.0,0,2521.0,32.2,1,0
179.38,30.32,3067.0,3655.0,1,346.0,239.9,0,2
18.65,52.56,298.0,133.0,0,943.0,29.5,1,0
74.3,40.51,1796.0,1540.0,0,2451.0,15.1,1,1
93.18,13.52,2683.0,2876.0,1,80.0,362.1,1,1
73.76,23.15,2144.0,1702.0,0,829.0,7.7,0,1
55.3,79.67,1913.0,191.0,0,1409.0,58.5,1,0
47.01,59.57,2004.0,346.0,0,3062.0,44.8,1,0
28.24,60.23,242.0,84.0,0,3566.0,3.7,1,0
22.12,39.98,278.0,236.0,0,2801.0,29.3,1,0
138.16,25.09,2883.0,2877.0,1,57.0,209.7,1,2
53.75,88.73,633.0,9.0,0,1274.0,77.8,1,0
21.91,47.39,161.0,17.0,0,3355.0,70.4,1,0
104.7,9.23,3085.0,3241.0,1,308.0,829.1,1,2
143.53,13.7,3122.0,2752.0,1,142.0,787.2,0,2
21.79,44.87,182.0,385.0,0,2298.0,25.7,0,0
39.15,78.29,839.0,372.0,0,1512.0,53.6,1,0
167.5,19.1,3094.0,3769.0,1,287.0,652.0,1,2
54.89,25.92,1570.0,1866.0,0,873.0,66.3,0,1
141.75,9.36,3705.0,2698.0,1,357.0,408.3,0,2
64.75,61.62,767.0,442.0,0,3238.0,28.6,1,0
125.21,30.86,3597.0,3920.0,1,214.0,736.8,0,2
48.7,76.5,2074.0,292.0,0,3470.0,75.4,1,0
66.46,44.57,2358.0,1329.0,0,1784.0,22.0,0,1
54.86,48.36,1224.0,1863.0,0,2085.0,11.8,1,1
46.64,22.39,2252.0,1958.0,0,1763.0,8.8,0,1
95.24,30.98,2980.0,1842.0,0,2457.0,71.2,0,1
84.85,54.04,2086.0,1377.0,0,863.0,46.9,1,1
78.55,50.37,2277.0,1374.0,0,1677.0,64.5,1,1
58.02,86.29,1768.0,111.0,0,3750.0,6.8,1,0
54.36,71.77,2167.0,375.0,0,3628.0,40.4,1,0
27.77,55.11,39.0,163.0,0,3646.0,38.0,1,0
51.22,37.38,1459.0,1791.0,0,3693.0,53.5,1,1
23.08,50.82,93.0,88.0,0,1570.0,20.9,0,0
75.56,30.53,1494.0,1841.0,0,1797.0,34.0,0,1
29.7,55.11,189.0,8.0,0,3677.0,52.9,1,0
61.96,34.39,1840.0,1520.0,0,3172.0,9.2,0,1
19.36,43.38,215.0,140.0,0,1115.0,23.3,1,0
179.45,18.13,3507.0,3895.0,1,63.0,776.3,0,2
49.72,48.97,1506.0,1486.0,1,316.0,840.3,1,1
108.07,19.36,1544.0,2445.0,1,281.0,586.6,0,1
18.86,53.85,20.0,303.0,0,2787.0,57.5,1,0
63.15,79.57,1788.0,192.0,0,1547.0,6.3,1,0
67.62,32.79,2267.0,1002.0,0,2133.0,75.9,1,1
27.61,41.62,139.0,137.0,0,2762.0,5.6,1,0
54.3,89.51,1151.0,233.0,0,3421.0,53.5,1,0
28.2,70.71,2030.0,140.0,0,1698.0,58.0,1,0
69.74,52.26,1185.0,994.0,0,2240.0,41.0,1,1
83.8,30.93,2434.0,1607.0,0,1062.0,42.1,1,1
61.91,27.73,2014.0,1582.0,0,1703.0,43.8,1,1
143.8,15.45,3019.0,3843.0,1,302.0,582.6,1,2
41.44,72.93,1492.0,444.0,0,3333.0,29.2,1,0
19.4,54.81,100.0,281.0,0,850.0,4.1,0,0
52.26,50.91,1892.0,1235.0,0,2919.0,2.9,1,1
20.65,55.47,19.0,183.0,0,3788.0,29.1,1,0
54.63,33.15,1864.0,1794.0,0,2090.0,72.2,1,1
63.82,87.19,1166.0,216.0,0,3745.0,30.6,1,0
98.56,14.39,2725.0,2975.0,0,3755.0,75.9,0,1
37.84,59.32,608.0,56.0,0,2468.0,32.1,1,0
18.1,61.81,226.0,358.0,0,1784.0,10.9,0,0
62.52,50.65,2438.0,992.0,0,1033.0,21.7,0,1
180.42,12.03,3670.0,2837.0,1,296.0,269.0,0,2
64.07,77.19,1922.0,184.0,0,1523.0,2.2,1,0
74.72,29.18,1887.0,2868.0,1,241.0,332.6,0,1
63.83,31.95,1077.0,1041.0,0,3200.0,35.5,0,1
91.13,23.15,3295.0,2793.0,1,110.0,410.3,1,2
54.0,74.33,1055.0,158.0,0,885.0,78.3,1,0
153.12,9.37,3461.0,2559.0,1,191.0,398.1,0,2
159.08,7.29,3246.0,3967.0,1,222.0,569.5,1,2
39.59,68.8,1380.0,169.0,0,1362.0,69.6,1,0
176.98,18.31,2815.0,3126.0,1,375.0,664.6,1,2
53.88,30.06,2670.0,1739.0,1,246.0,622.4,0,1
28.79,59.19,177.0,384.0,0,1023.0,71.2,0,0
46.65,27.96,2277.0,1751.0,0,830.0,67.6,1,1
56.46,13.92,2129.0,2731.0,0,1780.0,13.5,1,1
78.94,22.59,2373.0,1873.0,0,2343.0,28.7,1,1
173.31,10.91,2974.0,3118.0,1,304.0,572.5,1,2
74.84,46.86,1778.0,1639.0,0,1848.0,8.2,0,1
22.14,60.54,87.0,43.0,0,3523.0,45.4,1,0
56.75,79.66,882.0,462.0,0,2601.0,67.8,1,0
20.09,59.77,159.0,319.0,0,916.0,74.8,0,0
87.12,20.8,1729.0,1753.0,0,3228.0,68.6,0,1
55.1,43.71,3106.0,2758.0,0,2009.0,55.6,0,1
39.8,86.05,1852.0,102.0,0,3648.0,73.1,1,0
29.21,40.95,226.0,227.0,0,1162.0,31.0,0,0
77.06,39.5,2472.0,1680.0,0,1832.0,34.9,1,1
59.24,34.28,2779.0,1651.0,0,1243.0,19.1,0,1
29.66,78.25,1513.0,129.0,0,3577.0,60.3,1,0
29.09,63.33,670.0,173.0,0,1441.0,72.0,1,0
58.6,88.22,1010.0,64.0,0,1119.0,41.2,1,0
127.98,6.45,3497.0,3899.0,1,161.0,720.4,0,2
22.5,63.83,212.0,341.0,0,2332.0,23.0,1,0
25.19,44.49,13.0,353.0,0,1049.0,59.0,0,0
70.73,24.17,882.0,1761.0,0,3775.0,44.9,0,1
179.24,34.18,3513.0,3684.0,1,335.0,292.5,0,2
97.72,34.12,3057.0,3541.0,1,264.0,505.0,0,2
29.51,58.23,155.0,232.0,0,2119.0,0.3,0,0
60.86,30.49,1351.0,911.0,1,184.0,480.4,0,1
64.07,23.84,2453.0,2289.0,1,162.0,756.4,0,1
24.37,54.89,1.0,375.0,0,3701.0,55.8,1,0
28.08,59.6,35.0,83.0,0,1864.0,46.4,1,0
20.78,54.17,254.0,38.0,0,3567.0,0.9,1,0
100.81,10.01,2845.0,2495.0,0,3764.0,69.6,0,1
48.09,20.92,1357.0,1972.0,0,2216.0,41.3,0,1
56.89,42.75,2838.0,1587.0,0,2877.0,54.4,1,1
58.57,35.4,1640.0,1544.0,1,85.0,227.9,1,1
117.65,23.19,3401.0,3727.0,1,357.0,581.2,0,2
55.5,80.56,1803.0,38.0,0,3251.0,26.3,1,0
126.84,26.32,3333.0,3354.0,1,394.0,744.3,0,2
47.85,84.68,816.0,416.0,0,2036.0,45.3,1,0
36.05,58.8,1932.0,248.0,0,989.0,31.1,1,0
29.71,49.84,189.0,71.0,0,2543.0,79.7,0,0
120.04,13.92,3820.0,3809.0,1,120.0,628.9,0,2
74.86,39.21,2522.0,2638.0,0,1411.0,43.6,0,1
57.9,41.09,1943.0,2290.0,1,134.0,536.9,0,1
27.07,43.06,263.0,144.0,0,1052.0,74.1,0,0
184.34,10.96,3615.0,3480.0,1,361.0,563.8,1,2
30.42,62.45,1591.0,138.0,0,1129.0,6.7,1,0
18.32,41.24,82.0,295.0,0,2591.0,36.3,0,0
23.56,45.54,183.0,132.0,0,2316.0,52.8,0,0
43.25,20.45,1186.0,1514.0,0,1887.0,15.2,1,1
69.66,18.98,3462.0,2149.0,1,393.0,650.6,1,1
42.75,30.56,2233.0,1869.0,0,1087.0,41.7,1,1
135.95,13.79,3105.0,2938.0,1,63.0,291.3,0,2
182.27,8.36,3788.0,3115.0,1,111.0,232.0,1,2
29.98,59.41,50.0,221.0,0,3558.0,29.1,0,0
167.33,21.18,3185.0,3807.0,1,362.0,210.3,1,2
19.11,53.57,139.0,117.0,0,1319.0,12.2,1,0
100.33,18.34,1990.0,2151.0,0,2179.0,27.1,0,1
107.22,18.27,3556.0,2703.0,1,82.0,495.1,0,2
74.03,34.98,1017.0,1026.0,0,2020.0,39.9,1,1
28.12,75.3,801.0,456.0,0,3549.0,43.3,1,0
66.11,49.88,2344.0,1668.0,0,1185.0,26.2,1,1
51.3,36.32,2884.0,1515.0,0,1108.0,43.3,1,1
55.95,20.36,1335.0,1871.0,0,2370.0,51.8,0,1
24.82,45.81,233.0,383.0,0,2539.0,76.1,1,0
45.65,60.21,2093.0,17.0,0,1669.0,18.3,1,0
54.14,74.33,2040.0,240.0,0,3567.0,21.6,1,0
64.79,24.66,2508.0,2780.0,0,1964.0,64.6,1,1
195.3,15.72,3067.0,2810.0,1,155.0,672.1,1,2
71.4,20.44,1689.0,1296.0,1,383.0,793.3,1,1
88.54,39.04,3368.0,1881.0,1,222.0,758.9,1,1
165.31,13.8,2906.0,3510.0,1,113.0,352.4,1,2
56.2,58.36,614.0,437.0,0,3699.0,29.2,1,0
73.64,29.14,955.0,1422.0,0,2550.0,76.7,1,1
58.75,44.07,2179.0,1532.0,0,2408.0,62.5,0,1
47.51,20.49,1863.0,1460.0,0,3684.0,10.6,1,1
176.23,11.25,2867.0,3873.0,1,343.0,229.4,0,2
66.85,32.21,1700.0,2236.0,1,390.0,810.7,0,1
108.16,22.53,2320.0,2872.0,0,3266.0,60.0,1,1
167.08,29.83,3198.0,3388.0,1,212.0,674.1,1,2
98.86,14.0,2379.0,2961.0,0,1803.0,75.3,0,1
53.56,73.37,691.0,323.0,0,2914.0,70.8,1,0
155.51,18.08,3228.0,3387.0,1,244.0,820.1,1,2
195.14,8.74,3317.0,3476.0,1,254.0,602.3,1,2
62.27,35.79,2100.0,1481.0,0,3507.0,55.9,0,1
186.68,28.67,3394.0,3576.0,1,132.0,566.7,0,2
19.67,43.81,110.0,31.0,0,3064.0,14.2,1,0
28.58,84.41,2106.0,265.0,0,1601.0,1.9,1,0
29.84,56.32,761.0,420.0,0,3163.0,10.7,1,0
187.62,14.72,4067.0,4064.0,1,379.0,595.2,0,2
47.47,64.29,1336.0,169.0,0,2490.0,1.5,1,0
193.93,18.11,3962.0,3837.0,1,393.0,471.4,0,2
104.68,42.36,1517.0,2423.0,1,56.0,532.0,0,1
54.61,15.49,2873.0,2064.0,0,1065.0,29.1,0,1
60.96,77.95,2187.0,451.0,0,3207.0,72.3,1,0
50.68,18.07,2372.0,2479.0,0,1099.0,2.8,0,1
47.63,24.07,1452.0,1340.0,1,214.0,660.4,1,1
42.65,57.97,1658.0,323.0,0,2126.0,9.8,1,0
77.32,36.66,1138.0,1096.0,0,2319.0,65.1,0,1
60.09,29.37,2343.0,1725.0,0,2912.0,73.5,0,1
44.1,77.27,1391.0,291.0,0,2015.0,3.0,1,0
94.05,11.25,4057.0,3328.0,1,158.0,291.9,1,2
104.24,22.09,3566.0,3596.0,1,298.0,218.6,1,2
183.34,7.9,3750.0,2940.0,1,206.0,387.2,0,2
160.57,20.25,4034.0,3250.0,1,209.0,325.0,1,2
18.38,44.35,214.0,269.0,0,2138.0,67.6,1,0
53.6,69.13,1273.0,192.0,0,2117.0,28.2,1,0
80.61,42.41,1601.0,2339.0,0,1671.0,35.1,1,1
65.51,30.3,2420.0,2927.0,1,260.0,659.2,1,1
103.88,24.46,3064.0,2756.0,1,397.0,696.1,0,2
28.6,35.82,28.0,327.0,0,2606.0,66.2,1,0
55.16,80.19,721.0,478.0,0,2871.0,53.6,1,0
47.36,56.51,788.0,20.0,0,3734.0,72.9,1,0
63.29,88.94,1525.0,91.0,0,3545.0,75.0,1,0
59.61,59.83,991.0,110.0,0,2182.0,37.8,1,0
48.7,32.99,2145.0,1618.0,0,2849.0,9.9,0,1
189.87,17.52,3693.0,3874.0,1,360.0,590.4,1,2
150.1,22.57,3651.0,2770.0,1,335.0,854.2,0,2
45.35,52.85,2205.0,1712.0,0,2346.0,48.4,0,1
109.4,34.3,2969.0,2141.0,0,2588.0,29.0,0,1
62.58,45.93,1212.0,1264.0,0,3015.0,9.7,0,1
63.81,36.83,2296.0,2491.0,1,334.0,428.4,1,1
72.75,37.08,2489.0,2633.0,0,1180.0,20.1,1,1
31.6,71.51,1862.0,208.0,0,876.0,77.7,1,0
109.96,18.86,3304.0,2143.0,0,1905.0,74.4,0,1
97.5,30.67,3156.0,3694.0,1,93.0,885.3,0,2
48.82,20.91,1451.0,1853.0,0,2632.0,10.4,0,1
54.86,44.32,1978.0,1138.0,0,3287.0,69.5,1,1
49.67,68.04,2101.0,484.0,0,1171.0,33.6,1,0
33.23,68.42,2175.0,11.0,0,869.0,57.9,1,0
97.73,38.68,3386.0,1782.0,0,1524.0,4.8,0,1
132.76,7.66,3957.0,3447.0,1,71.0,808.7,1,2
28.59,59.15,2.0,155.0,0,3222.0,76.2,1,0
72.46,34.37,1959.0,1648.0,1,308.0,720.0,0,1
104.69,34.91,2126.0,1662.0,0,3338.0,72.2,0,1
57.89,32.53,2674.0,2081.0,0,2395.0,52.1,1,1
79.03,46.16,1569.0,1294.0,0,867.0,73.8,0,1
48.39,43.65,2409.0,1114.0,0,1143.0,43.8,1,1
31.72,61.98,2063.0,220.0,0,2106.0,35.2,1,0
27.33,54.28,146.0,49.0,0,882.0,35.3,1,0
123.29,10.43,3808.0,3466.0,1,60.0,556.7,1,2
71.89,16.86,2969.0,2140.0,0,2277.0,11.7,1,1
26.23,48.0,61.0,326.0,0,1518.0,25.3,0,0
53.14,20.73,807.0,1255.0,0,2519.0,59.3,1,1
28.18,52.21,112.0,281.0,0,1724.0,46.6,0,0
188.03,11.58,3261.0,2576.0,1,181.0,840.8,0,2
92.09,31.94,3000.0,2807.0,1,309.0,774.2,0,2
57.71,46.26,1130.0,1436.0,0,2981.0,57.9,1,1
61.17,84.19,1576.0,90.0,0,1786.0,5.6,1,0
56.27,75.81,1630.0,286.0,0,1753.0,76.4,1,0
107.65,30.06,2995.0,3967.0,1,387.0,224.1,0,2
25.81,42.57,269.0,217.0,0,3535.0,27.7,1,0
29.86,44.0,193.0,265.0,0,2309.0,61.6,1,0
28.51,86.04,1480.0,300.0,0,2285.0,45.5,1,0
151.11,10.97,3115.0,3001.0,1,133.0,321.9,1,2
73.48,42.12,3218.0,2204.0,1,246.0,547.1,1,1
51.18,38.66,1588.0,1344.0,0,2412.0,24.8,1,1
57.5,21.22,1521.0,1988.0,1,292.0,550.4,0,1
147.78,20.73,3051.0,2938.0,1,141.0,569.2,0,2
53.03,39.66,2031.0,1507.0,0,985.0,58.1,0,1
81.29,31.48,2349.0,1629.0,0,3250.0,7.9,1,1
52.23,71.35,2050.0,375.0,0,2598.0,12.3,1,0
63.11,75.06,1918.0,28.0,0,3397.0,29.7,1,0
25.07,60.41,4.0,357.0,0,2181.0,38.5,0,0
29.66,43.92,141.0,60.0,0,2019.0,50.5,0,0
57.68,57.89,1794.0,426.0,0,3115.0,76.8,1,0
66.77,53.93,1353.0,1047.0,1,132.0,883.9,1,1
87.76,38.28,856.0,1369.0,0,1986.0,17.0,0,1
89.5,44.65,2464.0,1799.0,0,971.0,74.0,0,1
66.53,20.73,2345.0,2538.0,0,3483.0,47.1,0,1
30.82,62.07,1960.0,306.0,0,3592.0,63.3,1,0
64.52,88.38,1498.0,402.0,0,3628.0,16.2,1,0
84.0,53.35,1039.0,1857.0,1,263.0,387.6,0,1
89.78,39.83,1167.0,1852.0,0,2064.0,9.5,1,1
28.35,59.45,195.0,370.0,0,3288.0,49.2,0,0
84.7,32.95,2146.0,1837.0,0,2338.0,8.1,0,1
27.32,49.0,62.0,131.0,0,2771.0,34.9,0,0
83.87,12.87,3362.0,2172.0,1,141.0,672.5,1,1
49.78,86.84,733.0,88.0,0,3539.0,39.8,1,0
55.01,74.71,1209.0,231.0,0,3324.0,45.1,1,0
37.79,73.66,689.0,480.0,0,3731.0,79.2,1,0
42.67,71.75,1063.0,93.0,0,2494.0,70.5,1,0
24.41,62.57,296.0,209.0,0,2390.0,33.8,1,0
61.19,30.14,980.0,1708.0,0,3219.0,33.9,0,1
24.69,40.94,252.0,146.0,0,2834.0,31.1,0,0
28.62,54.5,214.0,6.0,0,2795.0,10.6,0,0
46.74,63.88,2060.0,375.0,0,956.0,78.3,1,0
147.22,17.99,3521.0,3544.0,1,319.0,238.5,1,2
98.8,37.67,2653.0,2769.0,0,1166.0,44.2,1,1
103.07,18.58,3795.0,3294.0,1,185.0,570.7,1,2
73.64,24.44,1854.0,1886.0,0,2675.0,3.2,1,1
32.57,81.02,1844.0,499.0,0,2218.0,6.2,1,0
70.53,16.67,2984.0,2323.0,1,245.0,341.8,1,1
44.18,35.05,2209.0,1877.0,0,810.0,45.0,0,1
63.62,21.63,2485.0,825.0,0,3545.0,29.7,1,1
51.79,65.26,1476.0,1.0,0,2268.0,69.9,1,0
92.8,41.1,3167.0,2035.0,0,2946.0,45.3,1,1
107.12,28.83,3582.0,2750.0,1,89.0,785.3,1,2
20.85,37.09,142.0,388.0,0,1737.0,7.0,0,0
44.07,24.63,2240.0,1596.0,0,1364.0,36.1,0,1
69.7,34.66,1041.0,912.0,0,2068.0,0.0,0,1
67.41,18.97,2702.0,2541.0,0,3739.0,14.5,1,1
72.96,10.68,3126.0,1775.0,0,3763.0,40.0,0,1
62.83,62.62,804.0,322.0,0,976.0,71.9,1,0
26.14,37.86,71.0,9.0,0,1220.0,36.5,0,0
72.31,25.08,1478.0,1396.0,1,140.0,514.3,1,1
172.72,24.45,3591.0,2845.0,1,136.0,406.2,1,2
63.99,23.18,1636.0,1349.0,0,2942.0,1.2,1,1
52.26,12.24,2924.0,2618.0,0,1898.0,79.3,0,1
123.75,5.07,3994.0,4061.0,1,175.0,538.4,1,2
51.21,55.28,757.0,347.0,0,3745.0,62.9,1,0
43.62,49.81,1130.0,1948.0,0,3786.0,60.0,0,1
81.23,27.69,3199.0,1604.0,0,2592.0,78.0,1,1
92.7,12.6,2354.0,2301.0,0,1067.0,66.3,0,1
43.68,22.46,1380.0,1901.0,0,1806.0,71.1,0,1
62.14,17.03,3111.0,1552.0,1,98.0,345.9,1,1
76.84,21.2,2248.0,1261.0,0,2914.0,60.5,1,1
33.44,88.29,1127.0,435.0,0,3688.0,4.6,1,0
52.85,70.75,1223.0,257.0,0,2914.0,2.0,1,0
182.0,5.03,3584.0,3352.0,1,343.0,380.4,0,2
64.12,43.56,2308.0,1133.0,0,3186.0,27.3,1,1
179.85,5.42,3008.0,2644.0,1,386.0,479.3,1,2
120.14,8.46,2872.0,2819.0,1,313.0,231.5,1,2
79.73,36.91,2424.0,1181.0,0,3728.0,23.7,0,1
22.22,40.06,272.0,37.0,0,2282.0,69.2,1,0
161.54,31.97,3771.0,3891.0,1,268.0,347.8,0,2
26.9,38.69,158.0,273.0,0,822.0,52.9,1,0
63.14,67.47,1183.0,201.0,0,1508.0,61.0,1,0
24.1,58.87,76.0,113.0,0,2898.0,1.9,0,0
34.56,86.18,702.0,335.0,0,3610.0,35.1,1,0
46.45,39.01,2000.0,1490.0,0,2941.0,7.9,1,1
66.55,24.47,2192.0,1470.0,0,1841.0,49.2,1,1
22.12,52.31,248.0,42.0,0,3465.0,70.0,1,0
18.79,39.06,128.0,133.0,0,892.0,74.5,1,0
105.99,34.09,2873.0,1839.0,1,164.0,757.0,0,1
78.55,16.98,3199.0,1566.0,0,1367.0,67.6,0,1
43.75,42.51,2197.0,1787.0,0,834.0,23.5,1,1
50.31,45.29,1296.0,1814.0,0,863.0,9.6,1,1
105.63,44.34,2558.0,2458.0,0,1361.0,31.0,1,1
18.78,64.01,164.0,160.0,0,2396.0,70.6,1,0
88.34,16.43,2250.0,2923.0,0,2712.0,57.4,0,1
88.75,45.21,1673.0,1466.0,0,2104.0,38.6,0,1
93.98,16.88,2802.0,2640.0,1,195.0,334.0,1,1
31.7,80.21,1892.0,62.0,0,1187.0,32.5,1,0
22.3,48.91,110.0,84.0,0,1478.0,77.7,0,0
24.99,51.91,111.0,282.0,0,1423.0,74.6,1,0
18.01,63.86,47.0,203.0,0,3151.0,52.9,0,0
26.62,39.04,179.0,346.0,0,1655.0,4.7,1,0
25.65,44.4,104.0,368.0,0,2264.0,49.7,0,0
29.36,47.03,229.0,326.0,0,2550.0,61.7,1,0
54.48,44.32,2427.0,1829.0,1,108.0,388.8,1,1
171.0,24.86,3195.0,2543.0,1,164.0,750.4,0,2
60.79,60.11,809.0,455.0,0,2385.0,45.0,1,0
68.06,19.85,3099.0,2750.0,0,3475.0,62.0,0,1
156.32,16.99,3036.0,4018.0,1,64.0,782.9,1,2
54.76,61.87,685.0,137.0,0,3310.0,18.8,1,0
34.78,82.55,949.0,16.0,0,1044.0,36.3,1,0
19.23,41.21,239.0,107.0,0,1441.0,72.9,0,0
26.48,46.92,223.0,324.0,0,3283.0,57.9,0,0
187.12,17.31,3299.0,2591.0,1,290.0,243.3,1,2
42.35,88.29,1887.0,146.0,0,2589.0,20.1,1,0
28.92,35.72,246.0,135.0,0,3288.0,24.9,1,0
86.52,23.36,1588.0,1505.0,0,997.0,48.1,0,1
26.34,47.55,17.0,73.0,0,1592.0,31.8,1,0
50.95,89.77,1723.0,411.0,0,3276.0,55.5,1,0
64.06,89.52,1895.0,497.0,0,3717.0,34.5,1,0
39.63,88.71,877.0,358.0,0,1820.0,62.2,1,0
80.1,52.08,1492.0,1870.0,0,1476.0,27.6,0,1
182.71,33.16,3283.0,3111.0,1,288.0,303.1,0,2
36.15,56.9,1472.0,278.0,0,3180.0,27.0,1,0
72.41,43.97,941.0,1254.0,0,2950.0,37.8,1,1
20.09,47.9,105.0,234.0,0,843.0,38.8,0,0
56.47,30.09,2621.0,2035.0,0,1710.0,15.4,1,1
55.1,41.27,1764.0,1927.0,0,2015.0,30.9,1,1
57.94,60.48,2044.0,348.0,0,1590.0,57.6,1,0
80.06,40.33,1992.0,839.0,0,2189.0,70.9,1,1
56.0,74.9,1746.0,102.0,0,2087.0,10.0,1,0
60.37,43.86,1701.0,984.0,0,1375.0,62.6,0,1
56.2,18.62,1841.0,2450.0,0,2523.0,66.6,1,1
53.9,34.73,1646.0,2384.0,1,259.0,409.4,1,1
55.76,41.77,1903.0,911.0,0,2998.0,71.3,0,1
40.47,36.95,1151.0,1328.0,0,1605.0,33.9,0,1
101.06,33.94,3023.0,3768.0,1,178.0,391.9,0,2
67.23,11.24,2965.0,1766.0,0,1607.0,5.0,1,1
78.57,21.71,3257.0,2210.0,1,292.0,436.3,1,1
179.43,11.66,3122.0,2641.0,1,369.0,482.5,0,2
87.24,40.9,1399.0,1896.0,1,61.0,833.5,0,1
47.99,83.92,1074.0,23.0,0,2633.0,25.1,1,0
108.02,21.39,3181.0,2802.0,1,343.0,777.3,1,2
138.64,32.33,3678.0,2600.0,1,383.0,677.1,0,2
107.56,26.26,3302.0,2874.0,0,3316.0,18.3,1,1
20.36,60.64,51.0,44.0,0,3711.0,63.1,0,0
56.83,16.24,1786.0,2529.0,0,2392.0,17.4,1,1
108.98,24.57,2853.0,3729.0,1,57.0,822.8,1,2
19.7,54.23,226.0,399.0,0,2289.0,51.5,0,0
189.9,5.95,3162.0,2528.0,1,290.0,895.4,0,2
92.11,12.19,3205.0,3482.0,1,317.0,473.6,1,2
71.15,19.75,2219.0,1853.0,0,2254.0,0.1,0,1
66.56,19.39,1948.0,1631.0,0,3493.0,76.7,0,1
25.37,37.48,246.0,229.0,0,3504.0,21.8,0,0
157.83,17.75,4090.0,3641.0,1,108.0,255.0,0,2
193.76,21.92,3559.0,2550.0,1,249.0,465.0,1,2
169.49,9.73,3404.0,3865.0,1,167.0,289.6,0,2
25.01,58.75,228.0,27.0,0,3766.0,75.5,0,0
83.67,42.4,2956.0,2268.0,1,339.0,421.5,0,1
126.81,18.25,3138.0,2615.0,1,276.0,385.1,1,2
55.07,86.95,2052.0,189.0,0,2057.0,73.6,1,0
54.38,38.14,3377.0,2173.0,0,3763.0,72.5,0,1
33.94,68.47,1475.0,462.0,0,3684.0,65.6,1,0
62.38,62.85,805.0,140.0,0,1077.0,63.8,1,0
197.98,32.25,3700.0,3430.0,1,385.0,634.1,1,2
25.79,59.35,204.0,342.0,0,2576.0,24.9,0,0
90.35,22.26,2702.0,1529.0,0,1183.0,71.0,0,1
143.45,20.91,3700.0,2595.0,1,336.0,757.0,0,2
37.09,73.0,1387.0,300.0,0,1166.0,24.3,1,0
63.76,78.48,1489.0,59.0,0,1691.0,48.4,1,0
26.54,53.93,168.0,65.0,0,2710.0,70.2,1,0
70.5,26.71,2475.0,1015.0,0,3149.0,72.3,1,1
161.48,17.89,4070.0,3410.0,1,260.0,754.8,1,2
37.31,88.58,1692.0,398.0,0,1328.0,78.4,1,0
94.75,31.99,3229.0,3246.0,1,387.0,554.7,1,2
25.04,62.28,25.0,372.0,0,823.0,39.7,1,0
56.89,31.19,2086.0,1473.0,0,1189.0,40.0,0,1
88.58,26.39,2846.0,2137.0,1,355.0,544.0,1,1
44.37,60.64,654.0,117.0,0,1972.0,32.3,1,0
63.65,25.97,2358.0,2314.0,0,2557.0,37.5,1,1
64.19,87.93,1591.0,11.0,0,2924.0,7.8,1,0
52.69,70.53,1924.0,247.0,0,1636.0,56.4,1,0
51.07,11.89,2864.0,2308.0,0,905.0,5.9,1,1
77.13,28.48,2022.0,2180.0,1,290.0,369.1,0,1
19.36,39.79,250.0,101.0,0,984.0,50.5,1,0
47.4,82.84,1554.0,376.0,0,3357.0,51.5,1,0
29.82,36.66,180.0,40.0,0,1190.0,59.6,1,0
132.01,6.23,3736.0,4078.0,1,96.0,205.5,0,2
30.55,56.56,1265.0,488.0,0,3643.0,61.5,1,0
44.9,68.58,940.0,434.0,0,2917.0,5.4,1,0
79.3,34.13,1948.0,2783.0,0,2082.0,2.3,1,1
19.77,45.59,200.0,92.0,0,3424.0,69.8,1,0
97.66,19.31,2500.0,2795.0,0,1736.0,26.4,0,1
99.49,14.85,3407.0,2563.0,1,83.0,635.2,0,1
21.08,56.97,203.0,151.0,0,2540.0,46.4,1,0
58.21,87.41,1535.0,309.0,0,823.0,31.0,1,0
99.39,24.48,3050.0,2003.0,0,1239.0,45.0,1,1
55.87,27.05,3277.0,1930.0,0,2049.0,41.6,1,1
89.52,45.34,922.0,1552.0,0,3494.0,51.4,1,1
87.11,37.34,1586.0,819.0,0,3726.0,53.6,0,1
59.86,41.06,2512.0,2986.0,1,383.0,513.6,0,1
78.87,29.78,3096.0,1661.0,0,1611.0,25.9,1,1
105.37,27.84,3462.0,2831.0,0,847.0,3.1,0,1
21.01,42.28,44.0,398.0,0,3473.0,41.2,0,0
70.82,32.06,1718.0,1961.0,0,2708.0,39.0,1,1
181.88,25.59,3695.0,3586.0,1,393.0,362.2,0,2
52.81,34.73,2057.0,2304.0,0,3062.0,58.5,0,1
30.3,86.99,937.0,393.0,0,1804.0,65.1,1,0
87.74,18.45,2912.0,2094.0,0,2255.0,64.1,0,1
119.42,17.87,3881.0,3908.0,1,216.0,235.4,0,2
149.7,32.87,3914.0,2962.0,1,183.0,891.4,1,2
170.68,15.99,3618.0,2514.0,1,173.0,601.8,0,2
61.25,89.11,2193.0,157.0,0,2972.0,1.7,1,0
23.69,59.29,122.0,132.0,0,2604.0,37.8,1,0
180.96,20.39,3557.0,3775.0,1,362.0,833.6,1,2
101.4,18.98,3385.0,3686.0,1,168.0,247.0,0,2
24.31,46.28,150.0,335.0,0,851.0,23.8,1,0
104.09,33.7,3777.0,2744.0,1,392.0,377.5,1,2
125.14,24.12,3792.0,2832.0,1,352.0,393.3,1,2
74.46,25.92,1800.0,1354.0,0,3479.0,48.4,1,1
26.37,39.15,66.0,388.0,0,3348.0,0.2,0,0
63.05,58.32,1963.0,10.0,0,1797.0,74.8,1,0
19.2,54.38,39.0,160.0,0,3609.0,72.2,1,0
21.17,54.95,293.0,152.0,0,1676.0,79.9,1,0
162.11,16.58,3182.0,3503.0,1,228.0,254.8,0,2
69.62,37.77,2416.0,1838.0,1,221.0,528.5,1,1
28.74,45.27,106.0,182.0,0,2489.0,32.4,1,0
196.52,33.22,4086.0,3202.0,1,258.0,647.8,1,2
101.32,16.95,2931.0,1881.0,0,2907.0,56.4,1,1
20.52,52.97,258.0,329.0,0,2994.0,78.6,1,0
197.24,10.77,4033.0,3447.0,1,154.0,575.6,0,2
197.88,33.29,3593.0,3555.0,1,293.0,413.4,1,2
132.01,9.57,3175.0,3351.0,1,333.0,381.0,1,2
44.85,20.22,1006.0,1219.0,0,3015.0,62.7,0,1
47.11,87.38,1854.0,274.0,0,3513.0,15.2,1,0
19.04,35.88,236.0,158.0,0,1319.0,0.6,0,0
20.15,40.74,132.0,249.0,0,3763.0,53.1,0,0
51.11,72.07,1289.0,30.0,0,2204.0,77.4,1,0
195.78,21.14,3494.0,2526.0,1,168.0,863.2,0,2
98.92,44.82,2381.0,2762.0,1,132.0,727.2,0,1
109.28,19.4,2290.0,1974.0,0,2019.0,18.3,0,1
77.46,25.21,3076.0,2148.0,0,3054.0,54.2,1,1
123.93,13.86,3869.0,3560.0,1,182.0,292.1,0,2
108.38,23.88,3311.0,2623.0,1,125.0,646.5,1,2
50.49,73.35,1168.0,201.0,0,1501.0,38.3,1,0
47.55,44.8,1533.0,858.0,0,3281.0,11.4,1,1
175.61,33.61,3144.0,2986.0,1,245.0,373.3,1,2
30.87,75.24,620.0,136.0,0,1618.0,40.1,1,0
27.49,44.9,255.0,235.0,0,3652.0,74.2,1,0
180.98,26.46,3650.0,4071.0,1,167.0,416.2,0,2
39.27,59.13,681.0,259.0,0,2706.0,73.1,1,0
79.44,24.74,1597.0,1342.0,0,3445.0,46.3,0,1
115.13,32.66,3526.0,3329.0,1,67.0,503.2,0,2
181.25,29.77,3936.0,3421.0,1,213.0,849.3,0,2
135.9,6.99,3010.0,3335.0,1,80.0,700.4,1,2
67.39,30.74,1801.0,1008.0,0,946.0,32.5,1,1
63.77,40.08,1013.0,945.0,1,330.0,526.4,1,1
79.04,54.32,1597.0,1605.0,1,135.0,347.0,0,1
86.3,14.65,3340.0,2476.0,0,3172.0,57.5,1,1
79.23,44.11,3188.0,1736.0,0,3674.0,7.9,0,1
81.33,40.57,2050.0,2801.0,0,3592.0,18.1,1,1
54.83,61.25,1757.0,96.0,0,996.0,7.7,1,0
45.18,71.38,1444.0,457.0,0,1070.0,10.0,1,0
98.52,32.74,1673.0,1898.0,1,95.0,883.0,0,1
72.57,34.88,2145.0,2748.0,0,1091.0,75.2,1,1
64.85,18.64,1958.0,2817.0,0,3732.0,14.9,1,1
70.38,10.38,2068.0,1841.0,1,154.0,618.8,1,1
28.61,86.29,736.0,182.0,0,2551.0,24.6,1,0
19.02,46.53,101.0,319.0,0,2293.0,18.4,1,0
72.0,33.07,3412.0,1792.0,0,1573.0,29.2,1,1
69.63,21.63,1190.0,1731.0,1,148.0,533.5,0,1
55.07,79.69,1202.0,206.0,0,2009.0,39.3,1,0
98.43,30.76,3098.0,3524.0,1,145.0,381.7,0,2
188.2,33.65,3248.0,3288.0,1,51.0,725.6,0,2
178.27,21.02,2930.0,3959.0,1,171.0,859.3,0,2
42.59,63.59,1697.0,481.0,0,1083.0,18.9,1,0
43.82,56.14,2039.0,343.0,0,1293.0,50.2,1,0
28.11,45.59,149.0,51.0,0,1499.0,42.8,1,0
60.66,53.4,835.0,1061.0,0,992.0,69.9,0,1
94.77,12.46,3013.0,3431.0,1,329.0,302.9,0,2
77.82,40.76,2110.0,1971.0,1,257.0,736.4,1,1
167.66,26.17,4047.0,3215.0,1,81.0,220.8,0,2
64.04,34.41,3385.0,2395.0,1,125.0,325.2,1,1
24.26,36.61,142.0,142.0,0,1960.0,31.3,1,0
23.11,63.38,94.0,270.0,0,2452.0,23.4,1,0
56.03,70.01,1127.0,101.0,0,2274.0,64.8,1,0
138.32,13.82,3327.0,3378.0,1,393.0,305.5,0,2
27.23,52.02,152.0,108.0,0,1376.0,49.3,0,0
80.49,33.09,1260.0,1165.0,0,2896.0,48.7,1,1
129.45,20.54,3119.0,3879.0,1,93.0,714.3,0,2
65.45,40.83,954.0,1820.0,0,1685.0,52.1,1,1
64.52,76.29,1345.0,11.0,0,1424.0,34.7,1,0
86.66,33.95,2413.0,817.0,0,2453.0,56.0,0,1
103.27,22.91,3145.0,4071.0,1,283.0,617.6,1,2
81.02,10.05,1966.0,2779.0,0,3597.0,74.9,0,1
19.58,49.98,46.0,274.0,0,1062.0,65.7,0,0
57.18,65.36,2146.0,482.0,0,3413.0,18.1,1,0
79.98,12.08,2820.0,1753.0,0,3623.0,39.4,1,1
81.72,18.68,3211.0,2430.0,0,2635.0,20.7,1,1
55.04,37.63,2042.0,1516.0,0,1673.0,60.7,0,1
26.18,53.48,137.0,60.0,0,968.0,45.3,0,0
33.2,71.11,890.0,73.0,0,2435.0,61.0,1,0
73.27,28.55,1721.0,1192.0,0,975.0,29.9,0,1
118.66,17.56,4040.0,4014.0,1,195.0,788.9,0,2
19.97,43.44,70.0,171.0,0,3775.0,24.8,0,0
28.13,58.12,165.0,137.0,0,3434.0,5.4,0,0
98.51,24.57,2059.0,2380.0,0,2258.0,41.3,1,1
89.55,31.8,2328.0,2534.0,1,312.0,598.8,1,1
54.74,30.56,3179.0,1670.0,0,2091.0,53.3,1,1
31.35,79.1,1356.0,307.0,0,1970.0,63.5,1,0
50.93,69.94,2129.0,160.0,0,1137.0,33.4,1,0
94.41,16.31,3752.0,3418.0,1,163.0,652.6,1,2
101.08,18.47,2329.0,2552.0,1,373.0,673.3,1,1
42.51,47.53,1045.0,1440.0,0,927.0,36.1,0,1
154.38,27.91,2893.0,3538.0,1,138.0,346.9,0,2
91.08,26.13,1782.0,1514.0,1,340.0,405.2,0,1
51.41,44.43,2211.0,1612.0,0,3022.0,14.7,0,1
138.63,19.19,3725.0,3987.0,1,155.0,596.3,0,2
65.74,36.09,1549.0,2621.0,0,1172.0,35.9,0,1
40.69,85.7,1261.0,277.0,0,2762.0,38.5,1,0
23.61,64.1,37.0,269.0,0,2958.0,50.8,1,0
28.23,36.6,249.0,378.0,0,2512.0,9.8,1,0
33.42,67.99,835.0,450.0,0,3677.0,60.4,1,0
170.67,14.07,3218.0,3983.0,1,117.0,478.7,1,2
64.0,23.86,2145.0,1801.0,1,233.0,261.8,1,1
43.12,38.16,1978.0,1653.0,0,3490.0,51.5,1,1
188.85,6.07,3599.0,3646.0,1,339.0,604.3,1,2
55.15,58.58,1983.0,379.0,0,3474.0,56.1,1,0
197.46,30.71,2943.0,3344.0,1,291.0,570.2,0,2
112.89,28.19,3779.0,2681.0,1,167.0,423.1,0,2
56.2,33.09,3441.0,2824.0,0,2079.0,47.0,1,1
54.2,36.53,2348.0,1032.0,0,1753.0,45.9,1,1
55.71,20.39,2441.0,2232.0,1,373.0,423.4,0,1
58.79,39.12,1847.0,1671.0,0,1397.0,37.6,1,1
91.54,17.1,3214.0,3305.0,1,297.0,526.0,1,2
28.11,59.48,278.0,296.0,0,2877.0,49.9,1,0
91.46,11.95,3257.0,3702.0,1,377.0,288.3,1,2
27.74,43.78,94.0,194.0,0,1791.0,63.9,0,0
60.63,37.69,1748.0,1913.0,0,1846.0,15.6,0,1
20.47,56.63,245.0,79.0,0,1020.0,34.1,1,0
55.66,48.38,1052.0,1107.0,0,2801.0,72.9,0,1
20.17,52.58,53.0,267.0,0,3117.0,0.3,1,0
60.37,50.76,1716.0,1323.0,0,2474.0,39.3,1,1
51.95,43.95,2084.0,1745.0,0,2650.0,17.1,1,1
85.98,45.83,885.0,1663.0,0,2814.0,41.0,0,1
70.25,14.39,3141.0,2900.0,1,250.0,575.7,0,1
60.11,86.62,1633.0,389.0,0,1802.0,79.2,1,0
64.4,31.15,2156.0,2888.0,1,216.0,744.4,0,1
58.03,83.23,2035.0,206.0,0,1324.0,58.2,1,0
53.96,62.56,1190.0,155.0,0,3271.0,65.0,1,0
120.82,25.6,3357.0,3508.0,1,229.0,511.1,0,2
50.99,56.31,2136.0,369.0,0,2068.0,10.7,1,0
51.82,49.57,1938.0,1785.0,1,252.0,260.3,0,1
178.12,15.7,3826.0,2657.0,1,370.0,345.9,1,2
25.78,54.71,172.0,23.0,0,1260.0,40.9,0,0
20.03,55.37,14.0,277.0,0,2501.0,28.6,0,0
39.31,71.69,1286.0,407.0,0,2667.0,5.0,1,0
60.81,86.2,1075.0,397.0,0,884.0,40.2,1,0
135.41,30.44,2944.0,3601.0,1,278.0,689.2,0,2
24.62,39.65,41.0,211.0,0,3001.0,14.6,0,0
53.85,48.02,2341.0,1261.0,0,3400.0,56.2,0,1
50.06,66.77,875.0,250.0,0,3264.0,9.4,1,0
145.39,20.29,3348.0,2631.0,1,197.0,606.3,0,2
55.02,28.68,2167.0,2893.0,0,2763.0,44.9,0,1
29.05,61.92,762.0,315.0,0,2743.0,63.8,1,0
48.48,80.99,1369.0,447.0,0,2976.0,30.1,1,0
58.54,28.47,1174.0,1266.0,0,3118.0,12.4,0,1
123.3,26.74,3701.0,2597.0,1,373.0,581.4,0,2
90.33,34.88,3850.0,3759.0,1,66.0,387.2,1,2
18.05,43.7,291.0,197.0,0,3108.0,67.4,0,0
76.8,35.16,2249.0,1796.0,0,2693.0,5.3,0,1
49.75,89.15,852.0,310.0,0,3395.0,24.7,1,0
149.6,9.41,2832.0,3564.0,1,206.0,355.4,0,2
50.19,42.55,1656.0,1079.0,0,883.0,12.7,0,1
53.12,39.44,1807.0,2902.0,0,1750.0,72.4,1,1
136.05,14.01,3081.0,4033.0,1,355.0,678.7,0,2
102.49,28.86,1671.0,2332.0,0,3480.0,18.5,0,1
109.88,22.96,3018.0,2531.0,1,238.0,776.5,1,2
57.23,37.45,1007.0,1583.0,1,120.0,549.3,0,1
89.52,23.24,2036.0,1881.0,0,2675.0,69.8,1,1
27.31,62.49,14.0,359.0,0,3134.0,43.1,1,0
48.72,78.81,1000.0,432.0,0,2132.0,64.7,1,0
21.84,50.66,24.0,49.0,0,3389.0,5.7,1,0
74.02,22.91,3150.0,2101.0,0,1123.0,44.7,1,1
80.04,46.8,2019.0,1460.0,0,2519.0,51.2,0,1
132.13,20.44,3070.0,3911.0,1,294.0,443.1,1,2
28.69,82.0,1077.0,48.0,0,2869.0,35.9,1,0
46.54,66.01,1465.0,315.0,0,3136.0,39.5,1,0
145.18,6.91,3664.0,3605.0,1,58.0,451.5,0,2
33.26,55.14,1104.0,150.0,0,1584.0,65.0,1,0
114.83,21.0,4014.0,3074.0,1,101.0,720.3,0,2
67.23,23.83,1590.0,1637.0,0,3589.0,12.6,0,1
20.74,56.08,141.0,373.0,0,2070.0,27.4,1,0
61.31,18.31,3216.0,1998.0,0,873.0,32.9,0,1
96.17,43.53,1666.0,2665.0,1,306.0,369.6,0,1
189.13,31.33,2988.0,3923.0,1,231.0,237.8,0,2
24.19,54.18,166.0,390.0,0,1365.0,68.9,0,0
22.86,61.55,234.0,248.0,0,2076.0,3.2,1,0
39.85,66.16,849.0,330.0,0,1806.0,3.6,1,0
87.32,15.36,2872.0,1845.0,0,3656.0,34.3,1,1
35.04,76.56,1048.0,236.0,0,1035.0,76.1,1,0
56.97,22.02,1163.0,1548.0,1,80.0,250.9,1,1
75.94,53.63,2411.0,999.0,1,150.0,815.8,1,1
75.26,31.28,1021.0,1243.0,0,1090.0,34.3,0,1
120.84,16.86,4088.0,4069.0,1,159.0,807.4,0,2
84.48,51.57,1262.0,1420.0,1,290.0,301.6,1,1
63.09,58.35,827.0,117.0,0,1175.0,5.5,1,0
39.62,63.4,960.0,436.0,0,2804.0,42.7,1,0
187.12,33.75,2851.0,2653.0,1,366.0,741.4,1,2
57.91,87.53,786.0,183.0,0,3797.0,62.6,1,0
68.37,44.13,2493.0,1199.0,0,1985.0,56.3,1,1
105.77,14.27,1905.0,2076.0,0,1741.0,66.6,1,1
81.42,44.48,1874.0,802.0,0,3160.0,6.5,1,1
46.68,80.49,968.0,5.0,0,3590.0,42.2,1,0
33.78,86.7,973.0,63.0,0,2132.0,47.5,1,0
42.58,31.15,855.0,1803.0,0,3708.0,52.8,0,1
51.99,84.78,1353.0,328.0,0,3667.0,13.4,1,0
37.98,63.11,1928.0,84.0,0,2268.0,11.6,1,0
162.28,9.5,3194.0,3583.0,1,77.0,453.7,0,2
19.75,43.7,293.0,386.0,0,2841.0,71.1,1,0
60.91,50.29,1719.0,1439.0,0,2227.0,11.2,0,1
41.37,71.53,1520.0,205.0,0,1171.0,17.9,1,0
81.75,41.28,2466.0,1023.0,1,120.0,422.7,1,1
78.26,47.67,1763.0,1994.0,1,272.0,351.4,1,1
65.38,19.12,1660.0,2810.0,0,1787.0,5.2,0,1
147.73,8.11,3844.0,2766.0,1,114.0,588.5,1,2
67.75,44.81,2324.0,1242.0,0,3743.0,47.3,0,1
47.82,86.07,950.0,147.0,0,2890.0,31.3,1,0
58.51,31.39,1994.0,989.0,1,271.0,605.4,0,1
38.24,71.34,1684.0,381.0,0,996.0,27.7,1,0
86.68,23.3,1844.0,947.0,0,1363.0,6.3,1,1
135.86,11.03,2874.0,3222.0,1,377.0,497.5,1,2
58.82,37.02,1390.0,1096.0,0,1139.0,9.4,1,1
52.83,45.79,1429.0,1226.0,0,2101.0,10.4,1,1
26.82,46.57,256.0,246.0,0,899.0,63.9,1,0
18.86,62.03,152.0,63.0,0,1322.0,41.3,1,0
93.35,29.19,3575.0,3920.0,1,210.0,239.3,0,2
51.53,74.85,1207.0,334.0,0,2132.0,33.9,1,0
40.78,64.22,1114.0,241.0,0,1264.0,24.9,1,0
67.54,53.16,2090.0,1432.0,0,2989.0,61.8,0,1
30.25,64.79,1696.0,1.0,0,2922.0,32.2,1,0
41.92,33.36,1090.0,1019.0,0,2778.0,45.6,1,1
52.9,34.76,2687.0,2893.0,0,2507.0,59.4,0,1
53.11,48.19,1711.0,1033.0,0,2647.0,37.9,1,1
27.23,50.69,236.0,35.0,0,2501.0,43.3,1,0
89.0,47.86,1723.0,1129.0,1,176.0,636.5,1,1
68.6,15.21,2247.0,2158.0,1,393.0,540.8,0,1
108.51,33.62,3959.0,3643.0,1,312.0,623.6,1,2
41.46,31.58,1794.0,1099.0,0,1791.0,17.6,1,1
162.83,21.66,3905.0,2566.0,1,267.0,786.5,1,2
172.37,5.25,2917.0,3891.0,1,276.0,400.1,0,2
57.78,41.19,1684.0,1642.0,1,127.0,825.7,1,1
57.58,42.69,3219.0,2655.0,1,176.0,808.4,0,1
94.17,14.15,1728.0,1600.0,0,2979.0,20.0,1,1
56.85,56.53,1704.0,439.0,0,2086.0,3.0,1,0
179.83,14.7,2914.0,3497.0,1,376.0,465.6,1,2
86.92,26.56,2191.0,1166.0,0,2070.0,50.1,0,1
77.32,54.62,1796.0,911.0,0,1860.0,40.3,0,1
58.95,42.46,1250.0,921.0,0,2044.0,37.2,0,1
46.63,79.96,613.0,80.0,0,2478.0,67.1,1,0
43.37,25.74,2100.0,1188.0,1,261.0,864.6,0,1
47.16,23.75,1411.0,1036.0,0,3510.0,57.5,0,1
96.33,37.98,2554.0,2933.0,1,172.0,721.3,0,1
47.17,74.32,2143.0,400.0,0,2231.0,25.2,1,0
28.19,59.69,276.0,239.0,0,3567.0,2.9,0,0
104.36,34.71,2072.0,2085.0,0,3102.0,69.9,0,1
58.71,44.23,1843.0,1094.0,0,856.0,78.6,0,1
21.14,54.24,19.0,326.0,0,1538.0,35.7,0,0
22.96,40.78,190.0,254.0,0,2682.0,5.1,0,0
79.43,53.39,1061.0,1243.0,1,114.0,224.7,1,1
55.06,84.45,1093.0,492.0,0,3390.0,26.7,1,0
63.73,57.08,1166.0,408.0,0,2006.0,61.7,1,0
104.62,19.79,2998.0,3730.0,1,338.0,581.9,0,2
108.14,20.73,2140.0,2775.0,0,2119.0,76.9,1,1
105.58,23.29,3012.0,1741.0,0,3184.0,10.9,1,1
21.36,54.56,265.0,42.0,0,941.0,1.7,1,0
26.78,49.0,68.0,294.0,0,3393.0,18.5,0,0
125.89,18.53,3587.0,3592.0,1,202.0,597.2,1,2
41.78,24.1,1075.0,1569.0,0,2395.0,7.2,0,1
128.23,8.62,3564.0,3850.0,1,367.0,885.1,0,2
87.48,17.08,2064.0,2990.0,1,224.0,605.9,0,1
109.89,25.44,3977.0,3077.0,1,130.0,666.8,0,2
51.47,80.67,983.0,58.0,0,3409.0,18.2,1,0
164.37,13.75,3811.0,3626.0,1,330.0,246.2,1,2
55.21,49.72,1241.0,856.0,0,1820.0,36.8,1,1
59.87,61.21,1617.0,466.0,0,3216.0,47.5,1,0
19.62,62.74,130.0,178.0,0,3107.0,3.3,1,0
25.96,50.58,239.0,325.0,0,2913.0,14.8,1,0
85.61,45.98,2325.0,1584.0,0,2805.0,38.0,0,1
28.36,57.56,55.0,287.0,0,2943.0,43.8,1,0
51.19,28.64,2381.0,813.0,0,1536.0,57.7,1,1
63.82,76.19,1504.0,416.0,0,2684.0,31.4,1,0
58.09,54.28,1988.0,974.0,0,995.0,75.9,0,1
65.44,24.56,2361.0,1860.0,0,1666.0,31.1,1,1
64.62,20.16,3461.0,2176.0,0,2657.0,37.8,0,1
69.52,24.78,2581.0,1759.0,1,88.0,218.9,0,1
83.86,12.17,2235.0,2290.0,0,2848.0,40.3,1,1
21.8,39.03,182.0,170.0,0,3549.0,9.0,1,0
25.68,42.05,107.0,312.0,0,3444.0,79.9,1,0
77.46,36.92,1606.0,1500.0,0,3570.0,57.5,1,1
28.04,58.78,781.0,250.0,0,1773.0,24.2,1,0
41.39,68.15,1395.0,197.0,0,3777.0,78.1,1,0
47.75,85.5,976.0,467.0,0,3619.0,6.0,1,0
54.52,53.87,2311.0,1033.0,1,134.0,806.4,1,1
53.76,38.76,2416.0,923.0,0,2931.0,72.3,1,1
185.79,33.19,3408.0,2678.0,1,306.0,350.5,1,2
103.33,38.01,1593.0,2163.0,1,253.0,279.9,0,1
24.55,41.63,148.0,33.0,0,3186.0,67.3,0,0
66.25,49.97,1612.0,1621.0,0,1296.0,75.1,1,1
76.42,15.94,2356.0,1906.0,0,2338.0,27.1,1,1
23.36,41.2,166.0,80.0,0,1231.0,2.6,0,0
51.58,26.6,1359.0,1236.0,0,3219.0,46.9,1,1
66.31,30.12,2018.0,1649.0,1,397.0,428.5,0,1
147.68,31.42,3037.0,3940.0,1,201.0,668.9,0,2
150.74,13.02,3808.0,3494.0,1,200.0,699.1,0,2
54.67,61.72,1699.0,351.0,0,1689.0,52.7,1,0
104.28,33.45,2775.0,2823.0,0,3613.0,1.9,0,1
144.5,10.35,3567.0,3145.0,1,101.0,523.1,1,2
49.41,76.43,1102.0,303.0,0,1454.0,11.7,1,0
27.1,54.15,127.0,376.0,0,2262.0,17.1,1,0
129.84,15.86,3816.0,2712.0,1,298.0,718.6,0,2
40.23,46.24,2144.0,1846.0,0,2205.0,37.5,0,1
62.3,16.0,2404.0,1738.0,0,3727.0,70.8,1,1
45.15,50.94,1287.0,957.0,1,148.0,868.8,0,1
40.13,37.84,1686.0,1270.0,0,987.0,44.3,1,1
22.12,51.8,20.0,395.0,0,1230.0,71.4,0,0
30.82,75.03,1642.0,121.0,0,3719.0,59.8,1,0
80.52,42.58,2459.0,2167.0,0,2198.0,34.6,1,1
97.38,22.39,1710.0,2025.0,0,2658.0,53.2,1,1
26.48,43.74,251.0,130.0,0,2333.0,31.8,0,0
26.62,42.49,2.0,329.0,0,2140.0,6.2,0,0
121.32,27.27,3596.0,3152.0,1,74.0,328.6,0,2
38.83,57.87,1873.0,214.0,0,2067.0,34.8,1,0
69.44,40.34,1165.0,1712.0,0,2074.0,9.8,1,1
176.09,27.57,3099.0,3693.0,1,135.0,706.8,1,2
22.62,61.41,100.0,232.0,0,3468.0,64.3,0,0
147.42,13.46,3540.0,2666.0,1,150.0,277.3,1,2
69.79,25.73,2235.0,1071.0,0,1199.0,0.3,0,1
50.01,88.47,1795.0,329.0,0,1132.0,53.9,1,0
44.3,67.8,857.0,288.0,0,1088.0,39.9,1,0
149.19,17.34,3952.0,3320.0,1,382.0,701.4,1,2
20.79,61.32,129.0,168.0,0,1213.0,25.8,1,0
52.19,54.91,1981.0,821.0,0,2733.0,78.8,0,1
63.99,43.98,3450.0,2060.0,1,291.0,719.2,1,1
50.38,28.42,1981.0,1727.0,0,859.0,64.4,1,1
184.97,31.7,3350.0,3883.0,1,256.0,701.1,1,2
83.9,42.69,1594.0,1374.0,0,828.0,48.4,0,1
127.88,17.24,3845.0,3576.0,1,234.0,825.8,1,2
24.33,55.08,290.0,157.0,0,3424.0,10.4,0,0
28.76,73.38,1768.0,416.0,0,3052.0,8.8,1,0
60.0,50.45,1023.0,1976.0,0,2135.0,72.6,1,1
66.39,30.72,1254.0,1384.0,1,319.0,668.8,1,1
108.86,23.39,2802.0,2566.0,0,1462.0,38.4,0,1
173.68,16.26,3657.0,3468.0,1,367.0,286.6,1,2
73.69,15.06,2058.0,2188.0,0,3592.0,65.1,1,1
81.95,29.64,1570.0,1408.0,0,1744.0,33.2,1,1
62.52,70.49,648.0,435.0,0,3792.0,11.3,1,0
23.93,36.71,222.0,271.0,0,2984.0,77.9,0,0
127.44,33.93,3436.0,3919.0,1,183.0,630.8,1,2
54.06,57.1,1444.0,492.0,0,823.0,12.3,1,0
139.56,27.62,2940.0,2775.0,1,370.0,528.2,1,2
19.12,44.41,217.0,221.0,0,1975.0,69.3,1,0
82.79,17.96,3040.0,2789.0,0,929.0,46.2,0,1
192.76,27.02,3363.0,3785.0,1,107.0,661.2,0,2
62.97,80.8,2152.0,362.0,0,2732.0,50.4,1,0
185.22,13.92,3550.0,3042.0,1,85.0,247.5,0,2
197.32,6.03,3206.0,3309.0,1,103.0,738.0,1,2
24.25,47.05,9.0,140.0,0,1200.0,13.9,1,0
29.31,55.33,163.0,175.0,0,3506.0,51.9,0,0
36.3,79.37,1996.0,62.0,0,2444.0,23.6,1,0
84.76,41.17,2433.0,2849.0,0,2484.0,6.1,0,1
150.27,33.13,3165.0,3095.0,1,204.0,434.4,0,2
18.23,35.11,48.0,254.0,0,3532.0,65.2,0,0
60.21,58.43,1884.0,50.0,0,3759.0,39.4,1,0
34.06,81.13,672.0,315.0,0,1141.0,71.4,1,0
67.07,40.48,2030.0,955.0,0,2754.0,35.1,0,1
95.51,15.08,3294.0,1789.0,1,229.0,290.9,1,1
197.16,18.33,3734.0,2504.0,1,373.0,527.0,0,2
106.35,15.75,3399.0,2270.0,0,2149.0,71.9,0,1
117.21,14.31,3535.0,3707.0,1,294.0,474.2,0,2
109.14,41.68,3457.0,1747.0,1,176.0,294.9,1,1
23.54,54.0,200.0,332.0,0,2563.0,53.7,1,0
73.29,37.62,1696.0,1208.0,0,1363.0,10.1,1,1
81.4,37.48,2990.0,1569.0,0,1855.0,64.8,1,1
52.26,76.98,2175.0,105.0,0,3265.0,39.1,1,0
22.87,41.82,239.0,275.0,0,1064.0,1.5,1,0
100.75,26.93,2411.0,1973.0,0,949.0,42.2,0,1
55.02,30.53,2267.0,2345.0,1,110.0,869.1,0,1
66.56,41.92,2007.0,2516.0,1,341.0,362.1,1,1
79.25,30.92,1330.0,1587.0,1,115.0,430.0,1,1
106.42,40.19,2297.0,1666.0,0,3691.0,15.0,0,1
46.01,43.35,1599.0,1459.0,0,2897.0,27.2,0,1
100.86,29.51,3414.0,1521.0,0,1335.0,29.1,0,1
18.77,62.07,262.0,321.0,0,2788.0,37.4,1,0
137.23,8.55,3859.0,3255.0,1,378.0,526.9,0,2
18.08,45.86,102.0,276.0,0,3736.0,75.3,1,0
59.34,76.54,1395.0,332.0,0,3265.0,1.7,1,0
27.16,47.2,197.0,163.0,0,1699.0,33.1,0,0
40.75,56.51,2106.0,162.0,0,3717.0,71.8,1,0
79.15,20.3,1714.0,1519.0,0,3119.0,16.8,0,1
58.8,38.14,1114.0,1919.0,1,162.0,530.4,0,1
22.47,51.96,241.0,75.0,0,1647.0,73.9,0,0
24.21,63.18,231.0,294.0,0,2647.0,45.4,0,0
18.81,40.33,196.0,127.0,0,2695.0,77.5,1,0
105.11,44.1,1939.0,2412.0,0,2873.0,44.7,0,1
97.71,44.92,1762.0,1567.0,1,141.0,384.7,1,1
84.87,34.66,2569.0,2583.0,1,231.0,469.8,0,1
61.64,31.69,2040.0,1981.0,0,827.0,46.1,0,1
97.76,32.57,4084.0,3849.0,1,150.0,537.4,0,2
50.41,31.16,1988.0,2377.0,0,1638.0,13.2,1,1
47.75,25.09,830.0,1258.0,1,65.0,586.1,0,1
177.03,15.83,3893.0,3196.0,1,60.0,866.4,1,2
79.89,29.98,1297.0,1600.0,1,180.0,599.5,0,1
105.48,40.28,3192.0,1959.0,0,3781.0,6.1,1,1
139.9,26.22,3393.0,2596.0,1,360.0,759.3,1,2
56.2,80.66,1120.0,494.0,0,2695.0,36.7,1,0
99.58,35.45,3307.0,2469.0,0,3704.0,19.5,0,1
105.82,30.86,2721.0,2600.0,1,114.0,842.5,0,1
28.04,55.88,294.0,182.0,0,3240.0,36.0,1,0
120.52,29.01,3112.0,3228.0,1,99.0,553.6,0,2
33.74,86.61,1887.0,495.0,0,1967.0,5.5,1,0
77.08,29.45,1523.0,1665.0,0,3661.0,36.1,0,1
83.94,24.01,1141.0,1233.0,1,286.0,816.5,0,1
181.1,29.54,3846.0,3079.0,1,222.0,553.8,0,2
66.55,10.81,3357.0,2574.0,1,274.0,492.1,1,1
105.58,9.17,3157.0,3848.0,1,211.0,727.6,0,2
79.49,30.42,1183.0,1983.0,0,2074.0,39.1,0,1
30.74,78.38,919.0,112.0,0,1005.0,27.5,1,0
176.84,16.38,3362.0,2935.0,1,73.0,466.1,1,2
176.55,27.48,2978.0,3929.0,1,364.0,200.9,1,2
63.82,85.49,1010.0,385.0,0,2551.0,26.2,1,0
50.8,64.99,1907.0,497.0,0,1201.0,63.3,1,0
29.34,54.68,73.0,201.0,0,821.0,65.0,1,0
28.1,45.01,48.0,368.0,0,1002.0,26.8,1,0
100.98,12.05,3927.0,2984.0,1,177.0,580.5,1,2
26.19,40.17,82.0,225.0,0,1145.0,68.3,1,0
77.2,43.8,1967.0,1987.0,0,2141.0,51.0,0,1
110.64,23.02,3237.0,3158.0,1,223.0,851.4,1,2
174.65,34.71,3170.0,3548.0,1,217.0,752.4,0,2
78.64,43.92,1283.0,837.0,1,147.0,897.2,0,1
27.6,57.68,54.0,81.0,0,2723.0,52.6,1,0
98.61,8.67,3440.0,3920.0,1,79.0,352.5,0,2
18.75,52.2,41.0,103.0,0,2678.0,12.8,1,0
23.99,41.43,94.0,298.0,0,2008.0,3.1,1,0
76.28,48.46,978.0,1560.0,0,2134.0,36.9,0,1
92.01,12.33,2447.0,1543.0,0,2871.0,34.6,0,1
66.06,42.67,2219.0,1757.0,0,2417.0,45.9,1,1
22.7,36.35,195.0,249.0,0,3012.0,79.7,1,0
156.98,29.97,3526.0,3764.0,1,139.0,674.2,0,2
49.43,78.44,1234.0,443.0,0,1572.0,1.3,1,0
45.55,71.29,1806.0,198.0,0,3129.0,6.3,1,0
24.52,55.84,32.0,351.0,0,1908.0,18.0,0,0
123.67,32.38,3561.0,3461.0,1,63.0,804.9,0,2
28.35,58.3,609.0,61.0,0,998.0,12.5,1,0
54.12,65.62,2129.0,492.0,0,1887.0,64.3,1,0
70.46,45.35,1911.0,1226.0,0,943.0,24.8,0,1
179.02,14.36,3833.0,2708.0,1,312.0,867.8,0,2
34.54,74.66,2184.0,66.0,0,2735.0,74.9,1,0
75.49,38.23,3294.0,2357.0,1,210.0,324.6,0,1
97.86,32.11,2738.0,2077.0,1,309.0,674.6,1,1
25.29,53.6,209.0,341.0,0,1058.0,4.4,0,0
173.4,26.38,3251.0,3940.0,1,189.0,767.6,0,2
40.49,49.71,2341.0,983.0,0,2711.0,79.1,0,1
72.83,21.81,1885.0,1701.0,0,2827.0,37.8,0,1
29.08,35.35,206.0,18.0,0,1996.0,14.9,1,0
21.57,38.51,272.0,70.0,0,2612.0,27.7,1,0
23.98,43.51,180.0,234.0,0,3482.0,17.1,1,0
187.83,32.41,4026.0,3414.0,1,182.0,841.9,1,2
52.98,77.81,1786.0,192.0,0,1218.0,11.7,1,0
81.91,23.28,1819.0,1366.0,1,92.0,890.1,1,1
21.92,36.94,4.0,272.0,0,3072.0,78.1,1,0
90.56,41.7,1588.0,2672.0,1,282.0,518.7,1,1
44.08,67.1,1213.0,476.0,0,2863.0,32.3,1,0
62.63,36.01,3358.0,1945.0,0,3184.0,66.0,1,1
83.56,47.57,2425.0,1730.0,1,223.0,787.8,0,1
60.09,37.54,2344.0,1996.0,0,1920.0,47.2,0,1
132.95,12.36,3617.0,3054.0,1,239.0,491.3,1,2
38.97,72.14,1759.0,444.0,0,1086.0,33.9,1,0
48.84,38.82,1824.0,1725.0,0,3037.0,67.9,1,1
18.54,40.28,195.0,83.0,0,3747.0,22.7,1,0
164.61,27.45,3798.0,2835.0,1,193.0,217.1,0,2
57.57,25.45,2380.0,1234.0,1,208.0,630.8,0,1
25.09,41.74,194.0,350.0,0,1285.0,7.0,1,0
84.75,52.62,1671.0,1086.0,0,2437.0,65.7,1,1
41.54,61.04,1185.0,402.0,0,3143.0,53.7,1,0
162.55,24.76,3175.0,2832.0,1,257.0,342.1,1,2
25.65,58.95,121.0,350.0,0,1771.0,55.5,1,0
27.71,44.14,273.0,15.0,0,2611.0,37.2,1,0
136.88,33.62,3284.0,2852.0,1,250.0,205.1,0,2
53.26,19.0,3396.0,2733.0,0,3340.0,23.8,0,1
59.21,25.45,2869.0,1682.0,1,310.0,417.0,0,1
59.24,60.87,1640.0,465.0,0,2491.0,23.7,1,0
146.57,22.11,3497.0,4076.0,1,143.0,871.4,1,2
96.54,27.0,3030.0,2724.0,1,253.0,479.9,0,2
58.4,88.61,2140.0,416.0,0,1751.0,1.4,1,0
62.82,39.07,1819.0,1921.0,1,94.0,819.8,1,1
29.02,40.21,243.0,169.0,0,1985.0,63.9,1,0
110.47,31.76,3878.0,3157.0,1,298.0,304.0,0,2
27.28,50.17,235.0,152.0,0,2170.0,46.9,1,0
25.4,50.38,224.0,99.0,0,1562.0,64.3,1,0
54.44,86.32,2193.0,378.0,0,2902.0,33.7,1,0
38.88,74.6,1206.0,234.0,0,1771.0,78.0,1,0
143.46,10.83,3222.0,3051.0,1,169.0,419.9,0,2
91.66,25.17,3179.0,2605.0,0,3596.0,61.0,1,1
169.49,25.51,3140.0,2938.0,1,148.0,476.2,0,2
110.54,28.06,3742.0,3257.0,1,219.0,589.4,1,2
27.97,37.16,45.0,70.0,0,3432.0,45.8,0,0
38.59,87.25,1511.0,415.0,0,2824.0,57.5,1,0
183.46,12.73,3982.0,3309.0,1,174.0,721.0,0,2
77.9,40.84,1629.0,1684.0,0,1816.0,23.0,0,1
25.33,37.66,94.0,117.0,0,1756.0,5.3,1,0
69.14,38.48,1864.0,2371.0,0,2373.0,62.3,1,1
183.89,26.65,2993.0,2548.0,1,344.0,561.4,0,2
29.66,64.94,177.0,236.0,0,1440.0,12.5,0,0
60.61,13.02,3134.0,2998.0,1,194.0,264.9,1,1
103.74,28.93,3711.0,4063.0,1,293.0,356.5,1,2
57.51,36.48,1584.0,2425.0,1,374.0,802.5,0,1
50.44,79.52,1181.0,146.0,0,3198.0,48.3,1,0
83.83,52.42,1714.0,1567.0,0,3490.0,49.4,1,1
98.21,42.44,2326.0,2450.0,1,100.0,317.3,0,1
29.72,49.58,275.0,99.0,0,2060.0,37.0,0,0
54.83,57.12,1476.0,63.0,0,1511.0,15.5,1,0
21.09,64.43,271.0,223.0,0,1484.0,31.0,0,0
56.75,32.22,2161.0,1783.0,1,355.0,282.4,1,1
98.52,35.44,2399.0,2067.0,1,338.0,751.1,0,1
28.08,77.34,2066.0,334.0,0,3363.0,0.8,1,0
70.64,16.69,3429.0,1576.0,1,138.0,676.5,0,1
34.69,61.11,1895.0,407.0,0,2134.0,65.8,1,0
53.83,28.31,1848.0,2027.0,1,73.0,881.3,0,1
54.6,84.95,984.0,464.0,0,3347.0,51.0,1,0
113.12,32.38,3642.0,3263.0,1,236.0,680.4,1,2
53.03,87.11,2194.0,391.0,0,2680.0,2.2,1,0
95.3,33.03,2089.0,2067.0,0,942.0,61.7,0,1
98.26,38.02,2043.0,2664.0,1,323.0,743.7,1,1
83.33,24.19,2466.0,1053.0,0,2206.0,4.2,1,1
31.89,70.76,1544.0,53.0,0,811.0,20.5,1,0
87.82,11.08,1513.0,1528.0,1,325.0,386.1,1,1
117.31,31.04,3881.0,2913.0,1,56.0,230.8,0,2
121.72,16.35,3204.0,3740.0,1,368.0,468.1,1,2
106.36,44.49,1994.0,2180.0,1,348.0,457.7,0,1
70.7,50.33,1285.0,1374.0,0,3391.0,75.7,0,1
94.4,29.38,2486.0,1791.0,1,273.0,899.2,1,1
102.95,11.62,2716.0,1561.0,0,3325.0,47.7,1,1
51.0,44.13,3394.0,2131.0,1,104.0,858.4,0,1
94.2,23.23,3434.0,3639.0,1,360.0,888.0,0,2
64.79,23.53,1569.0,2069.0,1,271.0,529.6,0,1
80.13,54.64,1550.0,1412.0,0,2067.0,64.3,0,1
68.67,16.45,3418.0,2272.0,0,3594.0,45.3,0,1
63.75,18.66,2893.0,1697.0,0,1859.0,3.3,0,1
166.12,8.34,3356.0,3983.0,1,188.0,546.7,0,2
59.61,20.35,2356.0,2918.0,0,997.0,19.2,1,1
57.68,48.13,1372.0,1198.0,0,2178.0,56.5,1,1
98.95,32.01,2286.0,1743.0,0,1448.0,30.6,0,1
24.48,64.36,264.0,73.0,0,3744.0,70.3,1,0
79.24,23.43,1912.0,2195.0,0,2321.0,52.6,1,1
71.15,23.31,994.0,1639.0,0,1654.0,12.9,1,1
24.2,36.57,119.0,266.0,0,1208.0,73.7,0,0
105.76,22.0,1980.0,2502.0,0,912.0,48.6,0,1
28.92,63.9,265.0,14.0,0,1335.0,51.7,1,0
20.88,49.68,236.0,187.0,0,2593.0,29.1,1,0
98.28,14.09,4048.0,2501.0,1,54.0,555.9,1,2
198.84,12.73,3769.0,3670.0,1,161.0,815.0,0,2
102.25,5.89,3306.0,2948.0,1,170.0,678.6,0,2
27.75,37.08,247.0,94.0,0,2525.0,71.6,0,0
90.48,42.13,2122.0,2516.0,0,952.0,0.3,0,1
80.09,39.92,2066.0,1540.0,0,1470.0,7.7,0,1
20.93,42.2,52.0,309.0,0,3438.0,9.3,1,0
56.72,73.37,1999.0,233.0,0,3006.0,48.0,1,0
60.49,60.58,1545.0,164.0,0,2452.0,32.2,1,0
20.89,51.55,43.0,254.0,0,2374.0,33.0,0,0
190.66,18.43,2871.0,2762.0,1,231.0,467.1,1,2
81.75,19.51,2738.0,2136.0,0,2663.0,19.6,0,1
57.8,21.5,1612.0,1039.0,1,143.0,204.1,0,1
101.18,38.59,1668.0,2008.0,0,2341.0,39.0,0,1
29.5,57.84,1956.0,6.0,0,1480.0,37.1,1,0
92.97,25.14,1820.0,2547.0,0,2252.0,29.9,0,1
67.97,33.38,1495.0,1403.0,0,2770.0,63.4,1,1
21.28,53.65,118.0,228.0,0,2092.0,4.0,0,0
29.29,47.8,21.0,373.0,0,3385.0,67.7,1,0
23.66,61.95,21.0,217.0,0,3001.0,40.3,1,0
45.25,71.19,1165.0,55.0,0,1139.0,5.3,1,0
195.41,26.4,3943.0,2807.0,1,62.0,261.1,0,2
113.69,21.63,3947.0,3603.0,1,288.0,829.3,0,2
125.54,25.23,3676.0,3440.0,1,133.0,551.0,1,2
34.49,71.79,1389.0,409.0,0,2364.0,79.4,1,0
45.65,24.14,1408.0,1684.0,0,836.0,4.6,0,1
21.46,43.62,78.0,43.0,0,1428.0,66.2,1,0
86.65,44.79,1388.0,1666.0,0,1926.0,75.2,0,1
21.78,35.72,248.0,9.0,0,2970.0,76.0,1,0
58.54,38.08,2291.0,1721.0,1,286.0,792.3,1,1
21.04,44.0,244.0,333.0,0,2317.0,35.5,1,0
151.76,20.83,3038.0,2987.0,1,326.0,778.9,1,2
19.51,37.19,3.0,180.0,0,1706.0,67.5,0,0
105.71,34.8,1872.0,1941.0,0,2539.0,7.1,0,1
102.37,41.69,1909.0,1862.0,0,1360.0,6.7,1,1
37.18,89.94,1865.0,291.0,0,1569.0,22.5,1,0
91.08,44.24,2969.0,2770.0,0,1029.0,17.2,0,1
53.09,49.86,1948.0,1045.0,0,2861.0,77.4,0,1
23.81,40.88,99.0,250.0,0,3166.0,51.7,1,0
167.15,30.41,3197.0,3739.0,1,284.0,713.4,0,2
47.02,66.2,666.0,237.0,0,2573.0,10.9,1,0
60.44,26.57,1932.0,820.0,0,1071.0,17.5,1,1
96.2,26.28,1726.0,2901.0,0,3698.0,70.0,1,1
101.55,40.44,2825.0,2376.0,0,1868.0,63.7,0,1
89.85,52.87,1679.0,1963.0,1,252.0,637.2,1,1
66.73,32.38,1732.0,1599.0,0,1240.0,74.9,1,1
21.47,55.86,8.0,355.0,0,3329.0,34.0,1,0
102.09,20.17,3465.0,4003.0,1,227.0,635.5,1,2
47.05,47.95,1639.0,1675.0,0,1190.0,28.9,1,1
37.37,80.62,1287.0,256.0,0,2634.0,51.3,1,0
78.49,51.1,1979.0,1379.0,0,3456.0,47.2,0,1
66.25,39.83,932.0,849.0,0,3092.0,62.2,1,1
42.78,76.51,2008.0,18.0,0,1401.0,8.6,1,0
25.56,62.1,5.0,361.0,0,3369.0,55.9,0,0
62.8,19.73,2608.0,1776.0,0,863.0,52.7,1,1
183.35,23.16,3536.0,2786.0,1,127.0,627.2,1,2
38.0,58.18,2088.0,330.0,0,3517.0,9.6,1,0
169.69,5.28,3696.0,3596.0,1,399.0,547.9,0,2
188.93,34.56,2837.0,3595.0,1,370.0,423.7,1,2
182.7,22.73,3692.0,2624.0,1,192.0,779.6,0,2
29.62,38.99,81.0,58.0,0,2057.0,8.6,0,0
20.32,64.91,228.0,83.0,0,3528.0,74.0,0,0
85.53,25.06,1419.0,880.0,0,1576.0,74.5,0,1
86.5,39.29,2452.0,1614.0,0,1565.0,71.3,0,1
21.91,45.9,15.0,236.0,0,2163.0,30.6,0,0
50.36,24.32,1871.0,1261.0,0,2035.0,57.3,0,1
51.89,15.95,2677.0,1988.0,0,2534.0,4.2,1,1
49.51,63.94,1285.0,269.0,0,3636.0,14.3,1,0
137.38,26.71,3196.0,3509.0,1,315.0,377.9,0,2
19.9,59.79,250.0,354.0,0,2362.0,70.1,1,0
49.6,70.82,1111.0,467.0,0,3154.0,53.5,1,0
100.7,11.54,3420.0,2995.0,1,90.0,447.8,0,1
47.72,84.12,1945.0,335.0,0,2163.0,66.0,1,0
87.47,40.51,2511.0,2220.0,1,374.0,844.7,1,1
71.02,26.73,2392.0,1650.0,0,3435.0,50.9,1,1
20.16,57.59,4.0,327.0,0,3130.0,73.5,1,0
57.62,35.66,1735.0,1770.0,0,1082.0,59.0,1,1
43.48,71.99,1315.0,242.0,0,3010.0,51.8,1,0
137.48,29.39,4037.0,2558.0,1,267.0,666.5,1,2
28.6,65.27,1560.0,369.0,0,2590.0,79.6,1,0
86.5,21.57,1024.0,1974.0,0,1353.0,56.3,0,1
54.25,81.61,1472.0,290.0,0,1500.0,68.5,1,0
79.92,34.97,2119.0,1604.0,0,3544.0,19.6,0,1
64.02,63.62,1725.0,8.0,0,3089.0,51.5,1,0
59.77,74.03,1861.0,37.0,0,3663.0,6.3,1,0
24.45,50.78,270.0,79.0,0,1189.0,68.0,1,0
47.45,38.68,1485.0,1206.0,0,999.0,30.7,0,1
49.62,64.84,1346.0,460.0,0,3115.0,78.6,1,0
96.09,42.86,2403.0,2310.0,1,272.0,263.6,1,1
20.84,41.56,60.0,192.0,0,2676.0,66.1,1,0
83.55,40.19,1767.0,1503.0,1,321.0,459.7,1,1
66.32,35.13,2403.0,905.0,0,2685.0,60.6,0,1
175.34,8.63,3643.0,3285.0,1,121.0,625.8,0,2
19.05,60.89,94.0,378.0,0,3081.0,62.1,0,0
28.09,53.78,58.0,306.0,0,2250.0,3.3,0,0
57.18,87.12,1474.0,280.0,0,1003.0,55.5,1,0
61.69,15.3,2029.0,1656.0,0,1009.0,16.5,0,1
34.78,69.3,1719.0,350.0,0,869.0,1.8,1,0
65.11,21.94,3317.0,2683.0,0,1468.0,73.0,1,1
79.7,36.17,2118.0,1648.0,1,245.0,535.3,0,1
68.25,34.01,2478.0,2219.0,0,3009.0,44.2,1,1
103.62,11.91,1896.0,2228.0,1,241.0,251.5,0,1
84.21,43.58,2650.0,2209.0,0,2235.0,60.6,1,1
